Iteration No,Coverage,No of connected components,Simulation time,No of drone failed,Network efficiency,Avg Energy (J),Min Energy (J)
1,62,3,0,0,0.4808,124968.01,124968.01
1,62,2,1,0,0.4808,124936.01,124936.01
1,58.5,3,2,0,0.4629,124695.6,122402.97
1,58.5,2,3,0,0.4629,124663.6,122370.97
1,58.5,2,4,0,0.4629,124628.94,122338.98
1,58.5,2,5,0,0.4629,124596.95,122306.98
1,61,3,6,0,0.3396,124356.53,122274.99
1,61,3,7,0,0.3396,124324.54,122242.99
1,52.5,4,8,0,0.2475,124084.12,122211
1,52.5,4,9,0,0.2475,124052.13,122179
1,68.5,3,10,0,0.3023,123843.7,119677.95
1,68.5,3,11,0,0.3023,123811.71,119645.96
1,68.5,3,12,0,0.3023,123574.83,117155.37
1,68.5,4,13,0,0.3023,123542.84,117123.38
1,68.5,3,14,0,0.3023,123508.18,117059.39
1,68.5,3,15,0,0.3023,123476.18,117027.4
1,0,3,16,0,0.2525,123235.77,116995.4
1,0,3,17,0,0.2525,123203.77,116963.41
1,0,3,18,0,0.2525,123169.11,116931.41
1,0,3,19,0,0.2525,123137.12,116899.42
1,0,3,20,0,0.2525,122978.34,116899.42
1,0,3,21,0,0.2525,122946.35,116867.42
1,0,2,22,0,0.3394,122705.93,116835.43
1,0,3,23,0,0.3394,122673.94,116803.43
1,0,2,24,0,0.3394,122639.28,116739.44
1,0,2,25,0,0.3394,122607.28,116707.45
1,0,2,26,0,0.3394,122366.87,116675.46
1,0,2,27,0,0.3394,122334.87,116643.46
1,0,2,28,0,0.3394,122233,116611.47
1,0,2,29,0,0.3394,122201,116579.47
1,14.000000000000002,3,30,0,0.3394,122063.91,116579.47
1,14.000000000000002,4,31,0,0.3394,122031.92,116547.48
1,19,4,32,0,0.2904,121791.5,116515.48
1,19,3,33,0,0.2904,121759.51,116483.49
1,19,3,34,0,0.2904,121633.78,116451.49
1,19,3,35,0,0.2904,121601.78,116419.5
1,17,2,36,0,0.3699,121361.37,116387.5
1,17,2,37,0,0.3699,121329.37,116355.51
1,17,2,38,0,0.3699,121088.96,116323.52
1,17,2,39,0,0.3699,121056.96,116291.52
1,13.5,4,40,0,0.2475,120848.54,116291.52
1,13.5,4,41,0,0.2475,120816.55,116259.53
1,14.000000000000002,4,42,0,0.2475,120576.13,116227.53
1,14.000000000000002,4,43,0,0.2475,120544.14,116195.54
1,11.5,4,44,0,0.2475,120375.05,116163.54
1,11.5,4,45,0,0.2475,120343.05,116131.55
2,38.5,4,0,0,0.3005,124968.01,124968.01
2,38.5,4,1,0,0.3005,124936.01,124936.01
2,38.5,4,2,0,0.3005,124901.35,124872.02
2,38.5,4,3,0,0.3005,124869.36,124840.03
2,33.5,3,4,0,0.3295,124628.94,122338.98
2,33.5,3,5,0,0.3295,124596.95,122306.98
2,33.5,3,6,0,0.3295,124495.07,122274.99
2,33.5,3,7,0,0.3295,124463.08,122242.99
2,46.5,2,8,0,0.375,124222.66,122211
2,46.5,2,9,0,0.375,124190.67,122179
2,36,3,10,0,0.3598,123982.25,121340.45
2,36,2,11,0,0.3598,123950.25,121308.46
2,36,3,12,0,0.3598,123709.84,118775.41
2,36,2,13,0,0.3598,123677.84,118743.42
2,35,3,14,0,0.3295,123437.43,118711.42
2,35,4,15,0,0.3295,123405.43,118679.43
2,10.5,3,16,0,0.3295,123303.56,118647.43
2,10.5,3,17,0,0.3295,123271.56,118615.44
2,7.5,5,18,0,0.2273,123031.15,118583.44
2,7.5,4,19,0,0.2273,122999.15,118551.45
2,4.5,4,20,0,0.2197,122790.73,118551.45
2,4.5,4,21,0,0.2197,122758.74,118519.45
2,6.5,5,22,0,0.1591,122518.32,118487.46
2,6.5,5,23,0,0.1591,122486.33,118455.47
2,5.5,5,24,0,0.1591,122451.67,118423.47
2,5.5,5,25,0,0.1591,122419.67,118391.48
2,7.000000000000001,6,26,0,0.1591,122179.26,118359.48
2,7.000000000000001,6,27,0,0.1591,122147.26,118327.49
2,8,5,28,0,0.1591,122112.6,118263.5
2,8,5,29,0,0.1591,122080.61,118231.5
2,44,6,30,0,0.1591,122077.94,118231.5
2,44,5,31,0,0.1591,122045.95,118199.51
2,31.5,4,32,0,0.1818,121805.53,116505.02
2,31.5,4,33,0,0.1818,121773.54,116473.02
2,37,6,34,0,0.1591,121533.12,116441.03
2,37,6,35,0,0.1591,121501.13,116409.03
2,37,5,36,0,0.1591,121466.46,116377.04
2,37,5,37,0,0.1591,121434.47,116345.04
2,40,5,38,0,0.1591,121194.05,116313.05
2,40,5,39,0,0.1591,121162.06,116281.06
2,36.5,5,40,0,0.1591,121024.97,116281.06
2,36.5,5,41,0,0.1591,120992.97,116249.06
2,36.5,5,42,0,0.1591,120958.31,116217.07
2,36.5,5,43,0,0.1591,120926.32,116185.07
2,37,5,44,0,0.1591,120685.9,116153.08
2,37,5,45,0,0.1591,120653.91,116121.08
3,39,4,0,0,0.298,124968.01,124968.01
3,39,4,1,0,0.298,124936.01,124936.01
3,37.5,3,2,0,0.3409,124695.6,122402.97
3,37.5,4,3,0,0.3409,124663.6,122370.97
3,35.5,3,4,0,0.3409,124561.73,122338.98
3,35.5,3,5,0,0.3409,124529.73,122306.98
3,39.5,3,6,0,0.3409,124289.32,122274.99
3,39.5,3,7,0,0.3409,124257.32,122242.99
3,40,4,8,0,0.3409,124222.66,122179
3,40,3,9,0,0.3409,124190.67,122147.01
3,35,4,10,0,0.2045,123982.25,121340.45
3,35,4,11,0,0.2045,123950.25,121308.46
3,40,3,12,0,0.2854,123709.84,118775.41
3,40,3,13,0,0.2854,123677.84,118743.42
3,32,4,14,0,0.2854,123526.73,118711.42
3,32,3,15,0,0.2854,123494.74,118679.43
3,23.5,4,16,0,0.1881,123254.32,116146.38
3,23.5,4,17,0,0.1881,123222.33,116114.39
3,21.5,5,18,0,0.1881,123068.5,116082.39
3,21.5,4,19,0,0.1881,123036.51,116050.4
3,21.5,4,20,0,0.1881,123033.84,116050.4
3,21.5,4,21,0,0.1881,123001.85,116018.4
3,19.5,5,22,0,0.1881,122967.19,115986.41
3,19.5,4,23,0,0.1881,122935.19,115954.42
3,19.5,4,24,0,0.1806,122694.78,115922.42
3,19.5,6,25,0,0.1806,122662.78,115890.43
3,19.5,4,26,0,0.1806,122628.12,115858.43
3,19.5,4,27,0,0.1806,122596.13,115826.44
3,21,4,28,0,0.1806,122494.25,115794.44
3,21,5,29,0,0.1806,122462.26,115762.45
3,21,4,30,0,0.1806,122459.59,115762.45
3,21,5,31,0,0.1806,122427.6,115730.45
3,38.5,4,32,0,0.1806,122325.73,115698.46
3,38.5,4,33,0,0.1806,122293.73,115666.46
3,38.5,5,34,0,0.1806,122259.07,115634.47
3,38.5,4,35,0,0.1806,122227.08,115602.47
3,36,4,36,0,0.1806,122057.99,115570.48
3,36,4,37,0,0.1806,122025.99,115538.49
3,20.5,4,38,0,0.1806,121785.58,115506.49
3,20.5,4,39,0,0.1806,121753.58,115474.5
3,28.499999999999996,4,40,0,0.2475,121545.16,115474.5
3,28.499999999999996,4,41,0,0.2475,121513.17,115442.5
3,28.000000000000004,4,42,0,0.2475,121411.29,115410.51
3,28.000000000000004,5,43,0,0.2475,121379.3,115378.51
3,28.000000000000004,4,44,0,0.2828,121138.88,115346.52
3,28.000000000000004,4,45,0,0.2828,121106.89,115314.52
4,41,4,0,0,0.2682,124968.01,124968.01
4,41,4,1,0,0.2682,124936.01,124936.01
4,37,4,2,0,0.2682,124695.6,122402.97
4,37,5,3,0,0.2682,124663.6,122370.97
4,37.5,4,4,0,0.2682,124561.73,122338.98
4,37.5,4,5,0,0.2682,124529.73,122306.98
4,36,4,6,0,0.2548,124289.32,121436.43
4,36,4,7,0,0.2548,124257.32,121404.44
4,41,4,8,0,0.2803,124016.91,121372.45
4,41,4,9,0,0.2803,123984.91,121340.45
4,41,4,10,0,0.2803,123982.25,121340.45
4,41,4,11,0,0.2803,123950.25,121308.46
4,37,5,12,0,0.1919,123709.84,119613.96
4,37,5,13,0,0.1919,123677.84,119581.97
4,35.5,4,14,0,0.3644,123437.43,119549.98
4,35.5,2,15,0,0.3644,123405.43,119517.98
4,35.5,3,16,0,0.3644,123370.77,119485.99
4,35.5,2,17,0,0.3644,123338.78,119453.99
4,56.49999999999999,6,18,0,0.2795,123098.36,119422
4,56.49999999999999,4,19,0,0.2795,123066.37,119390
4,47.5,3,20,0,0.2955,122857.94,119390
4,47.5,3,21,0,0.2955,122825.95,119358.01
4,47.5,3,22,0,0.2955,122791.29,119326.01
4,47.5,4,23,0,0.2955,122759.29,119294.02
4,54,4,24,0,0.3194,122518.88,119230.03
4,54,4,25,0,0.3194,122486.88,119198.04
4,33.5,3,26,0,0.3056,122246.47,119166.04
4,33.5,3,27,0,0.3056,122214.47,119134.05
4,33.5,4,28,0,0.3056,121974.06,116601
4,33.5,4,29,0,0.3056,121942.06,116569.01
4,21,3,30,0,0.2879,121733.64,116569.01
4,21,4,31,0,0.2879,121701.65,116537.01
4,10,3,32,0,0.2879,121532.56,116505.02
4,10,3,33,0,0.2879,121500.57,116473.02
4,23,4,34,0,0.1894,121260.15,116441.03
4,23,4,35,0,0.1894,121228.16,116409.03
4,23,4,36,0,0.1894,121088.35,116377.04
4,23,4,37,0,0.1894,121056.35,116345.04
4,9.5,5,38,0,0.1894,120815.94,116313.05
4,9.5,4,39,0,0.1894,120783.94,116281.06
4,21.5,4,40,0,0.1894,120575.52,116281.06
4,21.5,5,41,0,0.1894,120543.53,116249.06
4,21.5,5,42,0,0.1894,120508.86,116217.07
4,21.5,5,43,0,0.1894,120476.87,116185.07
4,23.5,4,44,0,0.1894,120307.78,116153.08
4,23.5,5,45,0,0.1894,120275.79,116121.08
5,45,6,0,0,0.1136,124968.01,124968.01
5,45,7,1,0,0.1136,124936.01,124936.01
5,45,7,2,0,0.1136,124901.35,124872.02
5,45,6,3,0,0.1136,124869.36,124840.03
5,47,6,4,0,0.1136,124767.48,124001.47
5,47,6,5,0,0.1136,124735.49,123969.48
5,50.5,7,6,0,0.1136,124495.07,122274.99
5,50.5,7,7,0,0.1136,124463.08,122242.99
5,43.5,6,8,0,0.1136,124361.2,122211
5,43.5,6,9,0,0.1136,124329.21,122179
5,56.99999999999999,5,10,0,0.1503,124120.79,122179
5,56.99999999999999,5,11,0,0.1503,124088.79,122147.01
5,56.49999999999999,5,12,0,0.1503,123986.92,122115.01
5,56.49999999999999,7,13,0,0.1503,123954.92,122083.02
5,56.49999999999999,6,14,0,0.1503,123714.51,119549.98
5,56.49999999999999,5,15,0,0.1503,123682.51,119517.98
5,25,5,16,0,0.2967,123442.1,119485.99
5,25,5,17,0,0.2967,123410.1,119453.99
5,24.5,4,18,0,0.1995,123169.69,119422
5,24.5,4,19,0,0.1995,123137.69,119390
5,19.5,4,20,0,0.1995,122969.39,119390
5,19.5,4,21,0,0.1995,122937.4,119358.01
5,19.5,5,22,0,0.1995,122696.98,119326.01
5,19.5,4,23,0,0.1995,122664.99,119294.02
5,14.499999999999998,4,24,0,0.2563,122630.33,119230.03
5,14.499999999999998,3,25,0,0.2563,122598.33,119198.04
5,13,4,26,0,0.2083,122429.25,117520.93
5,13,4,27,0,0.2083,122397.25,117488.93
5,12,5,28,0,0.2008,122156.84,114955.89
5,12,4,29,0,0.2008,122124.84,114923.89
5,12,4,30,0,0.2008,121916.42,114923.89
5,12,4,31,0,0.2008,121884.43,114891.9
5,18,4,32,0,0.2008,121715.34,114859.91
5,18,4,33,0,0.2008,121683.34,114827.91
5,19.5,4,34,0,0.2311,121442.93,114795.92
5,19.5,4,35,0,0.2311,121410.93,114763.92
5,24.5,4,36,0,0.2311,121376.27,114731.93
5,24.5,4,37,0,0.2311,121344.28,114699.93
5,18.5,5,38,0,0.1641,121103.86,114667.94
5,18.5,6,39,0,0.1641,121071.87,114635.94
5,16.5,5,40,0,0.1641,120863.45,114635.94
5,16.5,5,41,0,0.1641,120831.45,114603.95
5,18,6,42,0,0.1641,120662.37,114571.95
5,18,5,43,0,0.1641,120630.37,114539.96
5,18,5,44,0,0.1641,120595.71,114507.96
5,18,5,45,0,0.1641,120563.72,114475.97
6,11.5,4,0,0,0.2323,124968.01,124968.01
6,11.5,4,1,0,0.2323,124936.01,124936.01
6,8,4,2,0,0.2146,124695.6,122402.97
6,8,4,3,0,0.2146,124663.6,122370.97
6,7.5,4,4,0,0.2146,124423.19,122338.98
6,7.5,4,5,0,0.2146,124391.19,122306.98
6,5,4,6,0,0.2146,124320.23,122274.99
6,5,4,7,0,0.2146,124288.23,122242.99
6,8.5,6,8,0,0.2146,124119.15,120565.89
6,8.5,4,9,0,0.2146,124087.15,120533.89
6,16,4,10,0,0.2146,123878.73,120533.89
6,16,6,11,0,0.2146,123846.74,120501.9
6,14.499999999999998,4,12,0,0.2071,123606.32,120469.9
6,14.499999999999998,4,13,0,0.2071,123574.33,120437.91
6,10.5,4,14,0,0.2071,123472.45,120405.91
6,10.5,5,15,0,0.2071,123440.46,120373.92
6,50,4,16,0,0.2172,123200.04,119485.99
6,50,4,17,0,0.2172,123168.05,119453.99
6,50,5,18,0,0.2172,122927.63,116920.95
6,50,4,19,0,0.2172,122895.64,116888.95
6,59.5,4,20,0,0.197,122687.22,116888.95
6,59.5,4,21,0,0.197,122655.22,116856.96
6,63.5,3,22,0,0.2424,122414.81,116824.96
6,63.5,4,23,0,0.2424,122382.81,116792.97
6,63.5,3,24,0,0.2424,122348.15,116760.97
6,63.5,3,25,0,0.2424,122316.16,116728.98
6,63.5,3,26,0,0.2424,122281.5,116696.99
6,63.5,3,27,0,0.2424,122249.5,116664.99
6,63.5,4,28,0,0.2424,122214.84,116633
6,63.5,3,29,0,0.2424,122182.85,116601
6,56.49999999999999,3,30,0,0.2424,122180.18,116601
6,56.49999999999999,3,31,0,0.2424,122148.19,116569.01
6,56.49999999999999,3,32,0,0.2424,122113.52,116537.01
6,56.49999999999999,3,33,0,0.2424,122081.53,116505.02
6,50,3,34,0,0.2424,121841.11,116473.02
6,50,3,35,0,0.2424,121809.12,116441.03
6,59.5,3,36,0,0.2424,121568.7,116409.03
6,59.5,4,37,0,0.2424,121536.71,116377.04
6,46,3,38,0,0.2323,121296.29,116345.04
6,46,3,39,0,0.2323,121264.3,116313.05
6,45.5,4,40,0,0.1894,121055.88,116313.05
6,45.5,4,41,0,0.1894,121023.88,116281.06
6,37,3,42,0,0.2399,120783.47,113748.01
6,37,4,43,0,0.2399,120751.47,113716.02
6,38,3,44,0,0.2399,120716.81,113684.02
6,38,3,45,0,0.2399,120684.82,113652.03
7,24.5,5,0,0,0.3447,124968.01,124968.01
7,24.5,4,1,0,0.3447,124936.01,124936.01
7,26.5,3,2,0,0.3447,124695.6,122402.97
7,26.5,3,3,0,0.3447,124663.6,122370.97
7,26.5,3,4,0,0.3447,124628.94,122338.98
7,26.5,3,5,0,0.3447,124596.95,122306.98
7,26.5,3,6,0,0.3447,124562.28,122274.99
7,26.5,3,7,0,0.3447,124530.29,122242.99
7,21.5,3,8,0,0.3523,124289.87,122211
7,21.5,3,9,0,0.3523,124257.88,122179
7,21.5,3,10,0,0.3523,124255.21,122179
7,21.5,3,11,0,0.3523,124223.22,122147.01
7,21.5,3,12,0,0.3523,123982.8,119613.96
7,21.5,3,13,0,0.3523,123950.81,119581.97
7,27.500000000000004,1,14,0,0.475,123710.39,119549.98
7,27.500000000000004,2,15,0,0.475,123678.4,119517.98
7,41,1,16,0,0.4995,123437.98,116984.94
7,41,2,17,0,0.4995,123405.99,116952.94
7,37.5,1,18,0,0.5071,123165.57,116920.95
7,37.5,1,19,0,0.5071,123133.58,116888.95
7,40.5,2,20,0,0.5225,122925.16,116888.95
7,40.5,1,21,0,0.5225,122893.16,116856.96
7,40.5,1,22,0,0.5225,122858.5,116824.96
7,40.5,1,23,0,0.5225,122826.51,116792.97
7,43,1,24,0,0.5061,122586.09,116760.97
7,43,1,25,0,0.5061,122554.1,116728.98
7,49.5,1,26,0,0.5215,122313.68,116696.99
7,49.5,1,27,0,0.5215,122281.69,116664.99
7,42,1,28,0,0.503,122041.27,116633
7,42,1,29,0,0.503,122009.28,116601
7,42,2,30,0,0.503,122006.61,116601
7,42,2,31,0,0.503,121974.62,116569.01
7,50.5,1,32,0,0.4987,121734.2,116537.01
7,50.5,1,33,0,0.4987,121702.21,116505.02
7,46,1,34,0,0.5227,121461.79,116473.02
7,46,2,35,0,0.5227,121429.8,116441.03
7,37.5,1,36,0,0.5227,121189.38,116409.03
7,37.5,1,37,0,0.5227,121157.39,116377.04
7,40,2,38,0,0.4164,120916.97,116345.04
7,40,2,39,0,0.4164,120884.98,116313.05
7,34,3,40,0,0.298,120676.56,116313.05
7,34,3,41,0,0.298,120644.56,116281.06
7,34,3,42,0,0.298,120404.15,113748.01
7,34,3,43,0,0.298,120372.15,113716.02
7,27,3,44,0,0.298,120131.74,113684.02
7,27,3,45,0,0.298,120099.74,113652.03
8,20.5,5,0,0,0.2096,124968.01,124968.01
8,20.5,5,1,0,0.2096,124936.01,124936.01
8,24,4,2,0,0.2399,124695.6,122402.97
8,24,4,3,0,0.2399,124663.6,122370.97
8,25,4,4,0,0.298,124423.19,122338.98
8,25,4,5,0,0.298,124391.19,122306.98
8,25,4,6,0,0.298,124356.53,122274.99
8,25,4,7,0,0.298,124324.54,122242.99
8,25,4,8,0,0.298,124289.87,122211
8,25,4,9,0,0.298,124257.88,122179
8,20,4,10,0,0.2942,124049.46,122179
8,20,4,11,0,0.2942,124017.46,122147.01
8,21.5,4,12,0,0.3258,123777.05,119613.96
8,21.5,4,13,0,0.3258,123745.05,119581.97
8,26.5,3,14,0,0.4457,123504.64,119549.98
8,26.5,3,15,0,0.4457,123472.64,119517.98
8,62.5,3,16,0,0.4634,123232.23,119485.99
8,62.5,3,17,0,0.4634,123200.23,119453.99
8,65.5,3,18,0,0.4197,122959.82,116920.95
8,65.5,3,19,0,0.4197,122927.82,116888.95
8,67,3,20,0,0.3859,122719.4,116888.95
8,67,3,21,0,0.3859,122687.41,116856.96
8,66,3,22,0,0.3859,122585.53,116824.96
8,66,3,23,0,0.3859,122553.54,116792.97
8,58.5,3,24,0,0.3859,122451.67,116760.97
8,58.5,3,25,0,0.3859,122419.67,116728.98
8,63.5,3,26,0,0.3924,122179.26,116696.99
8,63.5,3,27,0,0.3924,122147.26,116664.99
8,50.5,4,28,0,0.25,121906.85,116633
8,50.5,4,29,0,0.25,121874.85,116601
8,50.5,4,30,0,0.25,121872.19,116601
8,50.5,4,31,0,0.25,121840.19,116569.01
8,14.000000000000002,4,32,0,0.25,121738.32,116537.01
8,14.000000000000002,4,33,0,0.25,121706.32,116505.02
8,13,4,34,0,0.2576,121465.91,116473.02
8,13,4,35,0,0.2576,121433.91,116441.03
8,13,4,36,0,0.2576,121193.5,116409.03
8,13,4,37,0,0.2576,121161.5,116377.04
8,13,4,38,0,0.2576,121126.84,116345.04
8,13,4,39,0,0.2576,121094.85,116313.05
8,16,4,40,0,0.2475,120886.43,116313.05
8,16,4,41,0,0.2475,120854.43,116281.06
8,24,4,42,0,0.2551,120614.02,116249.06
8,24,4,43,0,0.2551,120582.02,116217.07
8,22,4,44,0,0.2551,120412.93,116185.07
8,22,4,45,0,0.2551,120380.94,116153.08
9,8,5,0,0,0.1818,124968.01,124968.01
9,8,5,1,0,0.1818,124936.01,124936.01
9,13,6,2,0,0.1515,124695.6,122402.97
9,13,6,3,0,0.1515,124663.6,122370.97
9,10.5,5,4,0,0.1793,124423.19,122338.98
9,10.5,5,5,0,0.1793,124391.19,122306.98
9,3,5,6,0,0.2045,124150.78,122274.99
9,3,5,7,0,0.2045,124118.78,122242.99
9,3,5,8,0,0.2045,123878.37,119709.95
9,3,5,9,0,0.2045,123846.37,119677.95
9,3.5000000000000004,5,10,0,0.1894,123776.49,119677.95
9,3.5000000000000004,5,11,0,0.1894,123744.5,119645.96
9,3.5000000000000004,5,12,0,0.1894,123709.84,119613.96
9,3.5000000000000004,5,13,0,0.1894,123677.84,119581.97
9,2,5,14,0,0.2045,123437.43,119549.98
9,2,5,15,0,0.2045,123405.43,119517.98
9,32.5,5,16,0,0.2045,123303.56,119485.99
9,32.5,5,17,0,0.2045,123271.56,119453.99
9,15,5,18,0,0.2045,123031.15,119422
9,15,5,19,0,0.2045,122999.15,119390
9,17.5,5,20,0,0.2045,122929.27,119390
9,17.5,5,21,0,0.2045,122897.28,119358.01
9,17.5,5,22,0,0.2045,122862.62,119326.01
9,17.5,5,23,0,0.2045,122830.62,119294.02
9,15,5,24,0,0.2045,122590.21,118423.47
9,15,5,25,0,0.2045,122558.21,118391.48
9,18.5,5,26,0,0.2045,122317.8,118359.48
9,18.5,5,27,0,0.2045,122285.8,118327.49
9,18,5,28,0,0.2045,122116.72,117488.93
9,18,5,29,0,0.2045,122084.72,117456.94
9,43,6,30,0,0.2045,121876.3,117456.94
9,43,5,31,0,0.2045,121844.31,117424.94
9,43,5,32,0,0.2045,121603.89,117392.95
9,43,5,33,0,0.2045,121571.9,117360.96
9,38,5,34,0,0.2045,121402.81,117328.96
9,38,5,35,0,0.2045,121370.81,117296.97
9,50,5,36,0,0.2045,121130.4,117264.97
9,50,5,37,0,0.2045,121098.4,117232.98
9,50,5,38,0,0.2045,121063.74,117200.98
9,50,5,39,0,0.2045,121031.75,117168.99
9,46.5,4,40,0,0.2348,120823.33,116313.05
9,46.5,4,41,0,0.2348,120791.33,116281.06
9,45,4,42,0,0.2424,120550.92,114603.95
9,45,4,43,0,0.2424,120518.92,114571.95
9,48,4,44,0,0.2424,120484.26,114539.96
9,48,4,45,0,0.2424,120452.27,114507.96
10,32,5,0,0,0.2013,124968.01,124968.01
10,32,5,1,0,0.2013,124936.01,124936.01
10,34.5,5,2,0,0.2088,124695.6,122402.97
10,34.5,5,3,0,0.2088,124663.6,122370.97
10,18.5,6,4,0,0.1667,124423.19,122338.98
10,18.5,6,5,0,0.1667,124391.19,122306.98
10,20,5,6,0,0.1894,124150.78,122274.99
10,20,5,7,0,0.1894,124118.78,122242.99
10,18.5,5,8,0,0.1894,124016.91,122211
10,18.5,5,9,0,0.1894,123984.91,122179
10,31,5,10,0,0.1894,123776.49,122179
10,31,5,11,0,0.1894,123744.5,122147.01
10,40,5,12,0,0.1894,123504.08,122115.01
10,40,5,13,0,0.1894,123472.09,122083.02
10,37,5,14,0,0.1742,123231.67,122051.03
10,37,5,15,0,0.1742,123199.68,122019.03
10,37.5,6,16,0,0.1515,122959.26,121987.04
10,37.5,6,17,0,0.1515,122927.27,121955.04
10,38,5,18,0,0.2172,122686.85,121084.49
10,38,5,19,0,0.2172,122654.86,121052.5
10,38,5,20,0,0.2172,122652.19,121052.5
10,38,5,21,0,0.2172,122620.2,121020.5
10,45.5,5,22,0,0.2172,122518.32,120988.51
10,45.5,5,23,0,0.2172,122486.33,120956.52
10,43,5,24,0,0.2172,122451.67,120924.52
10,43,6,25,0,0.2172,122419.67,120892.53
10,40.5,4,26,0,0.272,122179.26,120860.53
10,40.5,4,27,0,0.272,122147.26,120828.54
10,42,3,28,0,0.3566,121906.85,120796.54
10,42,3,29,0,0.3566,121874.85,120764.55
10,14.499999999999998,4,30,0,0.3273,121666.43,118263.5
10,14.499999999999998,3,31,0,0.3273,121634.44,118231.5
10,14.499999999999998,4,32,0,0.3273,121532.56,118199.51
10,14.499999999999998,4,33,0,0.3273,121500.57,118167.51
10,14.499999999999998,3,34,0,0.3273,121465.91,118135.52
10,14.499999999999998,3,35,0,0.3273,121433.91,118103.52
10,14.499999999999998,3,36,0,0.3273,121193.5,118071.53
10,14.499999999999998,3,37,0,0.3273,121161.5,118039.54
10,38.5,5,38,0,0.2513,120921.09,118007.54
10,38.5,4,39,0,0.2513,120889.09,117975.55
10,35.5,3,40,0,0.302,120680.67,117975.55
10,35.5,3,41,0,0.302,120648.68,117943.55
10,33,3,42,0,0.302,120479.59,117911.56
10,33,3,43,0,0.302,120447.59,117879.56
10,28.999999999999996,4,44,0,0.302,120278.51,117847.57
10,28.999999999999996,4,45,0,0.302,120246.51,117815.57
11,43,5,0,0,0.1742,124968.01,124968.01
11,43,5,1,0,0.1742,124936.01,124936.01
11,32.5,5,2,0,0.1742,124695.6,122402.97
11,32.5,5,3,0,0.1742,124663.6,122370.97
11,32.5,5,4,0,0.1742,124628.94,122338.98
11,32.5,5,5,0,0.1742,124596.95,122306.98
11,31,5,6,0,0.1742,124356.53,119773.94
11,31,5,7,0,0.1742,124324.54,119741.94
11,31,5,8,0,0.1742,124289.87,119709.95
11,31,5,9,0,0.1742,124257.88,119677.95
11,31,5,10,0,0.1742,124255.21,119677.95
11,31,5,11,0,0.1742,124223.22,119645.96
11,30.5,5,12,0,0.1742,124121.35,119613.96
11,30.5,5,13,0,0.1742,124089.35,119581.97
11,36,5,14,0,0.1742,123848.94,119549.98
11,36,5,15,0,0.1742,123816.94,119517.98
11,49.5,4,16,0,0.2045,123576.52,119485.99
11,49.5,4,17,0,0.2045,123544.53,119453.99
11,51,4,18,0,0.2045,123509.87,119422
11,51,4,19,0,0.2045,123477.87,119390
11,45.5,4,20,0,0.2197,123269.45,119390
11,45.5,4,21,0,0.2197,123237.46,119358.01
11,45.5,4,22,0,0.2197,122997.04,116824.96
11,45.5,4,23,0,0.2197,122965.05,116792.97
11,40.5,4,24,0,0.2121,122860.47,116760.97
11,40.5,4,25,0,0.2121,122828.48,116728.98
11,49,4,26,0,0.2121,122793.82,116696.99
11,49,4,27,0,0.2121,122761.82,116664.99
11,49,4,28,0,0.2121,122575.62,114782.51
11,49,4,29,0,0.2121,122543.63,114750.52
11,1.5,5,30,0,0.1894,122473.75,114750.52
11,1.5,5,31,0,0.1894,122441.75,114718.53
11,1.5,5,32,0,0.1894,122220.04,114686.53
11,1.5,5,33,0,0.1894,122188.05,114654.54
11,0,5,34,0,0.1742,121947.63,114622.54
11,0,5,35,0,0.1742,121915.64,114590.55
11,0,5,36,0,0.1742,121880.98,114526.56
11,0,5,37,0,0.1742,121848.98,114494.56
11,1,3,38,0,0.2348,121608.57,114462.57
11,1,3,39,0,0.2348,121576.57,114430.57
11,1,3,40,0,0.2348,121368.15,114430.57
11,1,4,41,0,0.2348,121336.16,114398.58
11,1,3,42,0,0.2247,121095.74,114366.58
11,1,3,43,0,0.2247,121063.75,114334.59
11,0.5,3,44,0,0.2247,120894.66,112657.48
11,0.5,3,45,0,0.2247,120862.67,112625.49
12,54.50000000000001,4,0,0,0.2273,124968.01,124968.01
12,54.50000000000001,4,1,0,0.2273,124936.01,124936.01
12,52,4,2,0,0.2273,124834.14,124065.46
12,52,4,3,0,0.2273,124802.14,124033.47
12,52,4,4,0,0.2273,124767.48,124001.47
12,52,5,5,0,0.2273,124735.49,123969.48
12,48,3,6,0,0.3003,124495.07,122274.99
12,48,2,7,0,0.3003,124463.08,122242.99
12,46,2,8,0,0.3003,124361.2,122211
12,46,2,9,0,0.3003,124329.21,122179
12,42.5,3,10,0,0.2399,124120.79,121340.45
12,42.5,3,11,0,0.2399,124088.79,121308.46
12,47.5,4,12,0,0.2399,123986.92,121276.46
12,47.5,3,13,0,0.2399,123954.92,121244.47
12,49.5,4,14,0,0.2184,123714.51,121212.47
12,49.5,4,15,0,0.2184,123682.51,121180.48
12,23,4,16,0,0.2184,123442.1,121148.48
12,23,3,17,0,0.2184,123410.1,121116.49
12,16.5,3,18,0,0.2184,123308.23,121084.49
12,16.5,3,19,0,0.2184,123276.24,121052.5
12,21,4,20,0,0.2184,123067.81,121052.5
12,21,5,21,0,0.2184,123035.82,121020.5
12,19,4,22,0,0.2109,122795.4,120988.51
12,19,3,23,0,0.2109,122763.41,120956.52
12,33,4,24,0,0.1881,122522.99,119262.02
12,33,4,25,0,0.1881,122491,119230.03
12,28.999999999999996,4,26,0,0.1881,122389.13,119198.04
12,28.999999999999996,4,27,0,0.1881,122357.13,119166.04
12,30.5,4,28,0,0.2197,122116.72,119134.05
12,30.5,4,29,0,0.2197,122084.72,119102.05
12,24.5,4,30,0,0.3152,121876.3,119102.05
12,24.5,3,31,0,0.3152,121844.31,119070.06
12,27,3,32,0,0.3152,121603.89,116537.01
12,27,3,33,0,0.3152,121571.9,116505.02
12,27,3,34,0,0.3205,121331.48,116473.02
12,27,3,35,0,0.3205,121299.49,116441.03
12,23.5,3,36,0,0.3063,121059.07,116409.03
12,23.5,3,37,0,0.3063,121027.08,116377.04
12,28.499999999999996,3,38,0,0.3063,120925.2,116345.04
12,28.499999999999996,4,39,0,0.3063,120893.21,116313.05
12,26,3,40,0,0.3063,120756.11,116313.05
12,26,3,41,0,0.3063,120724.12,116281.06
12,29.5,3,42,0,0.3063,120555.03,116249.06
12,29.5,3,43,0,0.3063,120523.04,116217.07
12,28.999999999999996,3,44,0,0.3083,120282.62,116185.07
12,28.999999999999996,3,45,0,0.3083,120250.63,116153.08
13,34.5,5,0,0,0.2323,124968.01,124968.01
13,34.5,5,1,0,0.2323,124936.01,124936.01
13,28.000000000000004,5,2,0,0.2247,124695.6,122402.97
13,28.000000000000004,5,3,0,0.2247,124663.6,122370.97
13,33.5,5,4,0,0.2576,124423.19,122338.98
13,33.5,5,5,0,0.2576,124391.19,122306.98
13,30,5,6,0,0.2576,124150.78,122274.99
13,30,5,7,0,0.2576,124118.78,122242.99
13,35.5,5,8,0,0.25,123878.37,122211
13,35.5,5,9,0,0.25,123846.37,122179
13,33.5,5,10,0,0.25,123637.95,122179
13,33.5,5,11,0,0.25,123605.96,122147.01
13,36.5,5,12,0,0.25,123504.08,122115.01
13,36.5,5,13,0,0.25,123472.09,122083.02
13,28.499999999999996,5,14,0,0.25,123231.67,122051.03
13,28.499999999999996,5,15,0,0.25,123199.68,122019.03
13,17,5,16,0,0.25,122959.26,121148.48
13,17,5,17,0,0.25,122927.27,121116.49
13,17,5,18,0,0.25,122686.85,119422
13,17,5,19,0,0.25,122654.86,119390
13,15,3,20,0,0.3563,122446.44,119390
13,15,3,21,0,0.3563,122414.44,119358.01
13,15,3,22,0,0.3563,122379.78,119326.01
13,15,3,23,0,0.3563,122347.79,119294.02
13,18.5,2,24,0,0.41,122107.37,119262.02
13,18.5,2,25,0,0.41,122075.38,119230.03
13,18.5,2,26,0,0.41,121834.96,119198.04
13,18.5,2,27,0,0.41,121802.97,119166.04
13,19.5,4,28,0,0.3363,121562.55,119134.05
13,19.5,3,29,0,0.3363,121530.56,119102.05
13,62.5,2,30,0,0.4277,121322.13,118263.5
13,62.5,2,31,0,0.4277,121290.14,118231.5
13,63,2,32,0,0.4277,121188.27,118199.51
13,63,2,33,0,0.4277,121156.27,118167.51
13,73,3,34,0,0.4277,121121.61,118135.52
13,73,2,35,0,0.4277,121089.62,118103.52
13,73,2,36,0,0.4277,121054.96,118071.53
13,73,2,37,0,0.4277,121022.96,118039.54
13,63.5,2,38,0,0.4609,120782.55,116345.04
13,63.5,2,39,0,0.4609,120750.55,116313.05
13,60.5,3,40,0,0.3485,120542.13,116313.05
13,60.5,3,41,0,0.3485,120510.14,116281.06
13,57.99999999999999,3,42,0,0.4119,120269.72,116249.06
13,57.99999999999999,3,43,0,0.4119,120237.73,116217.07
13,55.50000000000001,2,44,0,0.4813,119997.31,116153.08
13,55.50000000000001,2,45,0,0.4813,119965.32,116121.08
14,16.5,4,0,0,0.197,124968.01,124968.01
14,16.5,4,1,0,0.197,124936.01,124936.01
14,26,4,2,0,0.197,124834.14,124065.46
14,26,4,3,0,0.197,124802.14,124033.47
14,26,4,4,0,0.197,124767.48,124001.47
14,26,4,5,0,0.197,124735.49,123969.48
14,19.5,4,6,0,0.197,124633.61,123937.48
14,19.5,4,7,0,0.197,124601.62,123905.49
14,23.5,4,8,0,0.197,124499.74,123873.5
14,23.5,4,9,0,0.197,124467.75,123841.5
14,23.5,4,10,0,0.197,124465.08,123841.5
14,23.5,4,11,0,0.197,124433.09,123809.51
14,21,4,12,0,0.197,124331.21,123745.52
14,21,4,13,0,0.197,124299.22,123713.52
14,21,4,14,0,0.197,124264.56,123681.53
14,21,4,15,0,0.197,124232.56,123649.53
14,38,4,16,0,0.1894,123992.15,121987.04
14,38,4,17,0,0.1894,123960.15,121955.04
14,38.5,4,18,0,0.1818,123719.74,121891.05
14,38.5,4,19,0,0.1818,123687.74,121859.06
14,53.5,4,20,0,0.1818,123479.32,121020.5
14,53.5,4,21,0,0.1818,123447.33,120988.51
14,43,5,22,0,0.1818,123206.91,118455.47
14,43,4,23,0,0.1818,123174.92,118423.47
14,37.5,4,24,0,0.1742,122934.5,118391.48
14,37.5,4,25,0,0.1742,122902.51,118359.48
14,42.5,5,26,0,0.1742,122867.85,118295.49
14,42.5,4,27,0,0.1742,122835.85,118263.5
14,44.5,4,28,0,0.1742,122666.77,118231.5
14,44.5,5,29,0,0.1742,122634.77,118199.51
14,27.500000000000004,4,30,0,0.1742,122497.68,118199.51
14,27.500000000000004,4,31,0,0.1742,122465.68,118167.51
14,37,4,32,0,0.1742,122431.02,118135.52
14,37,4,33,0,0.1742,122399.03,118103.52
14,36,4,34,0,0.1818,122158.61,118071.53
14,36,4,35,0,0.1818,122126.62,118039.54
14,26.5,4,36,0,0.1894,121886.2,117264.97
14,26.5,4,37,0,0.1894,121854.21,117232.98
14,26.5,4,38,0,0.1894,121819.55,117200.98
14,26.5,4,39,0,0.1894,121787.55,117168.99
14,26.5,4,40,0,0.1894,121784.89,117168.99
14,26.5,4,41,0,0.1894,121752.89,117136.99
14,28.000000000000004,4,42,0,0.1894,121512.48,115346.52
14,28.000000000000004,4,43,0,0.1894,121480.48,115314.52
14,30,4,44,0,0.1894,121445.82,115282.53
14,30,4,45,0,0.1894,121413.83,115250.53
15,32.5,5,0,0,0.2083,124968.01,124968.01
15,32.5,4,1,0,0.2083,124936.01,124936.01
15,32.5,4,2,0,0.2083,124901.35,124872.02
15,32.5,4,3,0,0.2083,124869.36,124840.03
15,32.5,4,4,0,0.2083,124834.69,124808.03
15,32.5,4,5,0,0.2083,124802.7,124776.04
15,32.5,4,6,0,0.2083,124768.04,124712.05
15,32.5,5,7,0,0.2083,124736.04,124680.05
15,28.999999999999996,4,8,0,0.2273,124495.63,122211
15,28.999999999999996,4,9,0,0.2273,124463.63,122179
15,47,3,10,0,0.3106,124255.21,122179
15,47,3,11,0,0.3106,124223.22,122147.01
15,47.5,3,12,0,0.3106,124121.35,122115.01
15,47.5,4,13,0,0.3106,124089.35,122083.02
15,51,3,14,0,0.3106,123848.94,122051.03
15,51,4,15,0,0.3106,123816.94,122019.03
15,11,3,16,0,0.3106,123715.07,121987.04
15,11,4,17,0,0.3106,123683.07,121955.04
15,7.000000000000001,4,18,0,0.3035,123442.66,119422
15,7.000000000000001,3,19,0,0.3035,123410.66,119390
15,4,3,20,0,0.296,123202.24,119390
15,4,3,21,0,0.296,123170.25,119358.01
15,4.5,3,22,0,0.296,123068.37,119326.01
15,4.5,3,23,0,0.296,123036.38,119294.02
15,5.5,3,24,0,0.3061,122795.96,119262.02
15,5.5,3,25,0,0.3061,122763.97,119230.03
15,5.5,3,26,0,0.3061,122729.31,119198.04
15,5.5,4,27,0,0.3061,122697.31,119166.04
15,7.5,3,28,0,0.3061,122662.65,119134.05
15,7.5,3,29,0,0.3061,122630.66,119102.05
15,43,3,30,0,0.2992,122422.24,119102.05
15,43,3,31,0,0.2992,122390.24,119070.06
15,46,4,32,0,0.2765,122149.83,119038.06
15,46,4,33,0,0.2765,122117.83,119006.07
15,41,4,34,0,0.249,121877.42,116473.02
15,41,4,35,0,0.249,121845.42,116441.03
15,33.5,4,36,0,0.2717,121605.01,116409.03
15,33.5,4,37,0,0.2717,121573.01,116377.04
15,39.5,4,38,0,0.2793,121332.6,116281.06
15,39.5,3,39,0,0.2793,121300.6,116249.06
15,39.5,3,40,0,0.2793,121092.18,116249.06
15,39.5,3,41,0,0.2793,121060.19,116217.07
15,39.5,3,42,0,0.2793,121025.52,116185.07
15,39.5,3,43,0,0.2793,120993.53,116153.08
15,39.5,3,44,0,0.2793,120753.11,113684.02
15,39.5,3,45,0,0.2793,120721.12,113652.03
16,15.5,3,0,0,0.2775,124968.01,124968.01
16,15.5,3,1,0,0.2775,124936.01,124936.01
16,10.5,3,2,0,0.2775,124811.77,123797.05
16,10.5,3,3,0,0.2775,124779.77,123765.05
16,13.5,4,4,0,0.2775,124539.36,122338.98
16,13.5,3,5,0,0.2775,124507.36,122306.98
16,15,4,6,0,0.2775,124405.49,122274.99
16,15,3,7,0,0.2775,124373.5,122242.99
16,16,2,8,0,0.39,124133.08,122211
16,16,3,9,0,0.39,124101.09,122179
16,11,2,10,0,0.39,124031.21,122179
16,11,2,11,0,0.39,123999.21,122147.01
16,10.5,2,12,0,0.39,123758.8,122115.01
16,10.5,2,13,0,0.39,123726.8,122083.02
16,11.5,2,14,0,0.39,123692.14,122051.03
16,11.5,2,15,0,0.39,123660.15,122019.03
16,45.5,2,16,0,0.39,123625.49,121955.04
16,45.5,2,17,0,0.39,123593.49,121923.05
16,45.5,3,18,0,0.39,123353.07,119390
16,45.5,4,19,0,0.39,123321.08,119358.01
16,45.5,2,20,0,0.39,123318.41,119358.01
16,45.5,2,21,0,0.39,123286.42,119326.01
16,45.5,5,22,0,0.2851,123046,119294.02
16,45.5,3,23,0,0.2851,123014.01,119262.02
16,45.5,4,24,0,0.2851,122844.92,117584.92
16,45.5,3,25,0,0.2851,122812.93,117552.92
16,48,3,26,0,0.2851,122572.51,117520.93
16,48,3,27,0,0.2851,122540.52,117488.93
16,44,3,28,0,0.2985,122300.1,117456.94
16,44,3,29,0,0.2985,122268.11,117424.94
16,34,4,30,0,0.3061,122059.69,117424.94
16,34,3,31,0,0.3061,122027.69,117392.95
16,44.5,3,32,0,0.3061,121858.6,117360.96
16,44.5,3,33,0,0.3061,121826.61,117328.96
16,41,3,34,0,0.3194,121586.19,117296.97
16,41,3,35,0,0.3194,121554.2,117264.97
16,36.5,3,36,0,0.3194,121313.78,117232.98
16,36.5,3,37,0,0.3194,121281.79,117200.98
16,36.5,3,38,0,0.3194,121247.13,117136.99
16,36.5,3,39,0,0.3194,121215.13,117105
16,46.5,3,40,0,0.3119,121006.71,117105
16,46.5,3,41,0,0.3119,120974.72,117073
16,41,3,42,0,0.3119,120940.06,117041.01
16,41,3,43,0,0.3119,120908.06,117009.01
16,39.5,3,44,0,0.3119,120873.4,116977.02
16,39.5,4,45,0,0.3119,120841.41,116945.03
17,16.5,6,0,0,0.202,124968.01,124968.01
17,16.5,6,1,0,0.202,124936.01,124936.01
17,16.5,6,2,0,0.202,124901.35,124872.02
17,16.5,7,3,0,0.202,124869.36,124840.03
17,26.5,6,4,0,0.1944,124628.94,122338.98
17,26.5,6,5,0,0.1944,124596.95,122306.98
17,28.499999999999996,6,6,0,0.1944,124495.07,122274.99
17,28.499999999999996,6,7,0,0.1944,124463.08,122242.99
17,19,6,8,0,0.1944,124222.66,122211
17,19,6,9,0,0.1944,124190.67,122179
17,23,6,10,0,0.1944,124120.79,122179
17,23,7,11,0,0.1944,124088.79,122147.01
17,29.5,6,12,0,0.1944,123913.33,122115.01
17,29.5,6,13,0,0.1944,123881.34,122083.02
17,29.5,7,14,0,0.1944,123846.68,122051.03
17,29.5,6,15,0,0.1944,123814.68,122019.03
17,28.499999999999996,6,16,0,0.1768,123574.27,120265.43
17,28.499999999999996,7,17,0,0.1768,123542.27,120233.44
17,19,6,18,0,0.221,123301.86,120201.44
17,19,5,19,0,0.221,123269.86,120169.45
17,22.5,4,20,0,0.2644,123132.77,120169.45
17,22.5,4,21,0,0.2644,123100.77,120137.46
17,19,4,22,0,0.2644,122860.36,120105.46
17,19,4,23,0,0.2644,122828.36,120073.47
17,21.5,5,24,0,0.2644,122726.49,120041.47
17,21.5,4,25,0,0.2644,122694.5,120009.48
17,23.5,5,26,0,0.1919,122454.08,117520.93
17,23.5,5,27,0,0.1919,122422.09,117488.93
17,23,5,28,0,0.1919,122181.67,114955.89
17,23,6,29,0,0.1919,122149.68,114923.89
17,8,5,30,0,0.1919,122012.58,114923.89
17,8,5,31,0,0.1919,121980.59,114891.9
17,11,5,32,0,0.1995,121740.17,114859.91
17,11,5,33,0,0.1995,121708.18,114827.91
17,8,6,34,0,0.1995,121467.76,114795.92
17,8,5,35,0,0.1995,121435.77,114763.92
17,7.000000000000001,4,36,0,0.2197,121195.35,114731.93
17,7.000000000000001,4,37,0,0.2197,121163.36,114699.93
17,7.000000000000001,5,38,0,0.2197,120922.94,114667.94
17,7.000000000000001,5,39,0,0.2197,120890.95,114635.94
17,4,5,40,0,0.2336,120730.92,114635.94
17,4,4,41,0,0.2336,120698.92,114603.95
17,6,4,42,0,0.2336,120664.26,114571.95
17,6,4,43,0,0.2336,120632.27,114539.96
17,7.000000000000001,4,44,0,0.2336,120597.6,114507.96
17,7.000000000000001,4,45,0,0.2336,120565.61,114475.97
18,15,5,0,0,0.1717,124968.01,124968.01
18,15,6,1,0,0.1717,124936.01,124936.01
18,11.5,5,2,0,0.1717,124834.14,124065.46
18,11.5,6,3,0,0.1717,124802.14,124033.47
18,17,5,4,0,0.1717,124561.73,122338.98
18,17,5,5,0,0.1717,124529.73,122306.98
18,17.5,6,6,0,0.1717,124495.07,122242.99
18,17.5,5,7,0,0.1717,124463.08,122211
18,13,4,8,0,0.2616,124222.66,121372.45
18,13,4,9,0,0.2616,124190.67,121340.45
18,12.5,4,10,0,0.2616,123982.25,121340.45
18,12.5,4,11,0,0.2616,123950.25,121308.46
18,19.5,4,12,0,0.2616,123848.38,121276.46
18,19.5,4,13,0,0.2616,123816.38,121244.47
18,13.5,6,14,0,0.197,123575.97,121212.47
18,13.5,5,15,0,0.197,123543.97,121180.48
18,41.5,5,16,0,0.197,123303.56,121148.48
18,41.5,5,17,0,0.197,123271.56,121116.49
18,47.5,5,18,0,0.197,123169.69,121084.49
18,47.5,5,19,0,0.197,123137.69,121052.5
18,50.5,5,20,0,0.178,122929.27,121052.5
18,50.5,5,21,0,0.178,122897.28,121020.5
18,50.5,5,22,0,0.178,122656.86,119326.01
18,50.5,5,23,0,0.178,122624.87,119294.02
18,51.5,4,24,0,0.2083,122522.99,119262.02
18,51.5,4,25,0,0.2083,122491,119230.03
18,51,5,26,0,0.2083,122456.34,119198.04
18,51,4,27,0,0.2083,122424.34,119166.04
18,56.00000000000001,3,28,0,0.3523,122183.93,119134.05
18,56.00000000000001,4,29,0,0.3523,122151.93,119102.05
18,30.5,3,30,0,0.3523,121943.51,119070.06
18,30.5,3,31,0,0.3523,121911.52,119038.06
18,32,2,32,0,0.4172,121671.1,119006.07
18,32,2,33,0,0.4172,121639.11,118974.07
18,31,2,34,0,0.4172,121604.45,118942.08
18,31,2,35,0,0.4172,121572.45,118910.08
18,26.5,2,36,0,0.4109,121332.04,116409.03
18,26.5,2,37,0,0.4109,121300.04,116377.04
18,34.5,2,38,0,0.4071,121059.63,116345.04
18,34.5,2,39,0,0.4071,121027.63,116313.05
18,27,3,40,0,0.2803,120819.21,116313.05
18,27,3,41,0,0.2803,120787.22,116281.06
18,32,2,42,0,0.3813,120546.8,116249.06
18,32,2,43,0,0.3813,120514.81,116217.07
18,30,3,44,0,0.3359,120274.39,116185.07
18,30,3,45,0,0.3359,120242.4,116153.08
19,32.5,3,0,0,0.2929,124968.01,124968.01
19,32.5,4,1,0,0.2929,124936.01,124936.01
19,30.5,3,2,0,0.3106,124695.6,122402.97
19,30.5,3,3,0,0.3106,124663.6,122370.97
19,30,3,4,0,0.3207,124423.19,122338.98
19,30,3,5,0,0.3207,124391.19,122306.98
19,36,3,6,0,0.3283,124150.78,122274.99
19,36,3,7,0,0.3283,124118.78,122242.99
19,32,3,8,0,0.3359,123878.37,122211
19,32,3,9,0,0.3359,123846.37,122179
19,32.5,3,10,0,0.3005,123637.95,122179
19,32.5,4,11,0,0.3005,123605.96,122147.01
19,37,3,12,0,0.3005,123365.54,122115.01
19,37,3,13,0,0.3005,123333.55,122083.02
19,30.5,3,14,0,0.3005,123231.67,122051.03
19,30.5,3,15,0,0.3005,123199.68,122019.03
19,48.5,2,16,0,0.479,122959.26,119485.99
19,48.5,2,17,0,0.479,122927.27,119453.99
19,48.5,3,18,0,0.479,122686.85,119422
19,48.5,2,19,0,0.479,122654.86,119390
19,51.5,2,20,0,0.4631,122446.44,116888.95
19,51.5,2,21,0,0.4631,122414.44,116856.96
19,57.49999999999999,3,22,0,0.4256,122174.03,116824.96
19,57.49999999999999,2,23,0,0.4256,122142.03,116792.97
19,59,2,24,0,0.4359,121901.62,116760.97
19,59,2,25,0,0.4359,121869.62,116728.98
19,63,2,26,0,0.4823,121629.21,116696.99
19,63,2,27,0,0.4823,121597.21,116664.99
19,63,2,28,0,0.4823,121428.12,116633
19,63,2,29,0,0.4823,121396.13,116601
19,18.5,2,30,0,0.4702,121187.71,116601
19,18.5,2,31,0,0.4702,121155.71,116569.01
19,12.5,2,32,0,0.4899,120915.3,116537.01
19,12.5,2,33,0,0.4899,120883.3,116505.02
19,20.5,2,34,0,0.4508,120642.89,116473.02
19,20.5,2,35,0,0.4508,120610.89,116441.03
19,19,2,36,0,0.5101,120370.48,116409.03
19,19,2,37,0,0.5101,120338.48,116377.04
19,19,2,38,0,0.5101,120098.07,116345.04
19,19,2,39,0,0.5101,120066.07,116313.05
19,11.5,2,40,0,0.5657,119857.65,116313.05
19,11.5,2,41,0,0.5657,119825.66,116281.06
19,17.5,2,42,0,0.5657,119656.57,116249.06
19,17.5,2,43,0,0.5657,119624.58,116217.07
19,14.499999999999998,2,44,0,0.5657,119589.92,116185.07
19,14.499999999999998,2,45,0,0.5657,119557.92,116153.08
20,49,6,0,0,0.1439,124968.01,124968.01
20,49,6,1,0,0.1439,124936.01,124936.01
20,43.5,6,2,0,0.1439,124695.6,122402.97
20,43.5,6,3,0,0.1439,124663.6,122370.97
20,43,6,4,0,0.1439,124471.59,122338.98
20,43,6,5,0,0.1439,124439.59,122306.98
20,42.5,6,6,0,0.1439,124337.72,122274.99
20,42.5,6,7,0,0.1439,124305.73,122242.99
20,46.5,6,8,0,0.1263,124065.31,122211
20,46.5,7,9,0,0.1263,124033.32,122179
20,41.5,6,10,0,0.1263,124030.65,122147.01
20,41.5,6,11,0,0.1263,123998.65,122115.01
20,41.5,6,12,0,0.1263,123963.99,122083.02
20,41.5,7,13,0,0.1263,123932,122051.03
20,45,6,14,0,0.1263,123691.58,122019.03
20,45,6,15,0,0.1263,123659.59,121987.04
20,34.5,7,16,0,0.1263,123557.71,121955.04
20,34.5,6,17,0,0.1263,123525.72,121923.05
20,26.5,6,18,0,0.1641,123285.3,121891.05
20,26.5,5,19,0,0.1641,123253.31,121859.06
20,22.5,6,20,0,0.1288,123044.89,121859.06
20,22.5,6,21,0,0.1288,123012.89,121827.06
20,15.5,6,22,0,0.1288,122772.48,119326.01
20,15.5,7,23,0,0.1288,122740.48,119294.02
20,24.5,6,24,0,0.1288,122571.4,119262.02
20,24.5,6,25,0,0.1288,122539.4,119230.03
20,19.5,5,26,0,0.1515,122298.99,119198.04
20,19.5,5,27,0,0.1515,122266.99,119166.04
20,23.5,4,28,0,0.2121,122026.58,119134.05
20,23.5,5,29,0,0.2121,121994.58,119102.05
20,22.5,3,30,0,0.2833,121786.16,119102.05
20,22.5,4,31,0,0.2833,121754.17,119070.06
20,20.5,3,32,0,0.2967,121513.75,119038.06
20,20.5,3,33,0,0.2967,121481.76,119006.07
20,13.5,3,34,0,0.3043,121241.34,118974.07
20,13.5,3,35,0,0.3043,121209.35,118942.08
20,20.5,3,36,0,0.3043,120968.93,118910.08
20,20.5,3,37,0,0.3043,120936.94,118878.09
20,18.5,3,38,0,0.2909,120728.92,118846.09
20,18.5,3,39,0,0.2909,120696.93,118814.1
20,15.5,3,40,0,0.2909,120559.83,117168.99
20,15.5,3,41,0,0.2909,120527.84,117136.99
20,22,3,42,0,0.2909,120358.75,117105
20,22,3,43,0,0.2909,120326.76,117073
20,21,4,44,0,0.2775,120086.34,117041.01
20,21,3,45,0,0.2775,120054.35,117009.01
21,24.5,5,0,0,0.2581,124968.01,124968.01
21,24.5,5,1,0,0.2581,124936.01,124936.01
21,25.5,5,2,0,0.2581,124834.14,124065.46
21,25.5,5,3,0,0.2581,124802.14,124033.47
21,30,5,4,0,0.2422,124561.73,122338.98
21,30,5,5,0,0.2422,124529.73,122306.98
21,31,5,6,0,0.2606,124289.32,122274.99
21,31,5,7,0,0.2606,124257.32,122242.99
21,23,4,8,0,0.2758,124016.91,122211
21,23,4,9,0,0.2758,123984.91,122179
21,28.499999999999996,4,10,0,0.2758,123915.03,122179
21,28.499999999999996,4,11,0,0.2758,123883.04,122147.01
21,28.499999999999996,4,12,0,0.2758,123848.38,122115.01
21,28.499999999999996,4,13,0,0.2758,123816.38,122083.02
21,31.5,5,14,0,0.2758,123714.51,122051.03
21,31.5,4,15,0,0.2758,123682.51,122019.03
21,37.5,4,16,0,0.2758,123442.1,121148.48
21,37.5,4,17,0,0.2758,123410.1,121116.49
21,41,3,18,0,0.2909,123169.69,121084.49
21,41,3,19,0,0.2909,123137.69,121052.5
21,34.5,4,20,0,0.2909,122929.27,121052.5
21,34.5,3,21,0,0.2909,122897.28,121020.5
21,34.5,4,22,0,0.2909,122862.62,120988.51
21,34.5,3,23,0,0.2909,122830.62,120956.52
21,23,5,24,0,0.2626,122590.21,119262.02
21,23,4,25,0,0.2626,122558.21,119230.03
21,28.999999999999996,5,26,0,0.1894,122317.8,119198.04
21,28.999999999999996,5,27,0,0.1894,122285.8,119166.04
21,22.5,6,28,0,0.1894,122251.14,119134.05
21,22.5,5,29,0,0.1894,122219.15,119102.05
21,22.5,5,30,0,0.1894,122216.48,119102.05
21,22.5,5,31,0,0.1894,122184.49,119070.06
21,45,5,32,0,0.1894,122015.4,119038.06
21,45,5,33,0,0.1894,121983.4,119006.07
21,60,5,34,0,0.2626,121742.99,118974.07
21,60,4,35,0,0.2626,121710.99,118942.08
21,60,4,36,0,0.2626,121470.58,116409.03
21,60,4,37,0,0.2626,121438.58,116377.04
21,54.50000000000001,4,38,0,0.2929,121269.5,116345.04
21,54.50000000000001,4,39,0,0.2929,121237.5,116313.05
21,53.5,5,40,0,0.2929,121100.41,116313.05
21,53.5,4,41,0,0.2929,121068.42,116281.06
21,53.5,4,42,0,0.2929,120828,116249.06
21,53.5,4,43,0,0.2929,120796.01,116217.07
21,50,4,44,0,0.2929,120555.59,116185.07
21,50,4,45,0,0.2929,120523.6,116153.08
22,26,4,0,0,0.1894,124968.01,124968.01
22,26,4,1,0,0.1894,124936.01,124936.01
22,26,5,2,0,0.1894,124901.35,124872.02
22,26,4,3,0,0.1894,124869.36,124840.03
22,41.5,4,4,0,0.1742,124628.94,122338.98
22,41.5,5,5,0,0.1742,124596.95,122306.98
22,43,4,6,0,0.2422,124356.53,119773.94
22,43,4,7,0,0.2422,124324.54,119741.94
22,43.5,3,8,0,0.2422,124222.66,119709.95
22,43.5,3,9,0,0.2422,124190.67,119677.95
22,40,3,10,0,0.2346,123982.25,119677.95
22,40,3,11,0,0.2346,123950.25,119645.96
22,47.5,2,12,0,0.3535,123709.84,119613.96
22,47.5,4,13,0,0.3535,123677.84,119581.97
22,45.5,2,14,0,0.3393,123437.43,119549.98
22,45.5,2,15,0,0.3393,123405.43,119517.98
22,45.5,2,16,0,0.3393,123370.77,119485.99
22,45.5,2,17,0,0.3393,123338.78,119453.99
22,23.5,2,18,0,0.3393,123304.11,119422
22,23.5,3,19,0,0.3393,123272.12,119390
22,24.5,3,20,0,0.3664,123063.7,119390
22,24.5,2,21,0,0.3664,123031.7,119358.01
22,31,2,22,0,0.3664,122862.62,119326.01
22,31,3,23,0,0.3664,122830.62,119294.02
22,26,3,24,0,0.3987,122590.21,119230.03
22,26,2,25,0,0.3987,122558.21,119198.04
22,18.5,2,26,0,0.3987,122455.76,119166.04
22,18.5,2,27,0,0.3987,122423.77,119134.05
22,24,1,28,0,0.4826,122183.35,119102.05
22,24,1,29,0,0.4826,122151.36,119070.06
22,39.5,1,30,0,0.5108,121942.94,119070.06
22,39.5,1,31,0,0.5108,121910.94,119038.06
22,39.5,2,32,0,0.5108,121876.28,119006.07
22,39.5,1,33,0,0.5108,121844.29,118974.07
22,41.5,6,34,0,0.3889,121603.87,118942.08
22,41.5,3,35,0,0.3889,121571.88,118910.08
22,33,2,36,0,0.3889,121331.46,118878.09
22,33,2,37,0,0.3889,121299.47,118846.09
22,40,3,38,0,0.3308,121197.59,118814.1
22,40,3,39,0,0.3308,121165.6,118782.11
22,36,3,40,0,0.3308,121028.51,118782.11
22,36,3,41,0,0.3308,120996.51,118750.11
22,31,3,42,0,0.3308,120894.64,118718.12
22,31,3,43,0,0.3308,120862.64,118686.12
22,28.499999999999996,4,44,0,0.2955,120622.23,116163.55
22,28.499999999999996,5,45,0,0.2955,120590.23,116131.56
23,28.000000000000004,4,0,0,0.2727,124968.01,124968.01
23,28.000000000000004,4,1,0,0.2727,124936.01,124936.01
23,33.5,3,2,0,0.3434,124695.6,122402.97
23,33.5,3,3,0,0.3434,124663.6,122370.97
23,25.5,3,4,0,0.3434,124561.73,122338.98
23,25.5,3,5,0,0.3434,124529.73,122306.98
23,31.5,3,6,0,0.3434,124427.86,122274.99
23,31.5,3,7,0,0.3434,124395.86,122242.99
23,31.5,3,8,0,0.3434,124361.2,122211
23,31.5,3,9,0,0.3434,124329.21,122179
23,28.499999999999996,3,10,0,0.3434,124259.33,122179
23,28.499999999999996,3,11,0,0.3434,124227.33,122147.01
23,35,3,12,0,0.3081,123986.92,122115.01
23,35,3,13,0,0.3081,123954.92,122083.02
23,26,4,14,0,0.2879,123714.51,121212.47
23,26,3,15,0,0.2879,123682.51,121180.48
23,34.5,4,16,0,0.2096,123580.64,121148.48
23,34.5,4,17,0,0.2096,123548.65,121116.49
23,34.5,3,18,0,0.3056,123308.23,119422
23,34.5,3,19,0,0.3056,123276.24,119390
23,42,3,20,0,0.346,123067.81,119390
23,42,3,21,0,0.346,123035.82,119358.01
23,42,4,22,0,0.346,123001.16,119326.01
23,42,3,23,0,0.346,122969.16,119294.02
23,42,3,24,0,0.346,122934.5,119262.02
23,42,3,25,0,0.346,122902.51,119230.03
23,42,3,26,0,0.346,122867.85,119198.04
23,42,3,27,0,0.346,122835.85,119166.04
23,37,3,28,0,0.3258,122595.44,119134.05
23,37,3,29,0,0.3258,122563.44,119102.05
23,25,3,30,0,0.3258,122426.35,119102.05
23,25,4,31,0,0.3258,122394.36,119070.06
23,33.5,3,32,0,0.3333,122153.94,119038.06
23,33.5,3,33,0,0.3333,122121.95,119006.07
23,33.5,3,34,0,0.3333,121881.53,118974.07
23,33.5,3,35,0,0.3333,121849.54,118942.08
23,23,4,36,0,0.2828,121609.12,118910.08
23,23,4,37,0,0.2828,121577.13,118878.09
23,28.999999999999996,4,38,0,0.2828,121475.25,118846.09
23,28.999999999999996,4,39,0,0.2828,121443.26,118814.1
23,27.500000000000004,4,40,0,0.2652,121234.84,118814.1
23,27.500000000000004,4,41,0,0.2652,121202.84,118782.11
23,25,4,42,0,0.2652,121033.75,118750.11
23,25,4,43,0,0.2652,121001.76,118718.12
23,36.5,4,44,0,0.2879,120761.34,117847.57
23,36.5,4,45,0,0.2879,120729.35,117815.57
24,37.5,4,0,0,0.3434,124968.01,124968.01
24,37.5,4,1,0,0.3434,124936.01,124936.01
24,34.5,4,2,0,0.3434,124834.14,124065.46
24,34.5,4,3,0,0.3434,124802.14,124033.47
24,33.5,4,4,0,0.3687,124561.73,122338.98
24,33.5,4,5,0,0.3687,124529.73,122306.98
24,32,4,6,0,0.3687,124427.86,122274.99
24,32,4,7,0,0.3687,124395.86,122242.99
24,30.5,4,8,0,0.3687,124155.45,122211
24,30.5,4,9,0,0.3687,124123.45,122179
24,32,5,10,0,0.3687,124053.57,122179
24,32,4,11,0,0.3687,124021.58,122147.01
24,32,4,12,0,0.3687,123986.92,122115.01
24,32,4,13,0,0.3687,123954.92,122083.02
24,34,4,14,0,0.3687,123714.51,122051.03
24,34,4,15,0,0.3687,123682.51,122019.03
24,48,4,16,0,0.3763,123442.1,121955.04
24,48,4,17,0,0.3763,123410.1,121923.05
24,48,4,18,0,0.3763,123259.93,120504.94
24,48,4,19,0,0.3763,123227.94,120472.95
24,48,4,20,0,0.3763,123225.27,120472.95
24,48,4,21,0,0.3763,123193.28,120440.95
24,48,4,22,0,0.3763,123158.62,120408.96
24,48,4,23,0,0.3763,123126.62,120376.96
24,56.99999999999999,5,24,0,0.3788,122886.21,120344.97
24,56.99999999999999,4,25,0,0.3788,122854.21,120312.97
24,56.99999999999999,5,26,0,0.3788,122819.55,120248.98
24,56.99999999999999,5,27,0,0.3788,122787.56,120216.99
24,59.5,4,28,0,0.3763,122547.14,120184.99
24,59.5,4,29,0,0.3763,122515.15,120153
24,15.5,4,30,0,0.3535,122306.73,120153
24,15.5,4,31,0,0.3535,122274.73,120121.01
24,17,4,32,0,0.346,122105.64,119055.45
24,17,4,33,0,0.346,122073.65,119023.45
24,2,4,34,0,0.3636,121833.23,118991.46
24,2,4,35,0,0.3636,121801.24,118959.46
24,2.5,4,36,0,0.3939,121560.82,118878.09
24,2.5,4,37,0,0.3939,121528.83,118846.09
24,5,4,38,0,0.3939,121426.96,118814.1
24,5,4,39,0,0.3939,121394.96,118782.11
24,2.5,4,40,0,0.3712,121186.54,118782.11
24,2.5,4,41,0,0.3712,121154.55,118750.11
24,2.5,4,42,0,0.3712,120914.13,118718.12
24,2.5,4,43,0,0.3712,120882.14,118686.12
24,2.5,3,44,0,0.4015,120641.72,117236.02
24,2.5,3,45,0,0.4015,120609.73,117204.03
25,35,1,0,0,0.5139,124968.01,124968.01
25,35,1,1,0,0.5139,124936.01,124936.01
25,33,2,2,0,0.4003,124695.6,122402.97
25,33,3,3,0,0.4003,124663.6,122370.97
25,33.5,2,4,0,0.3763,124423.19,122338.98
25,33.5,2,5,0,0.3763,124391.19,122306.98
25,33.5,2,6,0,0.3763,124150.78,119773.94
25,33.5,2,7,0,0.3763,124118.78,119741.94
25,25.5,2,8,0,0.4589,123878.37,119709.95
25,25.5,1,9,0,0.4589,123846.37,119677.95
25,33.5,2,10,0,0.3855,123637.95,119677.95
25,33.5,2,11,0,0.3855,123605.96,119645.96
25,37.5,4,12,0,0.2917,123365.54,117112.91
25,37.5,3,13,0,0.2917,123333.55,117080.92
25,28.000000000000004,4,14,0,0.2121,123093.13,117048.93
25,28.000000000000004,4,15,0,0.2121,123061.14,117016.93
25,28.000000000000004,4,16,0,0.2121,123026.47,116984.94
25,28.000000000000004,4,17,0,0.2121,122994.48,116952.94
25,28.000000000000004,4,18,0,0.2121,122959.82,116920.95
25,28.000000000000004,4,19,0,0.2121,122927.82,116888.95
25,30,4,20,0,0.2121,122857.94,116888.95
25,30,4,21,0,0.2121,122825.95,116856.96
25,30,4,22,0,0.2121,122791.29,116824.96
25,30,4,23,0,0.2121,122759.29,116792.97
25,27.500000000000004,4,24,0,0.2121,122518.88,116760.97
25,27.500000000000004,4,25,0,0.2121,122486.88,116728.98
25,27,4,26,0,0.197,122246.47,116696.99
25,27,4,27,0,0.197,122214.47,116664.99
25,27,4,28,0,0.197,121974.06,114131.95
25,27,5,29,0,0.197,121942.06,114099.95
25,32.5,6,30,0,0.1768,121733.64,114099.95
25,32.5,4,31,0,0.1768,121701.65,114067.96
25,27.500000000000004,4,32,0,0.1768,121461.23,114035.96
25,27.500000000000004,4,33,0,0.1768,121429.24,114003.97
25,27.500000000000004,4,34,0,0.1768,121188.82,113971.97
25,27.500000000000004,5,35,0,0.1768,121156.83,113939.98
25,27.500000000000004,4,36,0,0.1768,121079.85,113907.98
25,27.500000000000004,4,37,0,0.1768,121047.86,113875.99
25,17.5,6,38,0,0.1288,120807.44,113843.99
25,17.5,5,39,0,0.1288,120775.45,113812
25,22.5,7,40,0,0.1061,120567.03,113812
25,22.5,6,41,0,0.1061,120535.03,113780.01
25,22.5,6,42,0,0.1061,120294.62,113748.01
25,22.5,6,43,0,0.1061,120262.62,113716.02
25,21,6,44,0,0.2336,120227.96,113684.02
25,21,5,45,0,0.2336,120195.97,113652.03
26,49,3,0,0,0.2184,124968.01,124968.01
26,49,3,1,0,0.2184,124936.01,124936.01
26,45,3,2,0,0.2184,124834.14,124065.46
26,45,3,3,0,0.2184,124802.14,124033.47
26,59.5,4,4,0,0.297,124561.73,122338.98
26,59.5,2,5,0,0.297,124529.73,122306.98
26,59.5,2,6,0,0.297,124495.07,122274.99
26,59.5,4,7,0,0.297,124463.08,122242.99
26,57.49999999999999,2,8,0,0.297,124293.99,120565.89
26,57.49999999999999,3,9,0,0.297,124261.99,120533.89
26,57.49999999999999,3,10,0,0.297,124259.33,120501.9
26,57.49999999999999,3,11,0,0.297,124227.33,120469.9
26,59,2,12,0,0.297,124125.46,120437.91
26,59,2,13,0,0.297,124093.47,120405.91
26,60,3,14,0,0.3101,123853.05,120373.92
26,60,2,15,0,0.3101,123821.06,120341.92
26,25,3,16,0,0.2298,123724.22,120309.93
26,25,3,17,0,0.2298,123692.22,120277.94
26,11.5,4,18,0,0.2462,123451.81,120245.94
26,11.5,3,19,0,0.2462,123419.81,120213.95
26,15,3,20,0,0.2576,123211.39,117712.9
26,15,3,21,0,0.2576,123179.4,117680.9
26,13.5,4,22,0,0.2386,122938.98,117648.91
26,13.5,3,23,0,0.2386,122906.99,117616.91
26,14.499999999999998,3,24,0,0.2462,122666.57,117584.92
26,14.499999999999998,3,25,0,0.2462,122634.58,117552.92
26,13.5,4,26,0,0.1894,122500.53,117520.93
26,13.5,4,27,0,0.1894,122468.53,117488.93
26,3,3,28,0,0.2677,122228.12,117456.94
26,3,3,29,0,0.2677,122196.12,117424.94
26,33.5,3,30,0,0.2626,121987.7,117424.94
26,33.5,4,31,0,0.2626,121955.71,117392.95
26,33.5,3,32,0,0.2626,121921.05,117360.96
26,33.5,3,33,0,0.2626,121889.05,117328.96
26,35,3,34,0,0.2904,121648.64,114795.92
26,35,3,35,0,0.2904,121616.64,114763.92
26,31.5,3,36,0,0.2904,121447.56,113086.81
26,31.5,3,37,0,0.2904,121415.56,113054.82
26,34,3,38,0,0.2904,121175.15,113022.83
26,34,4,39,0,0.2904,121143.15,112990.83
26,25.5,3,40,0,0.2828,120934.73,112990.83
26,25.5,3,41,0,0.2828,120902.74,112958.84
26,28.000000000000004,3,42,0,0.2904,120662.32,112926.84
26,28.000000000000004,3,43,0,0.2904,120630.33,112894.85
26,27,3,44,0,0.298,120389.91,112862.85
26,27,3,45,0,0.298,120357.92,112830.86
27,40.5,5,0,0,0.2374,124968.01,124968.01
27,40.5,5,1,0,0.2374,124936.01,124936.01
27,43.5,5,2,0,0.2374,124834.14,124065.46
27,43.5,5,3,0,0.2374,124802.14,124033.47
27,39,4,4,0,0.3157,124561.73,122338.98
27,39,4,5,0,0.3157,124529.73,122306.98
27,39,4,6,0,0.3157,124495.07,122274.99
27,39,4,7,0,0.3157,124463.08,122242.99
27,41,5,8,0,0.3005,124222.66,122179
27,41,5,9,0,0.3005,124190.67,122147.01
27,38.5,5,10,0,0.3005,124120.79,122147.01
27,38.5,5,11,0,0.3005,124088.79,122115.01
27,36.5,6,12,0,0.3081,123848.38,119581.97
27,36.5,4,13,0,0.3081,123816.38,119549.98
27,31,4,14,0,0.3081,123714.51,119517.98
27,31,5,15,0,0.3081,123682.51,119485.99
27,31,4,16,0,0.3081,123647.85,119453.99
27,31,4,17,0,0.3081,123615.86,119422
27,66,4,18,0,0.3081,123375.44,119390
27,66,5,19,0,0.3081,123343.45,119358.01
27,69,4,20,0,0.3081,123259.62,119358.01
27,69,4,21,0,0.3081,123227.63,119326.01
27,69,4,22,0,0.3194,122987.21,119294.02
27,69,4,23,0,0.3194,122955.22,119262.02
27,69,4,24,0,0.3194,122920.56,119230.03
27,69,4,25,0,0.3194,122888.56,119198.04
27,77.5,4,26,0,0.346,122648.15,119166.04
27,77.5,4,27,0,0.346,122616.15,119134.05
27,77.5,5,28,0,0.2551,122375.74,116601
27,77.5,5,29,0,0.2551,122343.74,116569.01
27,77.5,5,30,0,0.2551,122341.08,116569.01
27,77.5,5,31,0,0.2551,122309.08,116537.01
27,27.500000000000004,5,32,0,0.2702,122068.67,116505.02
27,27.500000000000004,5,33,0,0.2702,122036.67,116473.02
27,27.500000000000004,5,34,0,0.2702,122002.01,116441.03
27,27.500000000000004,5,35,0,0.2702,121970.02,116409.03
27,36.5,5,36,0,0.2475,121729.6,116377.04
27,36.5,5,37,0,0.2475,121697.61,116345.04
27,43,5,38,0,0.3157,121457.19,116313.05
27,43,4,39,0,0.3157,121425.2,116281.06
27,48.5,4,40,0,0.2985,121216.78,115442.5
27,48.5,4,41,0,0.2985,121184.78,115410.51
27,43,4,42,0,0.2644,120944.37,115378.51
27,43,4,43,0,0.2644,120912.37,115346.52
27,43.5,3,44,0,0.3881,120671.96,115314.52
27,43.5,3,45,0,0.3881,120639.96,115282.53
28,45.5,5,0,0,0.1742,124968.01,124968.01
28,45.5,4,1,0,0.1742,124936.01,124936.01
28,46.5,6,2,0,0.1515,124695.6,122402.97
28,46.5,6,3,0,0.1515,124663.6,122370.97
28,41,5,4,0,0.1515,124561.73,122338.98
28,41,7,5,0,0.1515,124529.73,122306.98
28,39,5,6,0,0.1515,124427.86,122274.99
28,39,5,7,0,0.1515,124395.86,122242.99
28,42.5,5,8,0,0.1515,124361.2,122211
28,42.5,5,9,0,0.1515,124329.21,122179
28,41,6,10,0,0.1515,124120.79,122179
28,41,5,11,0,0.1515,124088.79,122147.01
28,39.5,5,12,0,0.1515,123848.38,122115.01
28,39.5,5,13,0,0.1515,123816.38,122083.02
28,36,5,14,0,0.1591,123575.97,122051.03
28,36,7,15,0,0.1591,123543.97,122019.03
28,20,5,16,0,0.1894,123303.56,121987.04
28,20,5,17,0,0.1894,123271.56,121955.04
28,20,5,18,0,0.1894,123236.9,121923.05
28,20,5,19,0,0.1894,123204.91,121891.05
28,16.5,5,20,0,0.1894,122998.61,119415.51
28,16.5,5,21,0,0.1894,122966.62,119383.52
28,16.5,4,22,0,0.2121,122726.2,116850.47
28,16.5,4,23,0,0.2121,122694.21,116818.48
28,21,4,24,0,0.2121,122592.33,116786.48
28,21,4,25,0,0.2121,122560.34,116754.49
28,21,4,26,0,0.2121,122525.68,116722.5
28,21,4,27,0,0.2121,122493.68,116690.5
28,17,4,28,0,0.2121,122253.27,116658.51
28,17,4,29,0,0.2121,122221.27,116626.51
28,22,4,30,0,0.2121,122151.39,116626.51
28,22,5,31,0,0.2121,122119.4,116594.52
28,22,4,32,0,0.2121,122084.74,116562.52
28,22,5,33,0,0.2121,122052.74,116530.53
28,25.5,4,34,0,0.2045,121812.33,116498.53
28,25.5,4,35,0,0.2045,121780.33,116466.54
28,24,4,36,0,0.2045,121745.67,116434.54
28,24,5,37,0,0.2045,121713.68,116402.55
28,18.5,3,38,0,0.2323,121473.26,116370.56
28,18.5,3,39,0,0.2323,121441.27,116338.56
28,19.5,3,40,0,0.2323,121232.85,116338.56
28,19.5,3,41,0,0.2323,121200.85,116306.57
28,19.5,3,42,0,0.2323,120960.44,116274.57
28,19.5,5,43,0,0.2323,120928.44,116242.58
28,20,5,44,0,0.1288,120688.03,116210.58
28,20,5,45,0,0.1288,120656.03,116178.59
29,37,4,0,0,0.1818,124968.01,124968.01
29,37,4,1,0,0.1818,124936.01,124936.01
29,33,5,2,0,0.1667,124695.6,122402.97
29,33,5,3,0,0.1667,124663.6,122370.97
29,38.5,6,4,0,0.1667,124423.19,122338.98
29,38.5,5,5,0,0.1667,124391.19,122306.98
29,38.5,5,6,0,0.1667,124200.58,122274.99
29,38.5,5,7,0,0.1667,124168.59,122242.99
29,38.5,5,8,0,0.1667,123928.17,119709.95
29,38.5,5,9,0,0.1667,123896.18,119677.95
29,38,5,10,0,0.1742,123687.75,119677.95
29,38,5,11,0,0.1742,123655.76,119645.96
29,43.5,5,12,0,0.1818,123415.34,119613.96
29,43.5,5,13,0,0.1818,123383.35,119581.97
29,39.5,4,14,0,0.2121,123142.93,119549.98
29,39.5,4,15,0,0.2121,123110.94,119517.98
29,12,4,16,0,0.2121,122870.52,119485.99
29,12,4,17,0,0.2121,122838.53,119453.99
29,12,4,18,0,0.2121,122803.87,119422
29,12,4,19,0,0.2121,122771.87,119390
29,11.5,4,20,0,0.2121,122563.45,116888.95
29,11.5,4,21,0,0.2121,122531.46,116856.96
29,10,4,22,0,0.202,122291.04,116824.96
29,10,4,23,0,0.202,122259.05,116792.97
29,11,4,24,0,0.2197,122018.63,116760.97
29,11,4,25,0,0.2197,121986.64,116728.98
29,9.5,4,26,0,0.2121,121746.22,116696.99
29,9.5,4,27,0,0.2121,121714.23,116664.99
29,10,4,28,0,0.2121,121679.57,116633
29,10,4,29,0,0.2121,121647.57,116601
29,10,4,30,0,0.2121,121644.91,116601
29,10,5,31,0,0.2121,121612.91,116569.01
29,44.5,4,32,0,0.2273,121372.5,116537.01
29,44.5,4,33,0,0.2273,121340.5,116505.02
29,46,4,34,0,0.2197,121100.09,116473.02
29,46,4,35,0,0.2197,121068.09,116441.03
29,43,5,36,0,0.202,120827.68,116409.03
29,43,5,37,0,0.202,120795.68,116377.04
29,44.5,4,38,0,0.202,120669.48,116345.04
29,44.5,4,39,0,0.202,120637.48,116313.05
29,44,4,40,0,0.1944,120429.06,116313.05
29,44,5,41,0,0.1944,120397.07,116281.06
29,44,4,42,0,0.1944,120362.41,116249.06
29,44,4,43,0,0.1944,120330.41,116217.07
29,35.5,5,44,0,0.1944,120295.75,116185.07
29,35.5,4,45,0,0.1944,120263.76,116153.08
30,52,4,0,0,0.2706,124968.01,124968.01
30,52,4,1,0,0.2706,124936.01,124936.01
30,57.49999999999999,5,2,0,0.2414,124695.6,122402.97
30,57.49999999999999,4,3,0,0.2414,124663.6,122370.97
30,54.50000000000001,5,4,0,0.2013,124423.19,122338.98
30,54.50000000000001,5,5,0,0.2013,124391.19,122306.98
30,59,5,6,0,0.2013,124289.32,122274.99
30,59,5,7,0,0.2013,124257.32,122242.99
30,47.5,4,8,0,0.2856,124016.91,122211
30,47.5,4,9,0,0.2856,123984.91,122179
30,47.5,5,10,0,0.2856,123982.25,122179
30,47.5,4,11,0,0.2856,123950.25,122147.01
30,46.5,4,12,0,0.2856,123848.38,122115.01
30,46.5,4,13,0,0.2856,123816.38,122083.02
30,48,6,14,0,0.2714,123575.97,122051.03
30,48,5,15,0,0.2714,123543.97,122019.03
30,28.999999999999996,5,16,0,0.2013,123442.1,121987.04
30,28.999999999999996,5,17,0,0.2013,123410.1,121955.04
30,29.5,5,18,0,0.2013,123308.11,121923.05
30,29.5,5,19,0,0.2013,123276.11,121891.05
30,34.5,5,20,0,0.2013,123273.45,121859.06
30,34.5,6,21,0,0.2013,123241.45,121827.06
30,33,5,22,0,0.2013,123001.04,121795.07
30,33,5,23,0,0.2013,122969.04,121763.07
30,33,5,24,0,0.2013,122934.38,121731.08
30,33,5,25,0,0.2013,122902.39,121699.09
30,33,5,26,0,0.2013,122867.72,121667.09
30,33,5,27,0,0.2013,122835.73,121635.1
30,33,5,28,0,0.2013,122801.07,121603.1
30,33,5,29,0,0.2013,122769.07,121571.11
30,33,5,30,0,0.2013,122721.61,121033.55
30,33,5,31,0,0.2013,122689.62,121001.56
30,30,6,32,0,0.1414,122449.2,120969.56
30,30,6,33,0,0.1414,122417.21,120937.57
30,27.500000000000004,6,34,0,0.1414,122382.55,120905.57
30,27.500000000000004,7,35,0,0.1414,122350.55,120873.58
30,27.500000000000004,6,36,0,0.1414,122110.14,118878.09
30,27.500000000000004,6,37,0,0.1414,122078.14,118846.09
30,27.500000000000004,6,38,0,0.1414,121837.73,118814.1
30,27.500000000000004,7,39,0,0.1414,121805.73,118782.11
30,23,6,40,0,0.1364,121712.29,118782.11
30,23,6,41,0,0.1364,121680.3,118750.11
30,30,6,42,0,0.1364,121645.64,118718.12
30,30,6,43,0,0.1364,121613.64,118686.12
30,30,6,44,0,0.1364,121578.98,118654.13
30,30,7,45,0,0.1364,121546.99,118622.13
31,39.5,5,0,0,0.1717,124968.01,124968.01
31,39.5,4,1,0,0.1717,124936.01,124936.01
31,39.5,4,2,0,0.1717,124901.35,124872.02
31,39.5,5,3,0,0.1717,124869.36,124840.03
31,39.5,5,4,0,0.1717,124834.69,124808.03
31,39.5,4,5,0,0.1717,124802.7,124776.04
31,42.5,4,6,0,0.1717,124700.83,123937.48
31,42.5,4,7,0,0.1717,124668.83,123905.49
31,38,6,8,0,0.1717,124428.42,121372.45
31,38,4,9,0,0.1717,124396.42,121340.45
31,38.5,4,10,0,0.1717,124326.54,121340.45
31,38.5,5,11,0,0.1717,124294.55,121308.46
31,37,4,12,0,0.1717,124192.67,121276.46
31,37,4,13,0,0.1717,124160.68,121244.47
31,39.5,5,14,0,0.1717,124058.8,121212.47
31,39.5,4,15,0,0.1717,124026.81,121180.48
31,33,4,16,0,0.1869,123786.39,121148.48
31,33,5,17,0,0.1869,123754.4,121116.49
31,39,4,18,0,0.1717,123513.98,121084.49
31,39,4,19,0,0.1717,123481.99,121052.5
31,39,4,20,0,0.1717,123479.32,121052.5
31,39,4,21,0,0.1717,123447.33,121020.5
31,35.5,4,22,0,0.1894,123206.91,120988.51
31,35.5,4,23,0,0.1894,123174.92,120956.52
31,34,4,24,0,0.1894,123005.83,120117.96
31,34,4,25,0,0.1894,122973.84,120085.97
31,36,4,26,0,0.1894,122871.96,120053.97
31,36,5,27,0,0.1894,122839.97,120021.98
31,38,5,28,0,0.1894,122670.88,119989.98
31,38,4,29,0,0.1894,122638.89,119957.99
31,35.5,5,30,0,0.1894,122636.22,119957.99
31,35.5,4,31,0,0.1894,122604.23,119925.99
31,35.5,4,32,0,0.1894,122569.57,119894
31,35.5,4,33,0,0.1894,122537.57,119862.01
31,32.5,5,34,0,0.1924,122297.15,119830.01
31,32.5,4,35,0,0.1924,122265.16,119798.02
31,30,5,36,0,0.1414,122024.74,118071.53
31,30,6,37,0,0.1414,121992.75,118039.54
31,26,6,38,0,0.1414,121890.88,118007.54
31,26,5,39,0,0.1414,121858.88,117975.55
31,34.5,6,40,0,0.1924,121721.79,117975.55
31,34.5,5,41,0,0.1924,121689.79,117943.55
31,28.499999999999996,5,42,0,0.1924,121520.71,117911.56
31,28.499999999999996,4,43,0,0.1924,121488.71,117879.56
31,34.5,4,44,0,0.1992,121248.3,117041.01
31,34.5,4,45,0,0.1992,121216.3,117009.01
32,39,5,0,0,0.1818,124968.01,124968.01
32,39,4,1,0,0.1818,124936.01,124936.01
32,39.5,4,2,0,0.197,124695.6,122402.97
32,39.5,4,3,0,0.197,124663.6,122370.97
32,46.5,5,4,0,0.197,124423.19,122338.98
32,46.5,4,5,0,0.197,124391.19,122306.98
32,39,4,6,0,0.197,124150.78,122274.99
32,39,4,7,0,0.197,124118.78,122242.99
32,39,4,8,0,0.197,124084.12,122211
32,39,4,9,0,0.197,124052.13,122179
32,33.5,4,10,0,0.197,123843.7,122179
32,33.5,4,11,0,0.197,123811.71,122147.01
32,33.5,4,12,0,0.197,123777.05,122083.02
32,33.5,4,13,0,0.197,123745.05,122051.03
32,32.5,4,14,0,0.1894,123504.64,122019.03
32,32.5,4,15,0,0.1894,123472.64,121987.04
32,36,5,16,0,0.1894,123370.77,121955.04
32,36,6,17,0,0.1894,123338.78,121923.05
32,35,4,18,0,0.1894,123098.36,119422
32,35,5,19,0,0.1894,123066.37,119390
32,35,5,20,0,0.1894,123008.92,118700.66
32,35,4,21,0,0.1894,122976.93,118668.67
32,45.5,3,22,0,0.2386,122736.51,118636.67
32,45.5,4,23,0,0.2386,122704.52,118604.68
32,43,3,24,0,0.2386,122535.43,118572.68
32,43,3,25,0,0.2386,122503.43,118540.69
32,51.5,3,26,0,0.2386,122326.21,118508.69
32,51.5,3,27,0,0.2386,122294.22,118476.7
32,51.5,5,28,0,0.2386,122259.56,118444.7
32,51.5,3,29,0,0.2386,122227.56,118412.71
32,20,5,30,0,0.2386,122090.47,116767.6
32,20,4,31,0,0.2386,122058.48,116735.6
32,14.000000000000002,4,32,0,0.202,121818.06,116703.61
32,14.000000000000002,4,33,0,0.202,121786.07,116671.61
32,13.5,4,34,0,0.202,121616.98,116639.62
32,13.5,5,35,0,0.202,121584.99,116607.62
32,13,4,36,0,0.202,121550.32,116575.63
32,13,4,37,0,0.202,121518.33,116543.63
32,13,5,38,0,0.202,121277.91,116511.64
32,13,4,39,0,0.202,121245.92,116479.65
32,15,5,40,0,0.1742,121037.5,116479.65
32,15,5,41,0,0.1742,121005.5,116447.65
32,19.5,5,42,0,0.1742,120970.84,116415.66
32,19.5,5,43,0,0.1742,120938.85,116383.66
32,14.000000000000002,5,44,0,0.1742,120769.76,116351.67
32,14.000000000000002,5,45,0,0.1742,120737.77,116319.67
33,25.5,7,0,0,0.1061,124968.01,124968.01
33,25.5,6,1,0,0.1061,124936.01,124936.01
33,31.5,6,2,0,0.1061,124695.6,122402.97
33,31.5,6,3,0,0.1061,124663.6,122370.97
33,32,6,4,0,0.1136,124423.19,122338.98
33,32,6,5,0,0.1136,124391.19,122306.98
33,28.999999999999996,7,6,0,0.1136,124150.78,122274.99
33,28.999999999999996,6,7,0,0.1136,124118.78,122242.99
33,42.5,5,8,0,0.1439,123878.37,119709.95
33,42.5,5,9,0,0.1439,123846.37,119677.95
33,36.5,5,10,0,0.1439,123637.95,119677.95
33,36.5,5,11,0,0.1439,123605.96,119645.96
33,35.5,6,12,0,0.1364,123365.54,119613.96
33,35.5,5,13,0,0.1364,123333.55,119581.97
33,35.5,5,14,0,0.1364,123231.67,119549.98
33,35.5,5,15,0,0.1364,123199.68,119517.98
33,36,5,16,0,0.1364,123097.8,119485.99
33,36,5,17,0,0.1364,123065.81,119453.99
33,36,5,18,0,0.1364,123031.15,119422
33,36,6,19,0,0.1364,122999.15,119390
33,37.5,5,20,0,0.1364,122929.27,119390
33,37.5,5,21,0,0.1364,122897.28,119358.01
33,31.5,5,22,0,0.1364,122728.19,119326.01
33,31.5,5,23,0,0.1364,122696.2,119294.02
33,24,5,24,0,0.1364,122455.78,116760.97
33,24,5,25,0,0.1364,122423.79,116728.98
33,24,5,26,0,0.1364,122389.13,116696.99
33,24,5,27,0,0.1364,122357.13,116664.99
33,13,5,28,0,0.1364,122116.72,116633
33,13,5,29,0,0.1364,122084.72,116601
33,13,5,30,0,0.1364,122082.05,116601
33,13,6,31,0,0.1364,122050.06,116569.01
33,23,6,32,0,0.1439,121809.64,116537.01
33,23,5,33,0,0.1439,121777.65,116505.02
33,29.5,6,34,0,0.1439,121608.56,114827.91
33,29.5,5,35,0,0.1439,121576.57,114795.92
33,28.999999999999996,4,36,0,0.1742,121336.15,114763.92
33,28.999999999999996,5,37,0,0.1742,121304.16,114731.93
33,28.999999999999996,5,38,0,0.1742,121269.5,114667.94
33,28.999999999999996,4,39,0,0.1742,121237.5,114635.94
33,28.999999999999996,4,40,0,0.1742,121234.84,114635.94
33,28.999999999999996,5,41,0,0.1742,121202.84,114603.95
33,28.999999999999996,4,42,0,0.1742,120962.43,114571.95
33,28.999999999999996,4,43,0,0.1742,120930.43,114539.96
33,28.999999999999996,4,44,0,0.1742,120895.77,114507.96
33,28.999999999999996,6,45,0,0.1742,120863.78,114475.97
34,33,5,0,0,0.1869,124968.01,124968.01
34,33,5,1,0,0.1869,124936.01,124936.01
34,23.5,4,2,0,0.2096,124695.6,122402.97
34,23.5,4,3,0,0.2096,124663.6,122370.97
34,28.000000000000004,4,4,0,0.2096,124561.73,122338.98
34,28.000000000000004,5,5,0,0.2096,124529.73,122306.98
34,13.5,4,6,0,0.2146,124289.32,122274.99
34,13.5,4,7,0,0.2146,124257.32,122242.99
34,13.5,4,8,0,0.2146,124222.66,122211
34,13.5,5,9,0,0.2146,124190.67,122179
34,19,4,10,0,0.2222,123982.25,119677.95
34,19,4,11,0,0.2222,123950.25,119645.96
34,11.5,4,12,0,0.2222,123709.84,119613.96
34,11.5,4,13,0,0.2222,123677.84,119581.97
34,13.5,4,14,0,0.2222,123643.18,119549.98
34,13.5,5,15,0,0.2222,123611.19,119517.98
34,42.5,5,16,0,0.1818,123370.77,119485.99
34,42.5,5,17,0,0.1818,123338.78,119453.99
34,29.5,4,18,0,0.2803,123098.36,119422
34,29.5,4,19,0,0.2803,123066.37,119390
34,45,4,20,0,0.3515,122857.94,119358.01
34,45,3,21,0,0.3515,122825.95,119326.01
34,39,3,22,0,0.3515,122585.53,119294.02
34,39,3,23,0,0.3515,122553.54,119262.02
34,40,3,24,0,0.3515,122451.67,119230.03
34,40,3,25,0,0.3515,122419.67,119198.04
34,39,3,26,0,0.3515,122317.8,119166.04
34,39,3,27,0,0.3515,122285.8,119134.05
34,43,3,28,0,0.3515,122045.39,119102.05
34,43,3,29,0,0.3515,122013.39,119070.06
34,10.5,4,30,0,0.3626,121804.97,119070.06
34,10.5,3,31,0,0.3626,121772.98,119038.06
34,13.5,3,32,0,0.3626,121603.89,117360.96
34,13.5,3,33,0,0.3626,121571.9,117328.96
34,14.000000000000002,4,34,0,0.2096,121331.48,117296.97
34,14.000000000000002,4,35,0,0.2096,121299.49,117264.97
34,11.5,5,36,0,0.1894,121059.07,117232.98
34,11.5,5,37,0,0.1894,121027.08,117200.98
34,9,5,38,0,0.1894,120925.2,117168.99
34,9,6,39,0,0.1894,120893.21,117136.99
34,13,5,40,0,0.1894,120890.54,117136.99
34,13,5,41,0,0.1894,120858.55,117105
34,8,6,42,0,0.1894,120823.89,117073
34,8,5,43,0,0.1894,120791.89,117041.01
34,11,5,44,0,0.1894,120757.23,117009.01
34,11,5,45,0,0.1894,120725.24,116977.02
35,23,4,0,0,0.2235,124968.01,124968.01
35,23,5,1,0,0.2235,124936.01,124936.01
35,30.5,4,2,0,0.2134,124695.6,122402.97
35,30.5,5,3,0,0.2134,124663.6,122370.97
35,21,3,4,0,0.253,124423.19,122338.98
35,21,3,5,0,0.253,124391.19,122306.98
35,22.5,3,6,0,0.253,124289.32,122274.99
35,22.5,3,7,0,0.253,124257.32,122242.99
35,24,5,8,0,0.253,124155.45,121372.45
35,24,3,9,0,0.253,124123.45,121340.45
35,24,3,10,0,0.253,123915.03,119677.95
35,24,3,11,0,0.253,123883.04,119645.96
35,20,3,12,0,0.253,123781.16,119613.96
35,20,3,13,0,0.253,123749.17,119581.97
35,20,4,14,0,0.1768,123508.75,119549.98
35,20,4,15,0,0.1768,123476.76,119517.98
35,42.5,4,16,0,0.2677,123236.34,116984.94
35,42.5,3,17,0,0.2677,123204.35,116952.94
35,41.5,3,18,0,0.2551,123102.48,116920.95
35,41.5,3,19,0,0.2551,123070.48,116888.95
35,45.5,3,20,0,0.2551,123067.81,116888.95
35,45.5,4,21,0,0.2551,123035.82,116856.96
35,45.5,3,22,0,0.2551,123001.16,116824.96
35,45.5,3,23,0,0.2551,122969.16,116792.97
35,34,4,24,0,0.2472,122728.75,116760.97
35,34,3,25,0,0.2472,122696.75,116728.98
35,43.5,4,26,0,0.2601,122456.34,116696.99
35,43.5,3,27,0,0.2601,122424.34,116664.99
35,41.5,4,28,0,0.1869,122322.47,116633
35,41.5,4,29,0,0.1869,122290.48,116601
35,41.5,4,30,0,0.1869,122082.05,116601
35,41.5,4,31,0,0.1869,122050.06,116569.01
35,41.5,5,32,0,0.1869,122015.4,116537.01
35,41.5,5,33,0,0.1869,121983.4,116505.02
35,4,4,34,0,0.1768,121742.99,116473.02
35,4,4,35,0,0.1768,121710.99,116441.03
35,3,4,36,0,0.1768,121676.33,116377.04
35,3,4,37,0,0.1768,121644.34,116345.04
35,3,5,38,0,0.1768,121609.68,116313.05
35,3,4,39,0,0.1768,121577.68,116281.06
35,2,4,40,0,0.1768,121575.02,116281.06
35,2,4,41,0,0.1768,121543.02,116249.06
35,3.5000000000000004,5,42,0,0.1944,121302.61,116217.07
35,3.5000000000000004,4,43,0,0.1944,121270.61,116185.07
35,5,4,44,0,0.1944,121030.2,116153.08
35,5,4,45,0,0.1944,120998.2,116121.08
36,11,4,0,0,0.3838,124968.01,124968.01
36,11,4,1,0,0.3838,124936.01,124936.01
36,11.5,4,2,0,0.3553,124695.6,122402.97
36,11.5,4,3,0,0.3553,124663.6,122370.97
36,16,5,4,0,0.3157,124423.19,122338.98
36,16,5,5,0,0.3157,124391.19,122306.98
36,15.5,5,6,0,0.3157,124289.32,122274.99
36,15.5,5,7,0,0.3157,124257.32,122242.99
36,15.5,5,8,0,0.3157,124016.91,119709.95
36,15.5,5,9,0,0.3157,123984.91,119677.95
36,15.5,5,10,0,0.3157,123982.25,119677.95
36,15.5,5,11,0,0.3157,123950.25,119645.96
36,18.5,5,12,0,0.3157,123709.84,119613.96
36,18.5,5,13,0,0.3157,123677.84,119581.97
36,12.5,5,14,0,0.3157,123437.43,119549.98
36,12.5,5,15,0,0.3157,123405.43,119517.98
36,12.5,5,16,0,0.3157,123370.77,119485.99
36,12.5,5,17,0,0.3157,123338.78,119453.99
36,56.49999999999999,5,18,0,0.3157,123236.9,119422
36,56.49999999999999,5,19,0,0.3157,123204.91,119390
36,65,5,20,0,0.3056,122996.49,119390
36,65,5,21,0,0.3056,122964.49,119358.01
36,60,4,22,0,0.375,122724.08,119326.01
36,60,4,23,0,0.375,122692.08,119294.02
36,59.5,4,24,0,0.3263,122451.67,119262.02
36,59.5,4,25,0,0.3263,122419.67,119230.03
36,56.49999999999999,4,26,0,0.3263,122179.26,119198.04
36,56.49999999999999,4,27,0,0.3263,122147.26,119166.04
36,52,6,28,0,0.2593,121906.85,119134.05
36,52,5,29,0,0.2593,121874.85,119102.05
36,44,5,30,0,0.2727,121666.43,119102.05
36,44,5,31,0,0.2727,121634.44,119070.06
36,40,5,32,0,0.2727,121599.78,119038.06
36,40,5,33,0,0.2727,121567.78,119006.07
36,38,6,34,0,0.2096,121327.37,118942.08
36,38,6,35,0,0.2096,121295.37,118910.08
36,39,7,36,0,0.2096,121260.71,118878.09
36,39,6,37,0,0.2096,121228.72,118846.09
36,43.5,5,38,0,0.2247,120988.3,118814.1
36,43.5,5,39,0,0.2247,120956.31,118782.11
36,34,3,40,0,0.3293,120747.88,118782.11
36,34,3,41,0,0.3293,120715.89,118750.11
36,39.5,4,42,0,0.2273,120475.47,118718.12
36,39.5,4,43,0,0.2273,120443.48,118686.12
36,39,5,44,0,0.1818,120203.06,118654.13
36,39,5,45,0,0.1818,120171.07,118622.13
37,27.500000000000004,3,0,0,0.3689,124968.01,124968.01
37,27.500000000000004,3,1,0,0.3689,124936.01,124936.01
37,29.5,3,2,0,0.4051,124695.6,122402.97
37,29.5,3,3,0,0.4051,124663.6,122370.97
37,22.5,4,4,0,0.4374,124423.19,122338.98
37,22.5,3,5,0,0.4374,124391.19,122306.98
37,16,3,6,0,0.4374,124150.78,122274.99
37,16,3,7,0,0.4374,124118.78,122242.99
37,23.5,4,8,0,0.4374,124016.91,122211
37,23.5,3,9,0,0.4374,123984.91,122179
37,21,3,10,0,0.4374,123915.03,122179
37,21,3,11,0,0.4374,123883.04,122147.01
37,17.5,3,12,0,0.4374,123642.62,121276.46
37,17.5,3,13,0,0.4374,123610.63,121244.47
37,28.499999999999996,4,14,0,0.3434,123370.21,121212.47
37,28.499999999999996,4,15,0,0.3434,123338.22,121180.48
37,42.5,4,16,0,0.3194,123097.8,121148.48
37,42.5,4,17,0,0.3194,123065.81,121116.49
37,42.5,4,18,0,0.3194,123031.15,121084.49
37,42.5,4,19,0,0.3194,122999.15,121052.5
37,47.5,4,20,0,0.3194,122790.73,121020.5
37,47.5,4,21,0,0.3194,122758.74,120988.51
37,47.5,5,22,0,0.3194,122518.32,119326.01
37,47.5,4,23,0,0.3194,122486.33,119294.02
37,46.5,3,24,0,0.3497,122245.91,119262.02
37,46.5,3,25,0,0.3497,122213.92,119230.03
37,42,3,26,0,0.3497,122179.26,119198.04
37,42,3,27,0,0.3497,122147.26,119166.04
37,42,3,28,0,0.3497,122112.6,119134.05
37,42,3,29,0,0.3497,122080.61,119102.05
37,40,3,30,0,0.3232,121872.19,119102.05
37,40,3,31,0,0.3232,121840.19,119070.06
37,47,3,32,0,0.3157,121599.78,119038.06
37,47,3,33,0,0.3157,121567.78,119006.07
37,47,3,34,0,0.3157,121533.12,118974.07
37,47,3,35,0,0.3157,121501.13,118942.08
37,41.5,3,36,0,0.303,121260.71,118910.08
37,41.5,4,37,0,0.303,121228.72,118878.09
37,44.5,3,38,0,0.3106,120988.3,118846.09
37,44.5,3,39,0,0.3106,120956.31,118814.1
37,43.5,4,40,0,0.303,120747.88,116313.05
37,43.5,3,41,0,0.303,120715.89,116281.06
37,42.5,3,42,0,0.3106,120475.47,113748.01
37,42.5,3,43,0,0.3106,120443.48,113716.02
37,43,3,44,0,0.3106,120408.82,113684.02
37,43,3,45,0,0.3106,120376.82,113652.03
38,55.00000000000001,6,0,0,0.1937,124968.01,124968.01
38,55.00000000000001,6,1,0,0.1937,124936.01,124936.01
38,55.00000000000001,6,2,0,0.1937,124901.35,124872.02
38,55.00000000000001,6,3,0,0.1937,124869.36,124840.03
38,54.50000000000001,6,4,0,0.1937,124767.48,124001.47
38,54.50000000000001,6,5,0,0.1937,124735.49,123969.48
38,43,6,6,0,0.1944,124495.07,122274.99
38,43,7,7,0,0.1944,124463.08,122242.99
38,43,6,8,0,0.1944,124428.42,122211
38,43,6,9,0,0.1944,124396.42,122179
38,43,6,10,0,0.1944,124393.76,122179
38,43,6,11,0,0.1944,124361.76,122147.01
38,43,6,12,0,0.1944,124327.1,122115.01
38,43,6,13,0,0.1944,124295.11,122083.02
38,41.5,6,14,0,0.1944,124140.49,122051.03
38,41.5,6,15,0,0.1944,124108.49,122019.03
38,39.5,6,16,0,0.1944,123868.08,121987.04
38,39.5,6,17,0,0.1944,123836.08,121955.04
38,39.5,6,18,0,0.1944,123801.42,121923.05
38,39.5,6,19,0,0.1944,123769.43,121891.05
38,50,5,20,0,0.2361,123561.01,121891.05
38,50,5,21,0,0.2361,123529.01,121859.06
38,52.5,6,22,0,0.2361,123427.14,121827.06
38,52.5,6,23,0,0.2361,123395.14,121795.07
38,51.5,5,24,0,0.2361,123154.73,121731.08
38,51.5,5,25,0,0.2361,123122.73,121699.09
38,43,5,26,0,0.2475,122882.32,120860.53
38,43,5,27,0,0.2475,122850.32,120828.54
38,43,5,28,0,0.2475,122609.91,119134.05
38,43,5,29,0,0.2475,122577.91,119102.05
38,43,6,30,0,0.2475,122575.25,119102.05
38,43,5,31,0,0.2475,122543.25,119070.06
38,39.5,6,32,0,0.1439,122302.84,119038.06
38,39.5,6,33,0,0.1439,122270.84,119006.07
38,44,6,34,0,0.1439,122168.97,118974.07
38,44,6,35,0,0.1439,122136.97,118942.08
38,45,6,36,0,0.1439,122102.31,118910.08
38,45,6,37,0,0.1439,122070.32,118878.09
38,29.5,7,38,0,0.1288,121829.9,118846.09
38,29.5,7,39,0,0.1288,121797.91,118814.1
38,29.5,7,40,0,0.1288,121795.24,118814.1
38,29.5,7,41,0,0.1288,121763.25,118782.11
38,36,7,42,0,0.1288,121728.59,118750.11
38,36,7,43,0,0.1288,121696.59,118718.12
38,32.5,6,44,0,0.2121,121456.18,118686.12
38,32.5,6,45,0,0.2121,121424.18,118654.13
39,27,4,0,0,0.2601,124968.01,124968.01
39,27,3,1,0,0.2601,124936.01,124936.01
39,26,4,2,0,0.2677,124695.6,122402.97
39,26,4,3,0,0.2677,124663.6,122370.97
39,23,4,4,0,0.2677,124628.94,122306.98
39,23,3,5,0,0.2677,124596.95,122274.99
39,23,4,6,0,0.2677,124562.28,122242.99
39,23,3,7,0,0.2677,124530.29,122211
39,23,3,8,0,0.2677,124495.63,122179
39,23,3,9,0,0.2677,124463.63,122147.01
39,27,3,10,0,0.2576,124255.21,122147.01
39,27,3,11,0,0.2576,124223.22,122115.01
39,23.5,3,12,0,0.2576,124121.35,122083.02
39,23.5,4,13,0,0.2576,124089.35,122051.03
39,23.5,3,14,0,0.2576,124054.69,122019.03
39,23.5,3,15,0,0.2576,124022.7,121987.04
39,20.5,3,16,0,0.2576,123988.03,121955.04
39,20.5,3,17,0,0.2576,123956.04,121923.05
39,17.5,5,18,0,0.1869,123715.62,121891.05
39,17.5,5,19,0,0.1869,123683.63,121859.06
39,16.5,4,20,0,0.1869,123475.21,119390
39,16.5,5,21,0,0.1869,123443.21,119358.01
39,16.5,4,22,0,0.1869,123341.34,119326.01
39,16.5,4,23,0,0.1869,123309.35,119294.02
39,16.5,4,24,0,0.1869,123274.68,119262.02
39,16.5,4,25,0,0.1869,123242.69,119230.03
39,26,4,26,0,0.1869,123002.27,119198.04
39,26,4,27,0,0.1869,122970.28,119166.04
39,24,4,28,0,0.1793,122729.86,119134.05
39,24,5,29,0,0.1793,122697.87,119102.05
39,24,4,30,0,0.1793,122489.45,116601
39,24,4,31,0,0.1793,122457.45,116569.01
39,50,3,32,0,0.2361,122355.58,116537.01
39,50,3,33,0,0.2361,122323.59,116505.02
39,44.5,3,34,0,0.2361,122083.17,116473.02
39,44.5,4,35,0,0.2361,122051.18,116441.03
39,44.5,3,36,0,0.2361,122016.52,116409.03
39,44.5,3,37,0,0.2361,121984.52,116377.04
39,56.99999999999999,3,38,0,0.25,121744.11,116345.04
39,56.99999999999999,3,39,0,0.25,121712.11,116313.05
39,59,3,40,0,0.25,121627.19,116313.05
39,59,3,41,0,0.25,121595.2,116281.06
39,54.50000000000001,3,42,0,0.2601,121354.78,116249.06
39,54.50000000000001,5,43,0,0.2601,121322.79,116217.07
39,52.5,3,44,0,0.3452,121082.37,116185.07
39,52.5,2,45,0,0.3452,121050.38,116153.08
40,36.5,6,0,0,0.1351,124968.01,124968.01
40,36.5,6,1,0,0.1351,124936.01,124936.01
40,29.5,6,2,0,0.1351,124695.6,122402.97
40,29.5,6,3,0,0.1351,124663.6,122370.97
40,29.5,8,4,0,0.1351,124628.94,122338.98
40,29.5,7,5,0,0.1351,124596.95,122306.98
40,34,6,6,0,0.1351,124495.07,122274.99
40,34,7,7,0,0.1351,124463.08,122242.99
40,29.5,7,8,0,0.0909,124222.66,122211
40,29.5,7,9,0,0.0909,124190.67,122179
40,31.5,8,10,0,0.0909,124120.79,122179
40,31.5,7,11,0,0.0909,124088.79,122147.01
40,26.5,7,12,0,0.1136,123848.38,122115.01
40,26.5,7,13,0,0.1136,123816.38,122083.02
40,35,8,14,0,0.1035,123695.99,122051.03
40,35,7,15,0,0.1035,123664,122019.03
40,18.5,8,16,0,0.1136,123423.58,119485.99
40,18.5,7,17,0,0.1136,123391.59,119453.99
40,18.5,7,18,0,0.1136,123356.92,119422
40,18.5,7,19,0,0.1136,123324.93,119390
40,24.5,6,20,0,0.1288,123116.51,119390
40,24.5,7,21,0,0.1288,123084.51,119358.01
40,19,6,22,0,0.1288,122849.38,119326.01
40,19,6,23,0,0.1288,122817.38,119294.02
40,19,6,24,0,0.1288,122715.51,119262.02
40,19,6,25,0,0.1288,122683.51,119230.03
40,12.5,6,26,0,0.1439,122443.1,119198.04
40,12.5,6,27,0,0.1439,122411.1,119166.04
40,4,6,28,0,0.1515,122170.69,119134.05
40,4,6,29,0,0.1515,122138.69,119102.05
40,4,6,30,0,0.1515,121930.27,119102.05
40,4,6,31,0,0.1515,121898.28,119070.06
40,54,5,32,0,0.1818,121796.4,119038.06
40,54,6,33,0,0.1818,121764.41,119006.07
40,52.5,5,34,0,0.1667,121523.99,118974.07
40,52.5,5,35,0,0.1667,121492,118942.08
40,53,5,36,0,0.1667,121251.58,116409.03
40,53,5,37,0,0.1667,121219.59,116377.04
40,42,5,38,0,0.1843,120979.17,116345.04
40,42,5,39,0,0.1843,120947.18,116313.05
40,42,5,40,0,0.1843,120738.76,116313.05
40,42,5,41,0,0.1843,120706.76,116281.06
40,42,6,42,0,0.1389,120466.35,113748.01
40,42,6,43,0,0.1389,120434.35,113716.02
40,53,6,44,0,0.1136,120193.94,113684.02
40,53,6,45,0,0.1136,120161.94,113652.03
41,61,2,0,0,0.3684,124968.01,124968.01
41,61,2,1,0,0.3684,124936.01,124936.01
41,60.5,3,2,0,0.3684,124834.14,124065.46
41,60.5,2,3,0,0.3684,124802.14,124033.47
41,59.5,2,4,0,0.3684,124767.48,123969.48
41,59.5,3,5,0,0.3684,124735.49,123937.48
41,50.5,2,6,0,0.3684,124633.61,123905.49
41,50.5,2,7,0,0.3684,124601.62,123873.5
41,65,3,8,0,0.3684,124381.46,122454.1
41,65,2,9,0,0.3684,124349.47,122422.1
41,62,3,10,0,0.3684,124279.59,122422.1
41,62,2,11,0,0.3684,124247.59,122390.11
41,52,2,12,0,0.3684,124145.72,122358.11
41,52,3,13,0,0.3684,124113.72,122326.12
41,52,2,14,0,0.3684,124079.06,122294.12
41,52,3,15,0,0.3684,124047.07,122262.13
41,25.5,2,16,0,0.3424,123806.65,121148.48
41,25.5,2,17,0,0.3424,123774.66,121116.49
41,25.5,2,18,0,0.3424,123740,121084.49
41,25.5,2,19,0,0.3424,123708,121052.5
41,12.5,3,20,0,0.3424,123499.58,121052.5
41,12.5,2,21,0,0.3424,123467.59,121020.5
41,11.5,2,22,0,0.3424,123432.93,120988.51
41,11.5,3,23,0,0.3424,123400.93,120956.52
41,11.5,2,24,0,0.3424,123366.27,120924.52
41,11.5,2,25,0,0.3424,123334.28,120892.53
41,11,2,26,0,0.3311,123093.86,120860.53
41,11,2,27,0,0.3311,123061.87,120828.54
41,13,4,28,0,0.2197,122821.45,120796.54
41,13,4,29,0,0.2197,122789.46,120764.55
41,46.5,4,30,0,0.2273,122581.04,119102.05
41,46.5,4,31,0,0.2273,122549.04,119070.06
41,46.5,4,32,0,0.2273,122308.63,118199.51
41,46.5,4,33,0,0.2273,122276.63,118167.51
41,46.5,4,34,0,0.2273,122241.97,118135.52
41,46.5,4,35,0,0.2273,122209.98,118103.52
41,57.99999999999999,5,36,0,0.1742,122108.1,118071.53
41,57.99999999999999,5,37,0,0.1742,122076.11,118039.54
41,55.00000000000001,5,38,0,0.1742,121974.23,118007.54
41,55.00000000000001,5,39,0,0.1742,121942.24,117975.55
41,55.00000000000001,5,40,0,0.1742,121939.57,117975.55
41,55.00000000000001,5,41,0,0.1742,121907.58,117943.55
41,55.00000000000001,5,42,0,0.1742,121872.92,117911.56
41,55.00000000000001,5,43,0,0.1742,121840.92,117879.56
41,56.49999999999999,5,44,0,0.1742,121671.37,117847.57
41,56.49999999999999,5,45,0,0.1742,121639.37,117815.57
42,28.499999999999996,4,0,0,0.3548,124968.01,124968.01
42,28.499999999999996,4,1,0,0.3548,124936.01,124936.01
42,28.499999999999996,4,2,0,0.3712,124695.6,122402.97
42,28.499999999999996,4,3,0,0.3712,124663.6,122370.97
42,28.499999999999996,4,4,0,0.3712,124628.94,122338.98
42,28.499999999999996,4,5,0,0.3712,124596.95,122306.98
42,25,4,6,0,0.3712,124495.07,122274.99
42,25,4,7,0,0.3712,124463.08,122242.99
42,26.5,4,8,0,0.3712,124222.66,121372.45
42,26.5,4,9,0,0.3712,124190.67,121340.45
42,26.5,4,10,0,0.3712,124188,121340.45
42,26.5,4,11,0,0.3712,124156.01,121308.46
42,15.5,3,12,0,0.3864,123915.59,118775.41
42,15.5,3,13,0,0.3864,123883.6,118743.42
42,10.5,3,14,0,0.3939,123643.18,118711.42
42,10.5,3,15,0,0.3939,123611.19,118679.43
42,28.000000000000004,3,16,0,0.3939,123509.31,118647.43
42,28.000000000000004,3,17,0,0.3939,123477.32,118615.44
42,35,3,18,0,0.3864,123236.9,116920.95
42,35,3,19,0,0.3864,123204.91,116888.95
42,35,3,20,0,0.3864,123202.24,116888.95
42,35,3,21,0,0.3864,123170.25,116856.96
42,31,3,22,0,0.4091,122929.83,114323.91
42,31,3,23,0,0.4091,122897.84,114291.92
42,31.5,3,24,0,0.3864,122657.42,114259.92
42,31.5,3,25,0,0.3864,122625.43,114227.93
42,31.5,3,26,0,0.3864,122590.77,114195.94
42,31.5,3,27,0,0.3864,122558.77,114163.94
42,32,3,28,0,0.3864,122389.68,114131.95
42,32,3,29,0,0.3864,122357.69,114099.95
42,62.5,3,30,0,0.3864,122149.27,114099.95
42,62.5,3,31,0,0.3864,122117.27,114067.96
42,65.5,3,32,0,0.3649,121876.86,114035.96
42,65.5,4,33,0,0.3649,121844.86,114003.97
42,65,3,34,0,0.3649,121742.99,113971.97
42,65,3,35,0,0.3649,121710.99,113939.98
42,65,3,36,0,0.3649,121676.33,113907.98
42,65,3,37,0,0.3649,121644.34,113875.99
42,64.5,3,38,0,0.3414,121403.92,113843.99
42,64.5,3,39,0,0.3414,121371.93,113812
42,51.5,3,40,0,0.3174,121163.51,113812
42,51.5,3,41,0,0.3174,121131.51,113780.01
42,60,2,42,0,0.402,120891.1,113748.01
42,60,2,43,0,0.402,120859.1,113716.02
42,55.50000000000001,4,44,0,0.3525,120618.69,111200.36
42,55.50000000000001,3,45,0,0.3525,120586.69,111168.36
43,39,5,0,0,0.2008,124968.01,124968.01
43,39,4,1,0,0.2008,124936.01,124936.01
43,39.5,4,2,0,0.2008,124834.14,124065.46
43,39.5,4,3,0,0.2008,124802.14,124033.47
43,33.5,4,4,0,0.2008,124700.27,124001.47
43,33.5,7,5,0,0.2008,124668.27,123969.48
43,32,4,6,0,0.2197,124427.86,122274.99
43,32,4,7,0,0.2197,124395.86,122242.99
43,34.5,4,8,0,0.2197,124276.99,122211
43,34.5,5,9,0,0.2197,124244.99,122179
43,19,4,10,0,0.2197,124036.57,122179
43,19,4,11,0,0.2197,124004.58,122147.01
43,19,4,12,0,0.2197,123969.92,122115.01
43,19,5,13,0,0.2197,123937.92,122083.02
43,25.5,6,14,0,0.1591,123697.51,122051.03
43,25.5,6,15,0,0.1591,123665.51,122019.03
43,49,5,16,0,0.1591,123563.64,121148.48
43,49,5,17,0,0.1591,123531.64,121116.49
43,45.5,5,18,0,0.1591,123496.98,121084.49
43,45.5,6,19,0,0.1591,123464.99,121052.5
43,45.5,7,20,0,0.1591,123462.32,121052.5
43,45.5,5,21,0,0.1591,123430.33,121020.5
43,45.5,5,22,0,0.1591,123328.45,120956.52
43,45.5,5,23,0,0.1591,123296.46,120924.52
43,47,5,24,0,0.1591,123056.04,119881.96
43,47,5,25,0,0.1591,123024.05,119849.97
43,41.5,5,26,0,0.1439,122783.63,119817.97
43,41.5,5,27,0,0.1439,122751.64,119785.98
43,42,5,28,0,0.1439,122649.77,119753.98
43,42,5,29,0,0.1439,122617.77,119721.99
43,42,5,30,0,0.1439,122615.11,119721.99
43,42,5,31,0,0.1439,122583.11,119689.99
43,40.5,5,32,0,0.1338,122342.7,118199.51
43,40.5,5,33,0,0.1338,122310.7,118167.51
43,34,6,34,0,0.1338,122141.61,116490.41
43,34,6,35,0,0.1338,122109.62,116458.41
43,34,5,36,0,0.1338,122074.96,116394.42
43,34,5,37,0,0.1338,122042.96,116362.43
43,34,5,38,0,0.1338,122008.3,116298.44
43,34,5,39,0,0.1338,121976.31,116266.45
43,36,6,40,0,0.1338,121906.43,116266.45
43,36,5,41,0,0.1338,121874.43,116234.45
43,40,5,42,0,0.1338,121705.35,116202.46
43,40,6,43,0,0.1338,121673.35,116170.46
43,37.5,5,44,0,0.1338,121638.69,116138.47
43,37.5,5,45,0,0.1338,121606.7,116106.47
44,46.5,2,0,0,0.4717,124968.01,124968.01
44,46.5,2,1,0,0.4717,124936.01,124936.01
44,46.5,2,2,0,0.4717,124834.14,124065.46
44,46.5,2,3,0,0.4717,124802.14,124033.47
44,49,2,4,0,0.4717,124700.27,124001.47
44,49,2,5,0,0.4717,124668.27,123969.48
44,53,2,6,0,0.5028,124427.86,122274.99
44,53,2,7,0,0.5028,124395.86,122242.99
44,66.5,2,8,0,0.4876,124155.45,122211
44,66.5,2,9,0,0.4876,124123.45,122179
44,60,2,10,0,0.4876,124053.57,122179
44,60,2,11,0,0.4876,124021.58,122147.01
44,58.5,3,12,0,0.3485,123781.16,122115.01
44,58.5,3,13,0,0.3485,123749.17,122083.02
44,51.5,3,14,0,0.3384,123508.75,122051.03
44,51.5,3,15,0,0.3384,123476.76,122019.03
44,42.5,3,16,0,0.4851,123236.34,119485.99
44,42.5,2,17,0,0.4851,123204.35,119453.99
44,48.5,2,18,0,0.4788,122963.93,119422
44,48.5,3,19,0,0.4788,122931.94,119390
44,50.5,2,20,0,0.4788,122794.85,119390
44,50.5,2,21,0,0.4788,122762.85,119358.01
44,52.5,2,22,0,0.4788,122660.98,119326.01
44,52.5,2,23,0,0.4788,122628.98,119294.02
44,52.5,2,24,0,0.4788,122594.32,119262.02
44,52.5,2,25,0,0.4788,122562.33,119230.03
44,54,2,26,0,0.4788,122321.91,119198.04
44,54,2,27,0,0.4788,122289.92,119166.04
44,49,2,28,0,0.4788,122255.26,119102.05
44,49,2,29,0,0.4788,122223.26,119070.06
44,49,2,30,0,0.4788,122014.84,116601
44,49,2,31,0,0.4788,121982.85,116569.01
44,18.5,2,32,0,0.4677,121742.43,116537.01
44,18.5,2,33,0,0.4677,121710.44,116505.02
44,19,2,34,0,0.4563,121608.56,116473.02
44,19,2,35,0,0.4563,121576.57,116441.03
44,23,2,36,0,0.4929,121336.15,113907.98
44,23,2,37,0,0.4929,121304.16,113875.99
44,18.5,2,38,0,0.4929,121063.74,113843.99
44,18.5,2,39,0,0.4929,121031.75,113812
44,20.5,2,40,0,0.4828,120823.33,113812
44,20.5,2,41,0,0.4828,120791.33,113780.01
44,20.5,2,42,0,0.4828,120756.67,113748.01
44,20.5,2,43,0,0.4828,120724.68,113716.02
44,20.5,2,44,0,0.4828,120484.26,113684.02
44,20.5,2,45,0,0.4828,120452.27,113652.03
45,59.5,2,0,0,0.4282,124968.01,124968.01
45,59.5,2,1,0,0.4282,124936.01,124936.01
45,59.5,2,2,0,0.4206,124695.6,122402.97
45,59.5,2,3,0,0.4206,124663.6,122370.97
45,58.5,2,4,0,0.4206,124423.19,122338.98
45,58.5,2,5,0,0.4206,124391.19,122306.98
45,64.5,2,6,0,0.4127,124150.78,119773.94
45,64.5,2,7,0,0.4127,124118.78,119741.94
45,66.5,3,8,0,0.3182,123878.37,119709.95
45,66.5,3,9,0,0.3182,123846.37,119677.95
45,52,5,10,0,0.2121,123637.95,119677.95
45,52,4,11,0,0.2121,123605.96,119645.96
45,52,4,12,0,0.2121,123571.29,119613.96
45,52,4,13,0,0.2121,123539.3,119581.97
45,46,4,14,0,0.1919,123298.88,117048.93
45,46,4,15,0,0.1919,123266.89,117016.93
45,18.5,4,16,0,0.1742,123026.47,116984.94
45,18.5,4,17,0,0.1742,122994.48,116952.94
45,16,4,18,0,0.1742,122754.06,116920.95
45,16,4,19,0,0.1742,122722.07,116888.95
45,21,3,20,0,0.2273,122513.65,116888.95
45,21,3,21,0,0.2273,122481.65,116856.96
45,22,3,22,0,0.2273,122379.78,116824.96
45,22,3,23,0,0.2273,122347.79,116792.97
45,15.5,4,24,0,0.2273,122245.91,116760.97
45,15.5,3,25,0,0.2273,122213.92,116728.98
45,20,3,26,0,0.2273,122044.83,116696.99
45,20,3,27,0,0.2273,122012.84,116664.99
45,20,4,28,0,0.2273,121772.42,116633
45,20,3,29,0,0.2273,121740.43,116601
45,41,3,30,0,0.2273,121670.55,116601
45,41,3,31,0,0.2273,121638.55,116569.01
45,42,3,32,0,0.2386,121398.14,116537.01
45,42,3,33,0,0.2386,121366.14,116505.02
45,42,3,34,0,0.2386,121331.48,116473.02
45,42,3,35,0,0.2386,121299.49,116441.03
45,48,2,36,0,0.3211,121059.07,116409.03
45,48,2,37,0,0.3211,121027.08,116377.04
45,44.5,2,38,0,0.3211,120992.41,116345.04
45,44.5,2,39,0,0.3211,120960.42,116313.05
45,47.5,2,40,0,0.3135,120752,116313.05
45,47.5,3,41,0,0.3135,120720,116281.06
45,46,2,42,0,0.2909,120479.59,113748.01
45,46,2,43,0,0.2909,120447.59,113716.02
45,56.49999999999999,2,44,0,0.3225,120207.18,113684.02
45,56.49999999999999,2,45,0,0.3225,120175.18,113652.03
46,16.5,5,0,0,0.1667,124968.01,124968.01
46,16.5,5,1,0,0.1667,124936.01,124936.01
46,30,5,2,0,0.154,124695.6,122402.97
46,30,5,3,0,0.154,124663.6,122370.97
46,21.5,6,4,0,0.154,124423.19,122338.98
46,21.5,6,5,0,0.154,124391.19,122306.98
46,21.5,5,6,0,0.154,124356.53,122274.99
46,21.5,5,7,0,0.154,124324.54,122242.99
46,21.5,5,8,0,0.154,124289.87,122211
46,21.5,5,9,0,0.154,124257.88,122179
46,25.5,6,10,0,0.154,124188,122179
46,25.5,5,11,0,0.154,124156.01,122147.01
46,25.5,5,12,0,0.154,124121.35,122115.01
46,25.5,5,13,0,0.154,124089.35,122083.02
46,25.5,5,14,0,0.154,124054.69,122051.03
46,25.5,5,15,0,0.154,124022.7,122019.03
46,26,5,16,0,0.154,123853.61,120341.92
46,26,5,17,0,0.154,123821.61,120309.93
46,30.5,6,18,0,0.1465,123581.2,120277.94
46,30.5,5,19,0,0.1465,123549.2,120245.94
46,28.499999999999996,4,20,0,0.226,123340.78,117744.89
46,28.499999999999996,4,21,0,0.226,123308.79,117712.9
46,37.5,4,22,0,0.226,123139.7,117680.9
46,37.5,5,23,0,0.226,123107.71,117648.91
46,31.5,4,24,0,0.226,123004.49,117616.91
46,31.5,4,25,0,0.226,122972.5,117584.92
46,25,4,26,0,0.226,122803.41,117552.92
46,25,4,27,0,0.226,122771.42,117520.93
46,27.500000000000004,4,28,0,0.226,122602.26,117488.93
46,27.500000000000004,4,29,0,0.226,122570.27,117456.94
46,56.49999999999999,5,30,0,0.1818,122361.85,117456.94
46,56.49999999999999,5,31,0,0.1818,122329.85,117424.94
46,57.49999999999999,5,32,0,0.1894,122089.44,117392.95
46,57.49999999999999,6,33,0,0.1894,122057.44,117360.96
46,57.49999999999999,5,34,0,0.1894,121817.03,116473.02
46,57.49999999999999,6,35,0,0.1894,121785.03,116441.03
46,55.50000000000001,5,36,0,0.1818,121683.16,116409.03
46,55.50000000000001,5,37,0,0.1818,121651.17,116377.04
46,55.50000000000001,5,38,0,0.1818,121616.51,116345.04
46,55.50000000000001,5,39,0,0.1818,121584.51,116313.05
46,68,3,40,0,0.2982,121376.09,116313.05
46,68,3,41,0,0.2982,121344.1,116281.06
46,71.5,3,42,0,0.351,121103.68,113748.01
46,71.5,3,43,0,0.351,121071.69,113716.02
46,75.5,3,44,0,0.351,121037.02,113652.03
46,75.5,3,45,0,0.351,121005.03,113620.03
47,37,8,0,0,0.1061,124968.01,124968.01
47,37,8,1,0,0.1061,124936.01,124936.01
47,33,6,2,0,0.1641,124695.6,122402.97
47,33,6,3,0,0.1641,124663.6,122370.97
47,33,6,4,0,0.1641,124628.94,122338.98
47,33,6,5,0,0.1641,124596.95,122306.98
47,23,6,6,0,0.1843,124356.53,122274.99
47,23,6,7,0,0.1843,124324.54,122242.99
47,34,6,8,0,0.1843,124289.87,122179
47,34,6,9,0,0.1843,124257.88,122147.01
47,28.000000000000004,6,10,0,0.1843,124049.46,122147.01
47,28.000000000000004,6,11,0,0.1843,124017.46,122115.01
47,25,6,12,0,0.1843,123848.38,120437.91
47,25,6,13,0,0.1843,123816.38,120405.91
47,23.5,6,14,0,0.1843,123636.24,120273.28
47,23.5,6,15,0,0.1843,123604.25,120241.28
47,50.5,6,16,0,0.1843,123363.83,120209.29
47,50.5,6,17,0,0.1843,123331.84,120177.29
47,51,6,18,0,0.1843,123229.96,120145.3
47,51,6,19,0,0.1843,123197.97,120113.3
47,42.5,6,20,0,0.2146,122989.55,120113.3
47,42.5,5,21,0,0.2146,122957.55,120081.31
47,53.5,5,22,0,0.1995,122717.14,117648.91
47,53.5,5,23,0,0.1995,122685.14,117616.91
47,52.5,5,24,0,0.1995,122650.48,117552.92
47,52.5,5,25,0,0.1995,122618.49,117520.93
47,52,4,26,0,0.2626,122378.07,117488.93
47,52,5,27,0,0.2626,122346.08,117456.94
47,51.5,4,28,0,0.2551,122105.66,117424.94
47,51.5,4,29,0,0.2551,122073.67,117392.95
47,30,6,30,0,0.1742,121865.25,117392.95
47,30,6,31,0,0.1742,121833.25,117360.96
47,28.000000000000004,6,32,0,0.1818,121592.84,116537.01
47,28.000000000000004,6,33,0,0.1818,121560.84,116505.02
47,35.5,6,34,0,0.1818,121320.43,116473.02
47,35.5,6,35,0,0.1818,121288.43,116441.03
47,26,6,36,0,0.1894,121048.02,114699.93
47,26,6,37,0,0.1894,121016.02,114667.94
47,29.5,6,38,0,0.1894,120914.15,114635.94
47,29.5,6,39,0,0.1894,120882.15,114603.95
47,28.000000000000004,6,40,0,0.1894,120673.73,114603.95
47,28.000000000000004,6,41,0,0.1894,120641.74,114571.95
47,32,6,42,0,0.1894,120607.08,114539.96
47,32,6,43,0,0.1894,120575.08,114507.96
47,31.5,6,44,0,0.1894,120349.37,114475.97
47,31.5,6,45,0,0.1894,120317.37,114443.98
48,13,2,0,0,0.4,124968.01,124968.01
48,13,2,1,0,0.4,124936.01,124936.01
48,10,2,2,0,0.4,124695.6,122402.97
48,10,2,3,0,0.4,124663.6,122370.97
48,10,2,4,0,0.4,124494.51,120693.86
48,10,3,5,0,0.4,124462.52,120661.87
48,8.5,2,6,0,0.3899,124222.1,120629.88
48,8.5,2,7,0,0.3899,124190.11,120597.88
48,8.5,3,8,0,0.3899,124155.45,120565.89
48,8.5,2,9,0,0.3899,124123.45,120533.89
48,10.5,3,10,0,0.3359,123915.03,120533.89
48,10.5,3,11,0,0.3359,123883.04,120501.9
48,15.5,4,12,0,0.3308,123642.62,120469.9
48,15.5,3,13,0,0.3308,123610.63,120437.91
48,10.5,3,14,0,0.3308,123508.75,120405.91
48,10.5,3,15,0,0.3308,123476.76,120373.92
48,44,4,16,0,0.1919,123236.34,120341.92
48,44,5,17,0,0.1919,123204.35,120309.93
48,43.5,6,18,0,0.1212,122963.93,120277.94
48,43.5,6,19,0,0.1212,122931.94,120245.94
48,40,7,20,0,0.0909,122723.52,117744.89
48,40,7,21,0,0.0909,122691.52,117712.9
48,42,6,22,0,0.1136,122451.11,117680.9
48,42,7,23,0,0.1136,122419.11,117648.91
48,40.5,7,24,0,0.1136,122384.45,117616.91
48,40.5,6,25,0,0.1136,122352.46,117584.92
48,40.5,6,26,0,0.1136,122317.8,117552.92
48,40.5,6,27,0,0.1136,122285.8,117520.93
48,40.5,6,28,0,0.1136,122170.41,117488.93
48,40.5,6,29,0,0.1136,122138.41,117456.94
48,27,6,30,0,0.1578,121929.99,117456.94
48,27,5,31,0,0.1578,121898,117424.94
48,22.5,5,32,0,0.1578,121728.91,117392.95
48,22.5,6,33,0,0.1578,121696.92,117360.96
48,33.5,6,34,0,0.1439,121456.5,116473.02
48,33.5,6,35,0,0.1439,121424.51,116441.03
48,32,6,36,0,0.1439,121184.09,116409.03
48,32,6,37,0,0.1439,121152.1,116377.04
48,32,6,38,0,0.1439,120911.68,114699.93
48,32,6,39,0,0.1439,120879.69,114667.94
48,28.000000000000004,5,40,0,0.1894,120671.27,114667.94
48,28.000000000000004,5,41,0,0.1894,120639.27,114635.94
48,28.499999999999996,5,42,0,0.1818,120398.86,113748.01
48,28.499999999999996,5,43,0,0.1818,120366.86,113716.02
48,27,5,44,0,0.2424,120126.45,113684.02
48,27,4,45,0,0.2424,120094.45,113652.03
49,32,1,0,0,0.4813,124968.01,124968.01
49,32,2,1,0,0.4813,124936.01,124936.01
49,32.5,2,2,0,0.4619,124695.6,122402.97
49,32.5,2,3,0,0.4619,124663.6,122370.97
49,34,1,4,0,0.523,124423.19,122338.98
49,34,1,5,0,0.523,124391.19,122306.98
49,34.5,2,6,0,0.4045,124150.78,122274.99
49,34.5,2,7,0,0.4045,124118.78,122242.99
49,37.5,2,8,0,0.3465,123878.37,122211
49,37.5,2,9,0,0.3465,123846.37,122179
49,28.499999999999996,2,10,0,0.3465,123843.7,122147.01
49,28.499999999999996,2,11,0,0.3465,123811.71,122115.01
49,37.5,2,12,0,0.3465,123709.84,122083.02
49,37.5,3,13,0,0.3465,123677.84,122051.03
49,32.5,2,14,0,0.3465,123575.97,122019.03
49,32.5,3,15,0,0.3465,123543.97,121987.04
49,43,2,16,0,0.3465,123442.1,121955.04
49,43,2,17,0,0.3465,123410.1,121923.05
49,42.5,2,18,0,0.3912,123169.69,121891.05
49,42.5,3,19,0,0.3912,123137.69,121859.06
49,42.5,2,20,0,0.3912,123135.03,121859.06
49,42.5,2,21,0,0.3912,123103.03,121827.06
49,51.5,2,22,0,0.4949,122862.62,119326.01
49,51.5,1,23,0,0.4949,122830.62,119294.02
49,50.5,1,24,0,0.5444,122590.21,119262.02
49,50.5,1,25,0,0.5444,122558.21,119230.03
49,50,2,26,0,0.5856,122317.8,119198.04
49,50,1,27,0,0.5856,122285.8,119166.04
49,56.49999999999999,2,28,0,0.5856,122045.39,119102.05
49,56.49999999999999,1,29,0,0.5856,122013.39,119070.06
49,56.49999999999999,1,30,0,0.5856,121804.97,119070.06
49,56.49999999999999,1,31,0,0.5856,121772.98,119038.06
49,56.49999999999999,1,32,0,0.5856,121738.32,119006.07
49,56.49999999999999,1,33,0,0.5856,121706.32,118974.07
49,26,1,34,0,0.5662,121465.91,118942.08
49,26,2,35,0,0.5662,121433.91,118910.08
49,21,1,36,0,0.5662,121264.82,117264.97
49,21,1,37,0,0.5662,121232.83,117232.98
49,25.5,1,38,0,0.6301,120992.41,116313.05
49,25.5,1,39,0,0.6301,120960.42,116281.06
49,22.5,1,40,0,0.6116,120752,116281.06
49,22.5,1,41,0,0.6116,120720,116249.06
49,24,2,42,0,0.6116,120685.34,116217.07
49,24,1,43,0,0.6116,120653.35,116185.07
49,24,1,44,0,0.6116,120618.69,116153.08
49,24,1,45,0,0.6116,120586.69,116121.08
50,13,3,0,0,0.3258,124968.01,124968.01
50,13,2,1,0,0.3258,124936.01,124936.01
50,10.5,2,2,0,0.3409,124695.6,122402.97
50,10.5,2,3,0,0.3409,124663.6,122370.97
50,10.5,2,4,0,0.3409,124628.94,122338.98
50,10.5,2,5,0,0.3409,124596.95,122306.98
50,9.5,2,6,0,0.3561,124356.53,122274.99
50,9.5,2,7,0,0.3561,124324.54,122242.99
50,9.5,2,8,0,0.3561,124289.87,122211
50,9.5,2,9,0,0.3561,124257.88,122179
50,11.5,2,10,0,0.3333,124049.46,122179
50,11.5,3,11,0,0.3333,124017.46,122147.01
50,16.5,2,12,0,0.3586,123777.05,119613.96
50,16.5,3,13,0,0.3586,123745.05,119581.97
50,10.5,2,14,0,0.3333,123504.64,117048.93
50,10.5,2,15,0,0.3333,123472.64,117016.93
50,21.5,2,16,0,0.3561,123232.23,116984.94
50,21.5,2,17,0,0.3561,123200.23,116952.94
50,18.5,2,18,0,0.3561,123098.36,116920.95
50,18.5,3,19,0,0.3561,123066.37,116888.95
50,1.5,2,20,0,0.3763,122857.94,116888.95
50,1.5,3,21,0,0.3763,122825.95,116856.96
50,6,2,22,0,0.3763,122724.08,116824.96
50,6,3,23,0,0.3763,122692.08,116792.97
50,4,2,24,0,0.3763,122590.21,116760.97
50,4,2,25,0,0.3763,122558.21,116728.98
50,5,2,26,0,0.3763,122523.55,116696.99
50,5,2,27,0,0.3763,122491.56,116664.99
50,8.5,2,28,0,0.3712,122251.14,116633
50,8.5,2,29,0,0.3712,122219.15,116601
50,47,2,30,0,0.3788,122010.73,116601
50,47,2,31,0,0.3788,121978.73,116569.01
50,55.50000000000001,3,32,0,0.3485,121738.32,114035.96
50,55.50000000000001,2,33,0,0.3485,121706.32,114003.97
50,55.50000000000001,3,34,0,0.3485,121571.48,113971.97
50,55.50000000000001,2,35,0,0.3485,121539.49,113939.98
50,48,2,36,0,0.3624,121299.07,113907.98
50,48,2,37,0,0.3624,121267.08,113875.99
50,48,2,38,0,0.3624,121232.42,113843.99
50,48,2,39,0,0.3624,121200.42,113812
50,47,3,40,0,0.3313,120992,113812
50,47,3,41,0,0.3313,120960.01,113780.01
50,42,3,42,0,0.2626,120719.59,113748.01
50,42,3,43,0,0.2626,120687.6,113716.02
50,44,3,44,0,0.2626,120518.51,113684.02
50,44,3,45,0,0.2626,120486.51,113652.03