iteration,time_step,coverage_map,score_exchange,component_query,component_response,death_warning,total_messages
0,1,0,10,10,10,0,30
0,2,0,10,0,0,0,10
0,3,0,16,0,0,0,16
0,4,0,10,0,0,0,10
0,5,0,6,0,0,0,6
0,6,0,24,4,4,0,32
0,7,0,30,0,0,0,30
0,8,0,24,0,0,0,24
0,9,0,26,0,0,0,26
0,10,0,20,0,0,0,20
0,11,0,16,1,1,0,18
0,12,0,22,0,0,0,22
0,13,0,24,0,0,0,24
0,14,0,28,0,0,0,28
0,15,0,28,0,0,0,28
0,16,0,16,0,0,0,16
0,17,0,22,0,0,0,22
0,18,0,28,0,0,0,28
0,19,0,24,0,0,0,24
0,20,0,28,0,0,0,28
0,21,0,36,5,5,0,46
0,22,0,34,0,0,0,34
0,23,0,38,0,0,0,38
0,24,0,28,0,0,0,28
0,25,0,20,0,0,0,20
0,26,0,28,0,0,0,28
0,27,0,40,0,0,0,40
0,28,0,48,0,0,0,48
0,29,0,42,0,0,0,42
0,30,0,50,0,0,0,50
0,31,0,30,1,1,0,32
0,32,0,32,0,0,0,32
0,33,0,46,0,0,0,46
0,34,0,40,0,0,0,40
0,35,0,46,0,0,0,46
0,36,0,68,7,7,0,82
0,37,0,70,0,0,0,70
0,38,0,76,0,0,0,76
0,39,0,64,0,0,0,64
0,40,0,64,0,0,0,64
0,41,0,54,0,0,0,54
0,42,0,68,0,0,0,68
0,43,0,80,0,0,0,80
0,44,0,66,0,0,0,66
0,45,0,72,0,0,0,72
0,46,0,50,0,0,0,50
0,47,0,46,0,0,0,46
0,48,0,58,0,0,0,58
0,49,0,50,0,0,0,50
0,50,0,58,0,0,0,58
0,51,0,80,6,6,0,92
0,52,0,76,0,0,0,76
0,53,0,82,0,0,0,82
0,54,0,88,0,0,0,88
0,55,0,68,0,0,0,68
0,56,0,44,3,3,0,50
0,57,0,54,0,0,0,54
0,58,0,56,0,0,0,56
0,59,0,58,0,0,0,58
0,60,0,56,0,0,0,56
0,61,0,54,4,4,0,62
0,62,0,50,0,0,0,50
0,63,0,50,0,0,0,50
0,64,0,50,0,0,0,50
0,65,0,36,0,0,0,36
0,66,0,48,4,4,0,56
0,67,0,50,0,0,0,50
0,68,0,60,0,0,0,60
0,69,0,52,0,0,0,52
0,70,0,50,0,0,0,50
0,71,0,46,3,3,0,52
0,72,0,54,0,0,0,54
0,73,0,52,0,0,0,52
0,74,0,56,0,0,0,56
0,75,0,34,0,0,0,34
1,1,0,16,16,16,0,48
1,2,0,8,0,0,0,8
1,3,0,2,0,0,0,2
1,4,0,8,0,0,0,8
1,5,0,6,0,0,0,6
1,6,0,10,0,0,0,10
1,7,0,8,0,0,0,8
1,8,0,14,0,0,0,14
1,9,0,20,0,0,0,20
1,10,0,22,0,0,0,22
1,11,0,30,2,2,0,34
1,12,0,34,0,0,0,34
1,13,0,28,0,0,0,28
1,14,0,24,0,0,0,24
1,15,0,32,0,0,0,32
1,16,0,12,0,0,0,12
1,17,0,20,0,0,0,20
1,18,0,26,0,0,0,26
1,19,0,24,0,0,0,24
1,20,0,24,0,0,0,24
1,21,0,30,1,1,0,32
1,22,0,34,0,0,0,34
1,23,0,28,0,0,0,28
1,24,0,32,0,0,0,32
1,25,0,32,0,0,0,32
1,26,0,44,0,0,0,44
1,27,0,44,0,0,0,44
1,28,0,40,0,0,0,40
1,29,0,60,0,0,0,60
1,30,0,46,0,0,0,46
1,31,0,28,2,2,0,32
1,32,0,30,0,0,0,30
1,33,0,40,0,0,0,40
1,34,0,44,0,0,0,44
1,35,0,46,0,0,0,46
1,36,0,58,7,7,0,72
1,37,0,62,0,0,0,62
1,38,0,48,0,0,0,48
1,39,0,52,0,0,0,52
1,40,0,50,0,0,0,50
1,41,0,64,3,3,0,70
1,42,0,74,0,0,0,74
1,43,0,78,0,0,0,78
1,44,0,82,0,0,0,82
1,45,0,64,0,0,0,64
1,46,0,56,5,5,0,66
1,47,0,56,0,0,0,56
1,48,0,68,0,0,0,68
1,49,0,64,0,0,0,64
1,50,0,72,0,0,0,72
1,51,0,76,3,3,0,82
1,52,0,72,0,0,0,72
1,53,0,76,0,0,0,76
1,54,0,68,0,0,0,68
1,55,0,60,0,0,0,60
1,56,0,40,0,0,0,40
1,57,0,40,0,0,0,40
1,58,0,34,0,0,0,34
1,59,0,32,0,0,0,32
1,60,0,46,0,0,0,46
1,61,0,40,0,0,0,40
1,62,0,36,0,0,0,36
1,63,0,38,0,0,0,38
1,64,0,48,0,0,0,48
1,65,0,36,0,0,0,36
1,66,0,50,2,2,0,54
1,67,0,46,0,0,0,46
1,68,0,42,0,0,0,42
1,69,0,44,0,0,0,44
1,70,0,42,0,0,0,42
1,71,0,56,1,1,0,58
1,72,0,60,0,0,0,60
1,73,0,62,0,0,0,62
1,74,0,48,0,0,0,48
1,75,0,46,0,0,0,46
2,1,0,12,12,12,0,36
2,2,0,10,0,0,0,10
2,3,0,12,0,0,0,12
2,4,0,20,0,0,0,20
2,5,0,14,0,0,0,14
2,6,0,20,4,4,0,28
2,7,0,16,0,0,0,16
2,8,0,20,0,0,0,20
2,9,0,18,0,0,0,18
2,10,0,20,0,0,0,20
2,11,0,26,0,0,0,26
2,12,0,32,0,0,0,32
2,13,0,22,0,0,0,22
2,14,0,22,0,0,0,22
2,15,0,28,0,0,0,28
2,16,0,18,3,3,0,24
2,17,0,32,0,0,0,32
2,18,0,26,0,0,0,26
2,19,0,24,0,0,0,24
2,20,0,20,0,0,0,20
2,21,0,42,7,7,0,56
2,22,0,26,0,0,0,26
2,23,0,38,0,0,0,38
2,24,0,32,0,0,0,32
2,25,0,26,0,0,0,26
2,26,0,32,2,2,0,36
2,27,0,28,0,0,0,28
2,28,0,34,0,0,0,34
2,29,0,38,0,0,0,38
2,30,0,36,0,0,0,36
2,31,0,32,0,0,0,32
2,32,0,24,0,0,0,24
2,33,0,42,0,0,0,42
2,34,0,24,0,0,0,24
2,35,0,44,0,0,0,44
2,36,0,52,2,2,0,56
2,37,0,58,0,0,0,58
2,38,0,50,0,0,0,50
2,39,0,44,0,0,0,44
2,40,0,46,0,0,0,46
2,41,0,56,4,4,0,64
2,42,0,54,0,0,0,54
2,43,0,68,0,0,0,68
2,44,0,62,0,0,0,62
2,45,0,60,0,0,0,60
2,46,0,46,1,1,0,48
2,47,0,48,0,0,0,48
2,48,0,62,0,0,0,62
2,49,0,70,0,0,0,70
2,50,0,68,0,0,0,68
2,51,0,96,9,9,0,114
2,52,0,74,0,0,0,74
2,53,0,66,0,0,0,66
2,54,0,70,0,0,0,70
2,55,0,62,0,0,2,64
2,56,0,64,0,0,0,64
2,57,0,72,0,0,0,72
2,58,0,58,0,0,0,58
2,59,0,48,0,0,0,48
2,60,0,32,0,0,0,32
2,61,0,46,3,3,0,52
2,62,0,42,0,0,0,42
2,63,0,44,0,0,0,44
2,64,0,44,0,0,0,44
2,65,0,50,0,0,0,50
2,66,0,54,5,5,0,64
2,67,0,42,0,0,0,42
2,68,0,56,0,0,0,56
2,69,0,48,0,0,0,48
2,70,0,54,0,0,0,54
2,71,0,56,0,0,0,56
2,72,0,70,0,0,0,70
2,73,0,50,0,0,0,50
2,74,0,46,0,0,0,46
2,75,0,60,0,0,0,60
3,1,0,4,4,4,0,12
3,2,0,4,0,0,0,4
3,3,0,6,0,0,0,6
3,4,0,12,0,0,0,12
3,5,0,6,0,0,0,6
3,6,0,20,3,3,0,26
3,7,0,24,0,0,0,24
3,8,0,24,0,0,0,24
3,9,0,16,0,0,0,16
3,10,0,20,0,0,0,20
3,11,0,18,0,0,0,18
3,12,0,24,0,0,0,24
3,13,0,28,0,0,0,28
3,14,0,24,0,0,0,24
3,15,0,32,0,0,0,32
3,16,0,26,2,2,0,30
3,17,0,20,0,0,0,20
3,18,0,20,0,0,0,20
3,19,0,18,0,0,0,18
3,20,0,22,0,0,0,22
3,21,0,32,2,2,0,36
3,22,0,32,0,0,0,32
3,23,0,30,0,0,0,30
3,24,0,34,0,0,0,34
3,25,0,40,0,0,0,40
3,26,0,46,3,3,0,52
3,27,0,52,0,0,0,52
3,28,0,48,0,0,0,48
3,29,0,48,0,0,0,48
3,30,0,54,0,0,0,54
3,31,0,44,0,0,0,44
3,32,0,36,0,0,0,36
3,33,0,52,0,0,0,52
3,34,0,48,0,0,0,48
3,35,0,50,0,0,0,50
3,36,0,48,4,4,0,56
3,37,0,60,0,0,0,60
3,38,0,64,0,0,0,64
3,39,0,58,0,0,0,58
3,40,0,70,0,0,0,70
3,41,0,64,2,2,0,68
3,42,0,52,0,0,0,52
3,43,0,56,0,0,0,56
3,44,0,52,0,0,0,52
3,45,0,74,0,0,0,74
3,46,0,56,4,4,0,64
3,47,0,62,0,0,0,62
3,48,0,58,0,0,0,58
3,49,0,60,0,0,0,60
3,50,0,66,0,0,0,66
3,51,0,68,2,2,0,72
3,52,0,58,0,0,0,58
3,53,0,64,0,0,0,64
3,54,0,74,0,0,0,74
3,55,0,54,0,0,0,54
3,56,0,66,8,8,0,82
3,57,0,36,0,0,0,36
3,58,0,34,0,0,0,34
3,59,0,40,0,0,0,40
3,60,0,38,0,0,0,38
3,61,0,42,3,3,0,48
3,62,0,52,0,0,0,52
3,63,0,44,0,0,2,46
3,64,0,44,0,0,0,44
3,65,0,42,0,0,0,42
3,66,0,28,2,2,0,32
3,67,0,40,0,0,0,40
3,68,0,36,0,0,0,36
3,69,0,40,0,0,0,40
3,70,0,46,0,0,0,46
3,71,0,52,4,4,0,60
3,72,0,52,0,0,0,52
3,73,0,42,0,0,0,42
3,74,0,48,0,0,0,48
3,75,0,40,0,0,0,40
4,1,0,6,6,6,0,18
4,2,0,6,0,0,0,6
4,3,0,14,0,0,0,14
4,4,0,14,0,0,0,14
4,5,0,12,0,0,0,12
4,6,0,16,4,4,0,24
4,7,0,24,0,0,0,24
4,8,0,18,0,0,0,18
4,9,0,18,0,0,0,18
4,10,0,20,0,0,0,20
4,11,0,30,4,4,0,38
4,12,0,24,0,0,0,24
4,13,0,30,0,0,0,30
4,14,0,34,0,0,0,34
4,15,0,30,0,0,0,30
4,16,0,18,0,0,0,18
4,17,0,12,0,0,0,12
4,18,0,14,0,0,0,14
4,19,0,22,0,0,0,22
4,20,0,30,0,0,0,30
4,21,0,26,0,0,0,26
4,22,0,34,0,0,0,34
4,23,0,38,0,0,0,38
4,24,0,44,0,0,0,44
4,25,0,36,0,0,0,36
4,26,0,38,5,5,0,48
4,27,0,42,0,0,0,42
4,28,0,46,0,0,0,46
4,29,0,50,0,0,0,50
4,30,0,40,0,0,0,40
4,31,0,46,0,0,0,46
4,32,0,38,0,0,0,38
4,33,0,32,0,0,0,32
4,34,0,40,0,0,0,40
4,35,0,60,0,0,0,60
4,36,0,52,0,0,0,52
4,37,0,68,0,0,0,68
4,38,0,52,0,0,0,52
4,39,0,58,0,0,0,58
4,40,0,58,0,0,0,58
4,41,0,68,7,7,0,82
4,42,0,70,0,0,0,70
4,43,0,64,0,0,0,64
4,44,0,78,0,0,0,78
4,45,0,80,0,0,0,80
4,46,0,64,6,6,0,76
4,47,0,54,0,0,0,54
4,48,0,48,0,0,0,48
4,49,0,50,0,0,0,50
4,50,0,70,0,0,0,70
4,51,0,70,0,0,0,70
4,52,0,68,0,0,3,71
4,53,0,64,0,0,0,64
4,54,0,60,0,0,2,62
4,55,0,42,0,0,0,42
4,56,0,42,3,3,0,48
4,57,0,44,0,0,0,44
4,58,0,38,0,0,0,38
4,59,0,44,0,0,0,44
4,60,0,48,0,0,0,48
4,61,0,52,4,4,0,60
4,62,0,46,0,0,0,46
4,63,0,54,0,0,0,54
4,64,0,56,0,0,0,56
4,65,0,44,0,0,0,44
4,66,0,42,3,3,0,48
4,67,0,48,0,0,0,48
4,68,0,44,0,0,2,46
4,69,0,38,0,0,0,38
4,70,0,42,0,0,0,42
4,71,0,40,0,0,0,40
4,72,0,50,0,0,0,50
4,73,0,54,0,0,0,54
4,74,0,42,0,0,0,42
4,75,0,30,0,0,0,30
5,1,0,8,8,8,0,24
5,2,0,2,0,0,0,2
5,3,0,4,0,0,0,4
5,4,0,12,0,0,0,12
5,5,0,16,0,0,0,16
5,6,0,20,3,3,0,26
5,7,0,18,0,0,0,18
5,8,0,14,0,0,0,14
5,9,0,12,0,0,0,12
5,10,0,20,0,0,0,20
5,11,0,32,4,4,0,40
5,12,0,30,0,0,0,30
5,13,0,26,0,0,0,26
5,14,0,26,0,0,0,26
5,15,0,34,0,0,0,34
5,16,0,20,0,0,0,20
5,17,0,26,0,0,0,26
5,18,0,26,0,0,0,26
5,19,0,30,0,0,0,30
5,20,0,26,0,0,0,26
5,21,0,44,5,5,0,54
5,22,0,40,0,0,0,40
5,23,0,34,0,0,0,34
5,24,0,40,0,0,0,40
5,25,0,34,0,0,0,34
5,26,0,52,5,5,0,62
5,27,0,48,0,0,0,48
5,28,0,56,0,0,0,56
5,29,0,50,0,0,0,50
5,30,0,60,0,0,0,60
5,31,0,36,4,4,0,44
5,32,0,34,0,0,0,34
5,33,0,66,0,0,0,66
5,34,0,58,0,0,0,58
5,35,0,50,0,0,0,50
5,36,0,56,4,4,0,64
5,37,0,54,0,0,0,54
5,38,0,54,0,0,0,54
5,39,0,64,0,0,0,64
5,40,0,46,0,0,0,46
5,41,0,46,0,0,0,46
5,42,0,44,0,0,0,44
5,43,0,54,0,0,0,54
5,44,0,50,0,0,0,50
5,45,0,56,0,0,0,56
5,46,0,48,6,6,0,60
5,47,0,48,0,0,0,48
5,48,0,48,0,0,0,48
5,49,0,50,0,0,0,50
5,50,0,58,0,0,0,58
5,51,0,72,6,6,0,84
5,52,0,62,0,0,0,62
5,53,0,74,0,0,0,74
5,54,0,54,0,0,0,54
5,55,0,32,0,0,0,32
5,56,0,40,2,2,0,44
5,57,0,40,0,0,0,40
5,58,0,50,0,0,0,50
5,59,0,44,0,0,0,44
5,60,0,42,0,0,0,42
5,61,0,48,7,7,0,62
5,62,0,44,0,0,0,44
5,63,0,48,0,0,0,48
5,64,0,48,0,0,0,48
5,65,0,44,0,0,0,44
5,66,0,50,5,5,0,60
5,67,0,54,0,0,0,54
5,68,0,46,0,0,0,46
5,69,0,40,0,0,0,40
5,70,0,36,0,0,0,36
5,71,0,44,2,2,0,48
5,72,0,36,0,0,0,36
5,73,0,36,0,0,0,36
5,74,0,48,0,0,0,48
5,75,0,40,0,0,0,40
6,1,0,8,8,8,0,24
6,2,0,6,0,0,0,6
6,3,0,8,0,0,0,8
6,4,0,10,0,0,0,10
6,5,0,12,0,0,0,12
6,6,0,24,3,3,0,30
6,7,0,14,0,0,0,14
6,8,0,22,0,0,0,22
6,9,0,24,0,0,0,24
6,10,0,20,0,0,0,20
6,11,0,22,3,3,0,28
6,12,0,8,0,0,0,8
6,13,0,24,0,0,0,24
6,14,0,20,0,0,0,20
6,15,0,18,0,0,0,18
6,16,0,20,5,5,0,30
6,17,0,12,0,0,0,12
6,18,0,20,0,0,0,20
6,19,0,16,0,0,0,16
6,20,0,24,0,0,0,24
6,21,0,24,0,0,0,24
6,22,0,22,0,0,0,22
6,23,0,32,0,0,0,32
6,24,0,30,0,0,0,30
6,25,0,30,0,0,0,30
6,26,0,34,1,1,0,36
6,27,0,40,0,0,0,40
6,28,0,30,0,0,0,30
6,29,0,32,0,0,0,32
6,30,0,40,0,0,0,40
6,31,0,30,4,4,0,38
6,32,0,20,0,0,0,20
6,33,0,36,0,0,0,36
6,34,0,40,0,0,0,40
6,35,0,48,0,0,0,48
6,36,0,48,1,1,0,50
6,37,0,44,0,0,0,44
6,38,0,44,0,0,0,44
6,39,0,48,0,0,0,48
6,40,0,48,0,0,0,48
6,41,0,54,0,0,0,54
6,42,0,62,0,0,0,62
6,43,0,56,0,0,0,56
6,44,0,64,0,0,0,64
6,45,0,50,0,0,0,50
6,46,0,60,5,5,0,70
6,47,0,46,0,0,0,46
6,48,0,56,0,0,0,56
6,49,0,46,0,0,0,46
6,50,0,64,0,0,0,64
6,51,0,68,4,4,0,76
6,52,0,84,0,0,0,84
6,53,0,58,0,0,0,58
6,54,0,66,0,0,0,66
6,55,0,62,0,0,0,62
6,56,0,50,1,1,0,52
6,57,0,40,0,0,0,40
6,58,0,40,0,0,0,40
6,59,0,42,0,0,0,42
6,60,0,42,0,0,0,42
6,61,0,42,3,3,0,48
6,62,0,38,0,0,0,38
6,63,0,34,0,0,0,34
6,64,0,20,0,0,0,20
6,65,0,32,0,0,0,32
6,66,0,32,0,0,0,32
6,67,0,36,0,0,0,36
6,68,0,38,0,0,0,38
6,69,0,32,0,0,0,32
6,70,0,34,0,0,0,34
6,71,0,44,5,5,0,54
6,72,0,36,0,0,0,36
6,73,0,36,0,0,0,36
6,74,0,40,0,0,0,40
6,75,0,28,0,0,0,28
7,1,0,12,12,12,0,36
7,2,0,16,0,0,0,16
7,3,0,10,0,0,0,10
7,4,0,12,0,0,0,12
7,5,0,12,0,0,0,12
7,6,0,16,1,1,0,18
7,7,0,14,0,0,0,14
7,8,0,16,0,0,0,16
7,9,0,22,0,0,0,22
7,10,0,12,0,0,0,12
7,11,0,18,0,0,0,18
7,12,0,22,0,0,0,22
7,13,0,18,0,0,0,18
7,14,0,24,0,0,0,24
7,15,0,24,0,0,0,24
7,16,0,26,5,5,0,36
7,17,0,18,0,0,0,18
7,18,0,28,0,0,0,28
7,19,0,24,0,0,0,24
7,20,0,20,0,0,0,20
7,21,0,36,4,4,0,44
7,22,0,34,0,0,0,34
7,23,0,40,0,0,0,40
7,24,0,24,0,0,0,24
7,25,0,34,0,0,0,34
7,26,0,34,3,3,0,40
7,27,0,28,0,0,0,28
7,28,0,36,0,0,0,36
7,29,0,34,0,0,0,34
7,30,0,28,0,0,0,28
7,31,0,36,5,5,0,46
7,32,0,30,0,0,0,30
7,33,0,42,0,0,0,42
7,34,0,22,0,0,0,22
7,35,0,36,0,0,0,36
7,36,0,44,4,4,0,52
7,37,0,58,0,0,0,58
7,38,0,58,0,0,0,58
7,39,0,42,0,0,0,42
7,40,0,50,0,0,0,50
7,41,0,52,2,2,0,56
7,42,0,74,0,0,0,74
7,43,0,56,0,0,0,56
7,44,0,40,0,0,0,40
7,45,0,48,0,0,0,48
7,46,0,40,5,5,0,50
7,47,0,42,0,0,0,42
7,48,0,54,0,0,0,54
7,49,0,56,0,0,0,56
7,50,0,64,0,0,0,64
7,51,0,64,3,3,0,70
7,52,0,58,0,0,0,58
7,53,0,68,0,0,0,68
7,54,0,56,0,0,0,56
7,55,0,64,0,0,0,64
7,56,0,64,5,5,0,74
7,57,0,48,0,0,0,48
7,58,0,50,0,0,0,50
7,59,0,50,0,0,0,50
7,60,0,52,0,0,0,52
7,61,0,32,2,2,0,36
7,62,0,38,0,0,0,38
7,63,0,40,0,0,0,40
7,64,0,56,0,0,0,56
7,65,0,34,0,0,0,34
7,66,0,38,0,0,0,38
7,67,0,48,0,0,0,48
7,68,0,40,0,0,0,40
7,69,0,54,0,0,0,54
7,70,0,42,0,0,0,42
7,71,0,56,3,3,0,62
7,72,0,56,0,0,0,56
7,73,0,50,0,0,0,50
7,74,0,54,0,0,0,54
7,75,0,46,0,0,0,46
8,1,0,10,10,10,0,30
8,2,0,4,0,0,0,4
8,3,0,4,0,0,0,4
8,4,0,10,0,0,0,10
8,5,0,14,0,0,0,14
8,6,0,20,5,5,0,30
8,7,0,20,0,0,0,20
8,8,0,12,0,0,0,12
8,9,0,16,0,0,0,16
8,10,0,22,0,0,0,22
8,11,0,24,0,0,0,24
8,12,0,20,0,0,0,20
8,13,0,26,0,0,0,26
8,14,0,22,0,0,0,22
8,15,0,30,0,0,0,30
8,16,0,32,4,4,0,40
8,17,0,20,0,0,0,20
8,18,0,24,0,0,0,24
8,19,0,32,0,0,0,32
8,20,0,30,0,0,0,30
8,21,0,30,5,5,0,40
8,22,0,26,0,0,0,26
8,23,0,26,0,0,0,26
8,24,0,30,0,0,0,30
8,25,0,38,0,0,0,38
8,26,0,52,4,4,0,60
8,27,0,40,0,0,0,40
8,28,0,52,0,0,0,52
8,29,0,50,0,0,0,50
8,30,0,46,0,0,0,46
8,31,0,48,5,5,0,58
8,32,0,30,0,0,0,30
8,33,0,44,0,0,0,44
8,34,0,52,0,0,0,52
8,35,0,50,0,0,0,50
8,36,0,66,6,6,0,78
8,37,0,68,0,0,0,68
8,38,0,48,0,0,0,48
8,39,0,66,0,0,0,66
8,40,0,56,0,0,0,56
8,41,0,68,0,0,0,68
8,42,0,76,0,0,0,76
8,43,0,72,0,0,0,72
8,44,0,64,0,0,0,64
8,45,0,88,0,0,0,88
8,46,0,58,5,5,0,68
8,47,0,62,0,0,0,62
8,48,0,64,0,0,0,64
8,49,0,66,0,0,0,66
8,50,0,62,0,0,0,62
8,51,0,72,5,5,0,82
8,52,0,68,0,0,0,68
8,53,0,58,0,0,0,58
8,54,0,56,0,0,0,56
8,55,0,70,0,0,6,76
8,56,0,70,4,4,0,78
8,57,0,64,0,0,0,64
8,58,0,44,0,0,0,44
8,59,0,38,0,0,0,38
8,60,0,46,0,0,0,46
8,61,0,56,7,7,0,70
8,62,0,50,0,0,0,50
8,63,0,40,0,0,0,40
8,64,0,46,0,0,0,46
8,65,0,48,0,0,0,48
8,66,0,46,0,0,0,46
8,67,0,50,0,0,0,50
8,68,0,38,0,0,0,38
8,69,0,54,0,0,0,54
8,70,0,52,0,0,0,52
8,71,0,64,4,4,0,72
8,72,0,56,0,0,0,56
8,73,0,72,0,0,0,72
8,74,0,64,0,0,0,64
8,75,0,60,0,0,0,60
9,1,0,10,10,10,0,30
9,2,0,6,0,0,0,6
9,3,0,6,0,0,0,6
9,4,0,10,0,0,0,10
9,5,0,10,0,0,0,10
9,6,0,20,5,5,0,30
9,7,0,28,0,0,0,28
9,8,0,18,0,0,0,18
9,9,0,20,0,0,0,20
9,10,0,16,0,0,0,16
9,11,0,16,1,1,0,18
9,12,0,18,0,0,0,18
9,13,0,12,0,0,0,12
9,14,0,22,0,0,0,22
9,15,0,22,0,0,0,22
9,16,0,24,5,5,0,34
9,17,0,26,0,0,0,26
9,18,0,22,0,0,0,22
9,19,0,26,0,0,0,26
9,20,0,36,0,0,0,36
9,21,0,40,6,6,0,52
9,22,0,36,0,0,0,36
9,23,0,38,0,0,0,38
9,24,0,36,0,0,0,36
9,25,0,42,0,0,0,42
9,26,0,36,0,0,0,36
9,27,0,40,0,0,0,40
9,28,0,46,0,0,0,46
9,29,0,42,0,0,0,42
9,30,0,48,0,0,0,48
9,31,0,46,0,0,0,46
9,32,0,34,0,0,0,34
9,33,0,40,0,0,0,40
9,34,0,38,0,0,0,38
9,35,0,46,0,0,0,46
9,36,0,48,0,0,0,48
9,37,0,52,0,0,0,52
9,38,0,58,0,0,0,58
9,39,0,66,0,0,0,66
9,40,0,74,0,0,0,74
9,41,0,72,0,0,0,72
9,42,0,74,0,0,0,74
9,43,0,72,0,0,0,72
9,44,0,64,0,0,0,64
9,45,0,64,0,0,0,64
9,46,0,52,0,0,0,52
9,47,0,62,0,0,0,62
9,48,0,52,0,0,0,52
9,49,0,62,0,0,0,62
9,50,0,66,0,0,0,66
9,51,0,70,0,0,0,70
9,52,0,78,0,0,0,78
9,53,0,72,0,0,0,72
9,54,0,42,0,0,0,42
9,55,0,28,0,0,0,28
9,56,0,50,5,5,0,60
9,57,0,54,0,0,0,54
9,58,0,44,0,0,0,44
9,59,0,54,0,0,0,54
9,60,0,58,0,0,0,58
9,61,0,54,1,1,0,56
9,62,0,46,0,0,0,46
9,63,0,38,0,0,0,38
9,64,0,54,0,0,0,54
9,65,0,54,0,0,0,54
9,66,0,58,5,5,0,68
9,67,0,46,0,0,0,46
9,68,0,64,0,0,0,64
9,69,0,42,0,0,0,42
9,70,0,44,0,0,0,44
9,71,0,52,7,7,0,66
9,72,0,40,0,0,0,40
9,73,0,52,0,0,0,52
9,74,0,50,0,0,0,50
9,75,0,56,0,0,0,56
10,1,0,6,6,6,0,18
10,2,0,4,0,0,0,4
10,3,0,12,0,0,0,12
10,4,0,8,0,0,0,8
10,5,0,10,0,0,0,10
10,6,0,14,0,0,0,14
10,7,0,14,0,0,0,14
10,8,0,20,0,0,0,20
10,9,0,20,0,0,0,20
10,10,0,16,0,0,0,16
10,11,0,20,0,0,0,20
10,12,0,28,0,0,0,28
10,13,0,18,0,0,0,18
10,14,0,32,0,0,0,32
10,15,0,26,0,0,0,26
10,16,0,30,6,6,0,42
10,17,0,24,0,0,0,24
10,18,0,30,0,0,0,30
10,19,0,26,0,0,0,26
10,20,0,30,0,0,0,30
10,21,0,46,2,2,0,50
10,22,0,32,0,0,0,32
10,23,0,32,0,0,0,32
10,24,0,34,0,0,0,34
10,25,0,34,0,0,0,34
10,26,0,32,0,0,0,32
10,27,0,46,0,0,0,46
10,28,0,48,0,0,0,48
10,29,0,46,0,0,0,46
10,30,0,30,0,0,0,30
10,31,0,44,7,7,0,58
10,32,0,34,0,0,0,34
10,33,0,44,0,0,0,44
10,34,0,36,0,0,0,36
10,35,0,64,0,0,0,64
10,36,0,54,0,0,0,54
10,37,0,54,0,0,0,54
10,38,0,56,0,0,0,56
10,39,0,70,0,0,0,70
10,40,0,62,0,0,0,62
10,41,0,64,1,1,0,66
10,42,0,64,0,0,0,64
10,43,0,72,0,0,0,72
10,44,0,68,0,0,0,68
10,45,0,82,0,0,0,82
10,46,0,50,7,7,0,64
10,47,0,46,0,0,0,46
10,48,0,68,0,0,0,68
10,49,0,58,0,0,0,58
10,50,0,64,0,0,0,64
10,51,0,76,4,4,0,84
10,52,0,60,0,0,0,60
10,53,0,80,0,0,0,80
10,54,0,76,0,0,0,76
10,55,0,56,0,0,0,56
10,56,0,56,5,5,3,69
10,57,0,48,0,0,0,48
10,58,0,52,0,0,0,52
10,59,0,56,0,0,0,56
10,60,0,46,0,0,0,46
10,61,0,48,1,1,0,50
10,62,0,48,0,0,0,48
10,63,0,42,0,0,0,42
10,64,0,32,0,0,0,32
10,65,0,38,0,0,0,38
10,66,0,36,0,0,0,36
10,67,0,38,0,0,0,38
10,68,0,38,0,0,0,38
10,69,0,42,0,0,0,42
10,70,0,44,0,0,0,44
10,71,0,44,2,2,0,48
10,72,0,32,0,0,0,32
10,73,0,36,0,0,0,36
10,74,0,48,0,0,0,48
10,75,0,40,0,0,0,40
11,1,0,4,4,4,0,12
11,2,0,6,0,0,0,6
11,3,0,8,0,0,0,8
11,4,0,8,0,0,0,8
11,5,0,14,0,0,0,14
11,6,0,14,1,1,0,16
11,7,0,18,0,0,0,18
11,8,0,20,0,0,0,20
11,9,0,16,0,0,0,16
11,10,0,10,0,0,0,10
11,11,0,30,3,3,0,36
11,12,0,32,0,0,0,32
11,13,0,32,0,0,0,32
11,14,0,28,0,0,0,28
11,15,0,26,0,0,0,26
11,16,0,14,1,1,0,16
11,17,0,16,0,0,0,16
11,18,0,14,0,0,0,14
11,19,0,18,0,0,0,18
11,20,0,20,0,0,0,20
11,21,0,20,3,3,0,26
11,22,0,22,0,0,0,22
11,23,0,26,0,0,0,26
11,24,0,24,0,0,0,24
11,25,0,46,0,0,0,46
11,26,0,40,0,0,0,40
11,27,0,42,0,0,0,42
11,28,0,38,0,0,0,38
11,29,0,42,0,0,0,42
11,30,0,58,0,0,0,58
11,31,0,32,3,3,0,38
11,32,0,52,0,0,0,52
11,33,0,42,0,0,0,42
11,34,0,44,0,0,0,44
11,35,0,50,0,0,0,50
11,36,0,48,1,1,0,50
11,37,0,54,0,0,0,54
11,38,0,68,0,0,0,68
11,39,0,54,0,0,0,54
11,40,0,54,0,0,0,54
11,41,0,52,1,1,0,54
11,42,0,58,0,0,0,58
11,43,0,60,0,0,0,60
11,44,0,78,0,0,0,78
11,45,0,64,0,0,0,64
11,46,0,64,7,7,0,78
11,47,0,64,0,0,0,64
11,48,0,58,0,0,0,58
11,49,0,54,0,0,0,54
11,50,0,62,0,0,0,62
11,51,0,74,5,5,0,84
11,52,0,64,0,0,0,64
11,53,0,54,0,0,0,54
11,54,0,48,0,0,0,48
11,55,0,50,0,0,0,50
11,56,0,52,0,0,0,52
11,57,0,50,0,0,0,50
11,58,0,48,0,0,0,48
11,59,0,46,0,0,0,46
11,60,0,34,0,0,0,34
11,61,0,38,2,2,0,42
11,62,0,48,0,0,0,48
11,63,0,46,0,0,0,46
11,64,0,54,0,0,0,54
11,65,0,50,0,0,0,50
11,66,0,46,2,2,0,50
11,67,0,36,0,0,0,36
11,68,0,38,0,0,0,38
11,69,0,44,0,0,0,44
11,70,0,32,0,0,0,32
11,71,0,46,3,3,0,52
11,72,0,38,0,0,0,38
11,73,0,42,0,0,0,42
11,74,0,36,0,0,0,36
11,75,0,36,0,0,0,36
12,1,0,12,12,12,0,36
12,2,0,6,0,0,0,6
12,3,0,10,0,0,0,10
12,4,0,10,0,0,0,10
12,5,0,16,0,0,0,16
12,6,0,16,0,0,0,16
12,7,0,26,0,0,0,26
12,8,0,20,0,0,0,20
12,9,0,16,0,0,0,16
12,10,0,20,0,0,0,20
12,11,0,20,0,0,0,20
12,12,0,30,0,0,0,30
12,13,0,36,0,0,0,36
12,14,0,28,0,0,0,28
12,15,0,30,0,0,0,30
12,16,0,22,4,4,0,30
12,17,0,16,0,0,0,16
12,18,0,22,0,0,0,22
12,19,0,20,0,0,0,20
12,20,0,22,0,0,0,22
12,21,0,28,4,4,0,36
12,22,0,32,0,0,0,32
12,23,0,38,0,0,0,38
12,24,0,38,0,0,0,38
12,25,0,32,0,0,0,32
12,26,0,26,0,0,0,26
12,27,0,44,0,0,0,44
12,28,0,38,0,0,0,38
12,29,0,50,0,0,0,50
12,30,0,50,0,0,0,50
12,31,0,24,0,0,0,24
12,32,0,24,0,0,0,24
12,33,0,36,0,0,0,36
12,34,0,48,0,0,0,48
12,35,0,40,0,0,0,40
12,36,0,44,0,0,0,44
12,37,0,54,0,0,0,54
12,38,0,50,0,0,0,50
12,39,0,62,0,0,0,62
12,40,0,58,0,0,0,58
12,41,0,68,4,4,0,76
12,42,0,80,0,0,0,80
12,43,0,78,0,0,0,78
12,44,0,70,0,0,0,70
12,45,0,64,0,0,0,64
12,46,0,64,7,7,0,78
12,47,0,44,0,0,0,44
12,48,0,64,0,0,0,64
12,49,0,42,0,0,0,42
12,50,0,76,0,0,0,76
12,51,0,74,2,2,0,78
12,52,0,70,0,0,0,70
12,53,0,66,0,0,0,66
12,54,0,54,0,0,0,54
12,55,0,50,0,0,0,50
12,56,0,56,6,6,0,68
12,57,0,58,0,0,0,58
12,58,0,42,0,0,0,42
12,59,0,48,0,0,0,48
12,60,0,48,0,0,0,48
12,61,0,46,1,1,0,48
12,62,0,38,0,0,0,38
12,63,0,42,0,0,0,42
12,64,0,48,0,0,0,48
12,65,0,50,0,0,0,50
12,66,0,54,6,6,0,66
12,67,0,64,0,0,0,64
12,68,0,60,0,0,0,60
12,69,0,58,0,0,0,58
12,70,0,50,0,0,0,50
12,71,0,54,1,1,0,56
12,72,0,48,0,0,0,48
12,73,0,62,0,0,0,62
12,74,0,62,0,0,0,62
12,75,0,50,0,0,0,50
13,1,0,8,8,8,0,24
13,2,0,4,0,0,0,4
13,3,0,4,0,0,0,4
13,4,0,8,0,0,0,8
13,5,0,12,0,0,0,12
13,6,0,18,1,1,0,20
13,7,0,12,0,0,0,12
13,8,0,22,0,0,0,22
13,9,0,14,0,0,0,14
13,10,0,20,0,0,0,20
13,11,0,22,2,2,0,26
13,12,0,24,0,0,0,24
13,13,0,20,0,0,0,20
13,14,0,18,0,0,0,18
13,15,0,18,0,0,0,18
13,16,0,34,4,4,0,42
13,17,0,26,0,0,0,26
13,18,0,30,0,0,0,30
13,19,0,22,0,0,0,22
13,20,0,30,0,0,0,30
13,21,0,32,5,5,0,42
13,22,0,34,0,0,0,34
13,23,0,38,0,0,0,38
13,24,0,28,0,0,0,28
13,25,0,26,0,0,0,26
13,26,0,48,6,6,0,60
13,27,0,38,0,0,0,38
13,28,0,38,0,0,0,38
13,29,0,50,0,0,0,50
13,30,0,48,0,0,0,48
13,31,0,26,1,1,0,28
13,32,0,36,0,0,0,36
13,33,0,44,0,0,0,44
13,34,0,50,0,0,0,50
13,35,0,48,0,0,0,48
13,36,0,72,4,4,0,80
13,37,0,62,0,0,0,62
13,38,0,66,0,0,0,66
13,39,0,50,0,0,0,50
13,40,0,60,0,0,0,60
13,41,0,70,4,4,0,78
13,42,0,58,0,0,0,58
13,43,0,66,0,0,0,66
13,44,0,48,0,0,0,48
13,45,0,52,0,0,0,52
13,46,0,38,0,0,0,38
13,47,0,44,0,0,0,44
13,48,0,62,0,0,0,62
13,49,0,62,0,0,0,62
13,50,0,62,0,0,0,62
13,51,0,72,4,4,0,80
13,52,0,60,0,0,0,60
13,53,0,64,0,0,0,64
13,54,0,58,0,0,0,58
13,55,0,48,0,0,0,48
13,56,0,30,1,1,0,32
13,57,0,60,0,0,0,60
13,58,0,46,0,0,0,46
13,59,0,52,0,0,0,52
13,60,0,54,0,0,0,54
13,61,0,40,0,0,0,40
13,62,0,52,0,0,0,52
13,63,0,50,0,0,0,50
13,64,0,40,0,0,0,40
13,65,0,46,0,0,0,46
13,66,0,48,3,3,0,54
13,67,0,52,0,0,0,52
13,68,0,48,0,0,0,48
13,69,0,46,0,0,0,46
13,70,0,54,0,0,0,54
13,71,0,48,0,0,0,48
13,72,0,46,0,0,0,46
13,73,0,34,0,0,0,34
13,74,0,36,0,0,0,36
13,75,0,30,0,0,0,30
14,1,0,8,8,8,0,24
14,2,0,6,0,0,0,6
14,3,0,14,0,0,0,14
14,4,0,14,0,0,0,14
14,5,0,12,0,0,0,12
14,6,0,8,0,0,0,8
14,7,0,14,0,0,0,14
14,8,0,20,0,0,0,20
14,9,0,16,0,0,0,16
14,10,0,22,0,0,0,22
14,11,0,24,0,0,0,24
14,12,0,18,0,0,0,18
14,13,0,18,0,0,0,18
14,14,0,28,0,0,0,28
14,15,0,28,0,0,0,28
14,16,0,22,2,2,0,26
14,17,0,16,0,0,0,16
14,18,0,20,0,0,0,20
14,19,0,18,0,0,0,18
14,20,0,34,0,0,0,34
14,21,0,32,0,0,0,32
14,22,0,36,0,0,0,36
14,23,0,48,0,0,0,48
14,24,0,36,0,0,0,36
14,25,0,32,0,0,0,32
14,26,0,46,0,0,0,46
14,27,0,26,0,0,0,26
14,28,0,30,0,0,0,30
14,29,0,36,0,0,0,36
14,30,0,40,0,0,0,40
14,31,0,38,5,5,0,48
14,32,0,62,0,0,0,62
14,33,0,42,0,0,0,42
14,34,0,64,0,0,0,64
14,35,0,52,0,0,0,52
14,36,0,58,0,0,0,58
14,37,0,48,0,0,0,48
14,38,0,62,0,0,0,62
14,39,0,60,0,0,0,60
14,40,0,72,0,0,0,72
14,41,0,72,5,5,0,82
14,42,0,60,0,0,0,60
14,43,0,72,0,0,0,72
14,44,0,62,0,0,0,62
14,45,0,60,0,0,0,60
14,46,0,52,0,0,0,52
14,47,0,64,0,0,0,64
14,48,0,62,0,0,0,62
14,49,0,66,0,0,0,66
14,50,0,68,0,0,0,68
14,51,0,72,8,8,0,88
14,52,0,76,0,0,0,76
14,53,0,66,0,0,0,66
14,54,0,54,0,0,0,54
14,55,0,44,0,0,0,44
14,56,0,36,3,3,0,42
14,57,0,48,0,0,0,48
14,58,0,36,0,0,0,36
14,59,0,42,0,0,0,42
14,60,0,40,0,0,0,40
14,61,0,28,0,0,0,28
14,62,0,32,0,0,0,32
14,63,0,24,0,0,0,24
14,64,0,22,0,0,0,22
14,65,0,26,0,0,0,26
14,66,0,34,3,3,0,40
14,67,0,34,0,0,0,34
14,68,0,38,0,0,0,38
14,69,0,46,0,0,0,46
14,70,0,40,0,0,0,40
14,71,0,38,0,0,0,38
14,72,0,42,0,0,0,42
14,73,0,36,0,0,0,36
14,74,0,42,0,0,0,42
14,75,0,18,0,0,0,18
15,1,0,8,8,8,0,24
15,2,0,6,0,0,0,6
15,3,0,8,0,0,0,8
15,4,0,4,0,0,0,4
15,5,0,12,0,0,0,12
15,6,0,14,0,0,0,14
15,7,0,18,0,0,0,18
15,8,0,14,0,0,0,14
15,9,0,6,0,0,0,6
15,10,0,10,0,0,0,10
15,11,0,14,3,3,0,20
15,12,0,14,0,0,0,14
15,13,0,12,0,0,0,12
15,14,0,20,0,0,0,20
15,15,0,18,0,0,0,18
15,16,0,12,1,1,0,14
15,17,0,6,0,0,0,6
15,18,0,18,0,0,0,18
15,19,0,20,0,0,0,20
15,20,0,24,0,0,0,24
15,21,0,28,1,1,0,30
15,22,0,26,0,0,0,26
15,23,0,34,0,0,0,34
15,24,0,30,0,0,0,30
15,25,0,32,0,0,0,32
15,26,0,34,1,1,0,36
15,27,0,48,0,0,0,48
15,28,0,42,0,0,0,42
15,29,0,48,0,0,0,48
15,30,0,46,0,0,0,46
15,31,0,46,4,4,0,54
15,32,0,36,0,0,0,36
15,33,0,30,0,0,0,30
15,34,0,40,0,0,0,40
15,35,0,38,0,0,0,38
15,36,0,44,6,6,0,56
15,37,0,38,0,0,0,38
15,38,0,52,0,0,0,52
15,39,0,60,0,0,0,60
15,40,0,62,0,0,0,62
15,41,0,60,0,0,0,60
15,42,0,58,0,0,0,58
15,43,0,56,0,0,0,56
15,44,0,66,0,0,0,66
15,45,0,56,0,0,0,56
15,46,0,34,3,3,0,40
15,47,0,46,0,0,0,46
15,48,0,46,0,0,0,46
15,49,0,52,0,0,0,52
15,50,0,54,0,0,0,54
15,51,0,76,5,5,0,86
15,52,0,80,0,0,0,80
15,53,0,80,0,0,0,80
15,54,0,62,0,0,0,62
15,55,0,38,0,0,0,38
15,56,0,32,0,0,0,32
15,57,0,28,0,0,0,28
15,58,0,24,0,0,0,24
15,59,0,42,0,0,0,42
15,60,0,34,0,0,0,34
15,61,0,32,2,2,0,36
15,62,0,40,0,0,0,40
15,63,0,52,0,0,0,52
15,64,0,42,0,0,0,42
15,65,0,46,0,0,0,46
15,66,0,36,0,0,0,36
15,67,0,56,0,0,0,56
15,68,0,54,0,0,0,54
15,69,0,56,0,0,0,56
15,70,0,52,0,0,0,52
15,71,0,54,8,8,0,70
15,72,0,36,0,0,0,36
15,73,0,60,0,0,0,60
15,74,0,48,0,0,0,48
15,75,0,52,0,0,0,52
16,1,0,8,8,8,0,24
16,2,0,8,0,0,0,8
16,3,0,8,0,0,0,8
16,4,0,8,0,0,0,8
16,5,0,12,0,0,0,12
16,6,0,14,3,3,0,20
16,7,0,18,0,0,0,18
16,8,0,24,0,0,0,24
16,9,0,22,0,0,0,22
16,10,0,14,0,0,0,14
16,11,0,20,0,0,0,20
16,12,0,20,0,0,0,20
16,13,0,24,0,0,0,24
16,14,0,34,0,0,0,34
16,15,0,24,0,0,0,24
16,16,0,18,0,0,0,18
16,17,0,30,0,0,0,30
16,18,0,34,0,0,0,34
16,19,0,36,0,0,0,36
16,20,0,26,0,0,0,26
16,21,0,42,6,6,0,54
16,22,0,38,0,0,0,38
16,23,0,44,0,0,0,44
16,24,0,28,0,0,0,28
16,25,0,28,0,0,0,28
16,26,0,42,0,0,0,42
16,27,0,42,0,0,0,42
16,28,0,48,0,0,0,48
16,29,0,42,0,0,0,42
16,30,0,52,0,0,0,52
16,31,0,44,6,6,0,56
16,32,0,48,0,0,0,48
16,33,0,52,0,0,0,52
16,34,0,48,0,0,0,48
16,35,0,40,0,0,0,40
16,36,0,50,0,0,0,50
16,37,0,48,0,0,0,48
16,38,0,50,0,0,0,50
16,39,0,64,0,0,0,64
16,40,0,60,0,0,0,60
16,41,0,48,0,0,0,48
16,42,0,64,0,0,0,64
16,43,0,46,0,0,0,46
16,44,0,62,0,0,0,62
16,45,0,70,0,0,0,70
16,46,0,52,6,6,0,64
16,47,0,58,0,0,0,58
16,48,0,56,0,0,0,56
16,49,0,62,0,0,0,62
16,50,0,58,0,0,0,58
16,51,0,76,7,7,0,90
16,52,0,78,0,0,0,78
16,53,0,78,0,0,0,78
16,54,0,80,0,0,0,80
16,55,0,54,0,0,0,54
16,56,0,52,1,1,0,54
16,57,0,50,0,0,0,50
16,58,0,30,0,0,0,30
16,59,0,28,0,0,0,28
16,60,0,32,0,0,0,32
16,61,0,36,1,1,0,38
16,62,0,46,0,0,0,46
16,63,0,48,0,0,0,48
16,64,0,54,0,0,0,54
16,65,0,52,0,0,0,52
16,66,0,58,5,5,0,68
16,67,0,68,0,0,0,68
16,68,0,58,0,0,0,58
16,69,0,48,0,0,0,48
16,70,0,50,0,0,0,50
16,71,0,60,2,2,0,64
16,72,0,46,0,0,0,46
16,73,0,52,0,0,0,52
16,74,0,52,0,0,0,52
16,75,0,54,0,0,0,54
17,1,0,8,8,8,0,24
17,2,0,8,0,0,0,8
17,3,0,10,0,0,0,10
17,4,0,10,0,0,0,10
17,5,0,8,0,0,0,8
17,6,0,14,0,0,0,14
17,7,0,10,0,0,0,10
17,8,0,18,0,0,0,18
17,9,0,24,0,0,0,24
17,10,0,20,0,0,0,20
17,11,0,18,4,4,0,26
17,12,0,30,0,0,0,30
17,13,0,36,0,0,0,36
17,14,0,28,0,0,0,28
17,15,0,26,0,0,0,26
17,16,0,12,1,1,0,14
17,17,0,32,0,0,0,32
17,18,0,8,0,0,0,8
17,19,0,30,0,0,0,30
17,20,0,24,0,0,0,24
17,21,0,42,6,6,0,54
17,22,0,40,0,0,0,40
17,23,0,32,0,0,0,32
17,24,0,30,0,0,0,30
17,25,0,22,0,0,0,22
17,26,0,32,0,0,0,32
17,27,0,36,0,0,0,36
17,28,0,42,0,0,0,42
17,29,0,46,0,0,0,46
17,30,0,40,0,0,0,40
17,31,0,42,1,1,0,44
17,32,0,44,0,0,0,44
17,33,0,48,0,0,0,48
17,34,0,52,0,0,0,52
17,35,0,48,0,0,0,48
17,36,0,46,0,0,0,46
17,37,0,52,0,0,0,52
17,38,0,54,0,0,0,54
17,39,0,44,0,0,0,44
17,40,0,56,0,0,0,56
17,41,0,54,0,0,0,54
17,42,0,50,0,0,0,50
17,43,0,58,0,0,0,58
17,44,0,52,0,0,0,52
17,45,0,54,0,0,0,54
17,46,0,50,5,5,0,60
17,47,0,50,0,0,0,50
17,48,0,46,0,0,0,46
17,49,0,48,0,0,0,48
17,50,0,68,0,0,0,68
17,51,0,76,1,1,0,78
17,52,0,64,0,0,0,64
17,53,0,82,0,0,5,87
17,54,0,52,0,0,0,52
17,55,0,54,0,0,0,54
17,56,0,72,0,0,0,72
17,57,0,60,0,0,0,60
17,58,0,54,0,0,0,54
17,59,0,44,0,0,0,44
17,60,0,56,0,0,0,56
17,61,0,38,0,0,0,38
17,62,0,42,0,0,0,42
17,63,0,46,0,0,0,46
17,64,0,44,0,0,0,44
17,65,0,38,0,0,0,38
17,66,0,38,3,3,0,44
17,67,0,52,0,0,0,52
17,68,0,34,0,0,0,34
17,69,0,48,0,0,0,48
17,70,0,44,0,0,0,44
17,71,0,62,0,0,0,62
17,72,0,48,0,0,0,48
17,73,0,52,0,0,0,52
17,74,0,34,0,0,0,34
17,75,0,44,0,0,0,44
18,1,0,12,12,12,0,36
18,2,0,6,0,0,0,6
18,3,0,4,0,0,0,4
18,4,0,8,0,0,0,8
18,5,0,4,0,0,0,4
18,6,0,14,0,0,0,14
18,7,0,18,0,0,0,18
18,8,0,16,0,0,0,16
18,9,0,18,0,0,0,18
18,10,0,26,0,0,0,26
18,11,0,24,2,2,0,28
18,12,0,28,0,0,0,28
18,13,0,30,0,0,0,30
18,14,0,28,0,0,0,28
18,15,0,30,0,0,0,30
18,16,0,16,0,0,0,16
18,17,0,20,0,0,0,20
18,18,0,22,0,0,0,22
18,19,0,26,0,0,0,26
18,20,0,28,0,0,0,28
18,21,0,34,2,2,0,38
18,22,0,34,0,0,0,34
18,23,0,30,0,0,0,30
18,24,0,36,0,0,0,36
18,25,0,40,0,0,0,40
18,26,0,52,5,5,0,62
18,27,0,40,0,0,0,40
18,28,0,54,0,0,0,54
18,29,0,48,0,0,0,48
18,30,0,46,0,0,0,46
18,31,0,42,0,0,0,42
18,32,0,32,0,0,0,32
18,33,0,44,0,0,0,44
18,34,0,52,0,0,0,52
18,35,0,40,0,0,0,40
18,36,0,68,7,7,0,82
18,37,0,64,0,0,0,64
18,38,0,54,0,0,0,54
18,39,0,64,0,0,0,64
18,40,0,52,0,0,0,52
18,41,0,62,5,5,0,72
18,42,0,78,0,0,0,78
18,43,0,62,0,0,0,62
18,44,0,70,0,0,0,70
18,45,0,68,0,0,0,68
18,46,0,62,5,5,0,72
18,47,0,68,0,0,0,68
18,48,0,60,0,0,0,60
18,49,0,76,0,0,0,76
18,50,0,60,0,0,0,60
18,51,0,74,4,4,0,82
18,52,0,58,0,0,0,58
18,53,0,64,0,0,0,64
18,54,0,52,0,0,0,52
18,55,0,54,0,0,0,54
18,56,0,60,5,5,0,70
18,57,0,58,0,0,6,64
18,58,0,48,0,0,0,48
18,59,0,48,0,0,0,48
18,60,0,42,0,0,0,42
18,61,0,28,0,0,0,28
18,62,0,44,0,0,0,44
18,63,0,22,0,0,0,22
18,64,0,34,0,0,0,34
18,65,0,46,0,0,0,46
18,66,0,52,3,3,0,58
18,67,0,64,0,0,0,64
18,68,0,58,0,0,0,58
18,69,0,46,0,0,0,46
18,70,0,46,0,0,0,46
18,71,0,48,0,0,0,48
18,72,0,52,0,0,0,52
18,73,0,40,0,0,0,40
18,74,0,44,0,0,0,44
18,75,0,54,0,0,0,54
19,1,0,8,8,8,0,24
19,2,0,8,0,0,0,8
19,3,0,10,0,0,0,10
19,4,0,10,0,0,0,10
19,5,0,10,0,0,0,10
19,6,0,12,3,3,0,18
19,7,0,26,0,0,0,26
19,8,0,20,0,0,0,20
19,9,0,16,0,0,0,16
19,10,0,18,0,0,0,18
19,11,0,14,0,0,0,14
19,12,0,30,0,0,0,30
19,13,0,22,0,0,0,22
19,14,0,32,0,0,0,32
19,15,0,32,0,0,0,32
19,16,0,26,4,4,0,34
19,17,0,30,0,0,0,30
19,18,0,20,0,0,0,20
19,19,0,32,0,0,0,32
19,20,0,36,0,0,0,36
19,21,0,32,1,1,0,34
19,22,0,24,0,0,0,24
19,23,0,22,0,0,0,22
19,24,0,40,0,0,0,40
19,25,0,34,0,0,0,34
19,26,0,50,5,5,0,60
19,27,0,50,0,0,0,50
19,28,0,48,0,0,0,48
19,29,0,48,0,0,0,48
19,30,0,50,0,0,0,50
19,31,0,40,3,3,0,46
19,32,0,46,0,0,0,46
19,33,0,48,0,0,0,48
19,34,0,62,0,0,0,62
19,35,0,62,0,0,0,62
19,36,0,68,2,2,0,72
19,37,0,58,0,0,0,58
19,38,0,64,0,0,0,64
19,39,0,64,0,0,0,64
19,40,0,58,0,0,0,58
19,41,0,76,6,6,0,88
19,42,0,68,0,0,0,68
19,43,0,60,0,0,0,60
19,44,0,72,0,0,0,72
19,45,0,82,0,0,0,82
19,46,0,56,5,5,0,66
19,47,0,54,0,0,0,54
19,48,0,60,0,0,0,60
19,49,0,64,0,0,0,64
19,50,0,70,0,0,0,70
19,51,0,84,0,0,0,84
19,52,0,70,0,0,0,70
19,53,0,74,0,0,0,74
19,54,0,76,0,0,0,76
19,55,0,68,0,0,0,68
19,56,0,68,6,6,0,80
19,57,0,54,0,0,0,54
19,58,0,36,0,0,0,36
19,59,0,42,0,0,0,42
19,60,0,48,0,0,0,48
19,61,0,48,5,5,0,58
19,62,0,56,0,0,0,56
19,63,0,52,0,0,0,52
19,64,0,32,0,0,0,32
19,65,0,50,0,0,0,50
19,66,0,38,2,2,0,42
19,67,0,42,0,0,4,46
19,68,0,36,0,0,0,36
19,69,0,56,0,0,0,56
19,70,0,56,0,0,0,56
19,71,0,58,1,1,0,60
19,72,0,40,0,0,0,40
19,73,0,32,0,0,0,32
19,74,0,42,0,0,0,42
19,75,0,56,0,0,0,56
20,1,0,10,10,10,0,30
20,2,0,8,0,0,0,8
20,3,0,6,0,0,0,6
20,4,0,16,0,0,0,16
20,5,0,12,0,0,0,12
20,6,0,20,5,5,0,30
20,7,0,14,0,0,0,14
20,8,0,18,0,0,0,18
20,9,0,20,0,0,0,20
20,10,0,18,0,0,0,18
20,11,0,20,5,5,0,30
20,12,0,26,0,0,0,26
20,13,0,20,0,0,0,20
20,14,0,36,0,0,0,36
20,15,0,24,0,0,0,24
20,16,0,22,5,5,0,32
20,17,0,14,0,0,0,14
20,18,0,16,0,0,0,16
20,19,0,26,0,0,0,26
20,20,0,20,0,0,0,20
20,21,0,30,4,4,0,38
20,22,0,38,0,0,0,38
20,23,0,34,0,0,0,34
20,24,0,22,0,0,0,22
20,25,0,24,0,0,0,24
20,26,0,34,0,0,0,34
20,27,0,46,0,0,0,46
20,28,0,40,0,0,0,40
20,29,0,36,0,0,0,36
20,30,0,42,0,0,0,42
20,31,0,44,2,2,0,48
20,32,0,34,0,0,0,34
20,33,0,26,0,0,0,26
20,34,0,44,0,0,0,44
20,35,0,36,0,0,0,36
20,36,0,48,4,4,0,56
20,37,0,40,0,0,0,40
20,38,0,50,0,0,0,50
20,39,0,64,0,0,0,64
20,40,0,60,0,0,0,60
20,41,0,54,1,1,0,56
20,42,0,70,0,0,0,70
20,43,0,62,0,0,0,62
20,44,0,64,0,0,0,64
20,45,0,66,0,0,0,66
20,46,0,54,6,6,0,66
20,47,0,40,0,0,0,40
20,48,0,62,0,0,0,62
20,49,0,68,0,0,0,68
20,50,0,46,0,0,0,46
20,51,0,66,1,1,0,68
20,52,0,66,0,0,0,66
20,53,0,70,0,0,0,70
20,54,0,60,0,0,0,60
20,55,0,34,0,0,0,34
20,56,0,48,3,3,0,54
20,57,0,34,0,0,0,34
20,58,0,36,0,0,0,36
20,59,0,48,0,0,0,48
20,60,0,44,0,0,0,44
20,61,0,38,0,0,0,38
20,62,0,50,0,0,0,50
20,63,0,50,0,0,0,50
20,64,0,52,0,0,0,52
20,65,0,48,0,0,0,48
20,66,0,38,1,1,0,40
20,67,0,40,0,0,0,40
20,68,0,50,0,0,0,50
20,69,0,52,0,0,0,52
20,70,0,58,0,0,0,58
20,71,0,58,0,0,0,58
20,72,0,48,0,0,0,48
20,73,0,64,0,0,0,64
20,74,0,56,0,0,0,56
20,75,0,54,0,0,0,54
21,1,0,10,10,10,0,30
21,2,0,2,0,0,0,2
21,3,0,4,0,0,0,4
21,4,0,10,0,0,0,10
21,5,0,12,0,0,0,12
21,6,0,20,2,2,0,24
21,7,0,26,0,0,0,26
21,8,0,24,0,0,0,24
21,9,0,22,0,0,0,22
21,10,0,16,0,0,0,16
21,11,0,22,2,2,0,26
21,12,0,18,0,0,0,18
21,13,0,18,0,0,0,18
21,14,0,16,0,0,0,16
21,15,0,24,0,0,0,24
21,16,0,22,4,4,0,30
21,17,0,16,0,0,0,16
21,18,0,22,0,0,0,22
21,19,0,16,0,0,0,16
21,20,0,26,0,0,0,26
21,21,0,34,4,4,0,42
21,22,0,38,0,0,0,38
21,23,0,42,0,0,0,42
21,24,0,42,0,0,0,42
21,25,0,40,0,0,0,40
21,26,0,42,2,2,0,46
21,27,0,44,0,0,0,44
21,28,0,56,0,0,0,56
21,29,0,52,0,0,0,52
21,30,0,48,0,0,0,48
21,31,0,42,5,5,0,52
21,32,0,38,0,0,0,38
21,33,0,34,0,0,0,34
21,34,0,42,0,0,0,42
21,35,0,44,0,0,0,44
21,36,0,42,1,1,0,44
21,37,0,52,0,0,0,52
21,38,0,50,0,0,0,50
21,39,0,50,0,0,0,50
21,40,0,62,0,0,0,62
21,41,0,46,0,0,0,46
21,42,0,62,0,0,0,62
21,43,0,60,0,0,0,60
21,44,0,50,0,0,0,50
21,45,0,56,0,0,0,56
21,46,0,46,5,5,0,56
21,47,0,46,0,0,0,46
21,48,0,44,0,0,0,44
21,49,0,62,0,0,0,62
21,50,0,60,0,0,0,60
21,51,0,56,3,3,0,62
21,52,0,62,0,0,0,62
21,53,0,82,0,0,0,82
21,54,0,72,0,0,0,72
21,55,0,62,0,0,0,62
21,56,0,58,0,0,0,58
21,57,0,38,0,0,0,38
21,58,0,38,0,0,1,39
21,59,0,50,0,0,8,58
21,60,0,36,0,0,0,36
21,61,0,34,3,3,0,40
21,62,0,38,0,0,0,38
21,63,0,34,0,0,0,34
21,64,0,36,0,0,0,36
21,65,0,42,0,0,0,42
21,66,0,44,2,2,0,48
21,67,0,38,0,0,0,38
21,68,0,36,0,0,0,36
21,69,0,50,0,0,0,50
21,70,0,42,0,0,0,42
21,71,0,42,0,0,6,48
21,72,0,50,0,0,0,50
21,73,0,38,0,0,0,38
21,74,0,48,0,0,0,48
21,75,0,46,0,0,0,46
22,1,0,10,10,10,0,30
22,2,0,8,0,0,0,8
22,3,0,10,0,0,0,10
22,4,0,16,0,0,0,16
22,5,0,18,0,0,0,18
22,6,0,18,5,5,0,28
22,7,0,18,0,0,0,18
22,8,0,20,0,0,0,20
22,9,0,18,0,0,0,18
22,10,0,26,0,0,0,26
22,11,0,18,0,0,0,18
22,12,0,26,0,0,0,26
22,13,0,22,0,0,0,22
22,14,0,26,0,0,0,26
22,15,0,16,0,0,0,16
22,16,0,12,1,1,0,14
22,17,0,26,0,0,0,26
22,18,0,24,0,0,0,24
22,19,0,28,0,0,0,28
22,20,0,24,0,0,0,24
22,21,0,42,6,6,0,54
22,22,0,34,0,0,0,34
22,23,0,38,0,0,0,38
22,24,0,40,0,0,0,40
22,25,0,38,0,0,0,38
22,26,0,52,4,4,0,60
22,27,0,50,0,0,0,50
22,28,0,46,0,0,0,46
22,29,0,42,0,0,0,42
22,30,0,48,0,0,0,48
22,31,0,44,6,6,0,56
22,32,0,60,0,0,0,60
22,33,0,40,0,0,0,40
22,34,0,46,0,0,0,46
22,35,0,46,0,0,0,46
22,36,0,52,6,6,0,64
22,37,0,70,0,0,0,70
22,38,0,58,0,0,0,58
22,39,0,58,0,0,0,58
22,40,0,62,0,0,0,62
22,41,0,64,6,6,0,76
22,42,0,66,0,0,0,66
22,43,0,68,0,0,0,68
22,44,0,68,0,0,0,68
22,45,0,62,0,0,0,62
22,46,0,58,0,0,0,58
22,47,0,76,0,0,0,76
22,48,0,58,0,0,0,58
22,49,0,74,0,0,0,74
22,50,0,62,0,0,0,62
22,51,0,64,0,0,0,64
22,52,0,76,0,0,0,76
22,53,0,76,0,0,0,76
22,54,0,58,0,0,0,58
22,55,0,62,0,0,0,62
22,56,0,62,3,3,0,68
22,57,0,52,0,0,0,52
22,58,0,48,0,0,0,48
22,59,0,40,0,0,0,40
22,60,0,44,0,0,0,44
22,61,0,42,4,4,0,50
22,62,0,46,0,0,0,46
22,63,0,50,0,0,0,50
22,64,0,46,0,0,0,46
22,65,0,54,0,0,0,54
22,66,0,56,3,3,0,62
22,67,0,44,0,0,0,44
22,68,0,42,0,0,0,42
22,69,0,42,0,0,0,42
22,70,0,42,0,0,0,42
22,71,0,46,0,0,0,46
22,72,0,36,0,0,0,36
22,73,0,48,0,0,0,48
22,74,0,30,0,0,0,30
22,75,0,36,0,0,0,36
23,1,0,6,6,6,0,18
23,2,0,14,0,0,0,14
23,3,0,10,0,0,0,10
23,4,0,12,0,0,0,12
23,5,0,12,0,0,0,12
23,6,0,16,3,3,0,22
23,7,0,24,0,0,0,24
23,8,0,20,0,0,0,20
23,9,0,20,0,0,0,20
23,10,0,22,0,0,0,22
23,11,0,28,4,4,0,36
23,12,0,26,0,0,0,26
23,13,0,24,0,0,0,24
23,14,0,22,0,0,0,22
23,15,0,22,0,0,0,22
23,16,0,26,5,5,0,36
23,17,0,26,0,0,0,26
23,18,0,26,0,0,0,26
23,19,0,34,0,0,0,34
23,20,0,26,0,0,0,26
23,21,0,18,0,0,0,18
23,22,0,24,0,0,0,24
23,23,0,36,0,0,0,36
23,24,0,28,0,0,0,28
23,25,0,28,0,0,0,28
23,26,0,48,6,6,0,60
23,27,0,50,0,0,0,50
23,28,0,38,0,0,0,38
23,29,0,36,0,0,0,36
23,30,0,56,0,0,0,56
23,31,0,58,6,6,0,70
23,32,0,48,0,0,0,48
23,33,0,48,0,0,0,48
23,34,0,50,0,0,0,50
23,35,0,54,0,0,0,54
23,36,0,56,3,3,0,62
23,37,0,58,0,0,0,58
23,38,0,58,0,0,0,58
23,39,0,56,0,0,0,56
23,40,0,62,0,0,0,62
23,41,0,64,0,0,0,64
23,42,0,50,0,0,0,50
23,43,0,64,0,0,0,64
23,44,0,70,0,0,0,70
23,45,0,62,0,0,0,62
23,46,0,42,4,4,0,50
23,47,0,56,0,0,0,56
23,48,0,62,0,0,0,62
23,49,0,68,0,0,0,68
23,50,0,80,0,0,0,80
23,51,0,64,0,0,0,64
23,52,0,80,0,0,0,80
23,53,0,82,0,0,0,82
23,54,0,58,0,0,0,58
23,55,0,36,0,0,0,36
23,56,0,58,3,3,0,64
23,57,0,52,0,0,0,52
23,58,0,58,0,0,0,58
23,59,0,36,0,0,0,36
23,60,0,52,0,0,0,52
23,61,0,36,0,0,0,36
23,62,0,38,0,0,0,38
23,63,0,38,0,0,0,38
23,64,0,42,0,0,0,42
23,65,0,46,0,0,0,46
23,66,0,58,6,6,0,70
23,67,0,60,0,0,0,60
23,68,0,50,0,0,0,50
23,69,0,48,0,0,0,48
23,70,0,44,0,0,0,44
23,71,0,40,0,0,0,40
23,72,0,46,0,0,0,46
23,73,0,46,0,0,0,46
23,74,0,50,0,0,0,50
23,75,0,50,0,0,0,50
24,1,0,6,6,6,0,18
24,2,0,8,0,0,0,8
24,3,0,12,0,0,0,12
24,4,0,10,0,0,0,10
24,5,0,10,0,0,0,10
24,6,0,14,0,0,0,14
24,7,0,10,0,0,0,10
24,8,0,22,0,0,0,22
24,9,0,18,0,0,0,18
24,10,0,20,0,0,0,20
24,11,0,24,0,0,0,24
24,12,0,28,0,0,0,28
24,13,0,20,0,0,0,20
24,14,0,14,0,0,0,14
24,15,0,28,0,0,0,28
24,16,0,28,3,3,0,34
24,17,0,20,0,0,0,20
24,18,0,14,0,0,0,14
24,19,0,20,0,0,0,20
24,20,0,16,0,0,0,16
24,21,0,28,4,4,0,36
24,22,0,30,0,0,0,30
24,23,0,40,0,0,0,40
24,24,0,24,0,0,0,24
24,25,0,28,0,0,0,28
24,26,0,32,0,0,0,32
24,27,0,38,0,0,0,38
24,28,0,40,0,0,0,40
24,29,0,42,0,0,0,42
24,30,0,34,0,0,0,34
24,31,0,40,0,0,0,40
24,32,0,32,0,0,0,32
24,33,0,48,0,0,0,48
24,34,0,46,0,0,0,46
24,35,0,44,0,0,0,44
24,36,0,52,1,1,0,54
24,37,0,54,0,0,0,54
24,38,0,60,0,0,0,60
24,39,0,60,0,0,0,60
24,40,0,56,0,0,0,56
24,41,0,84,3,3,0,90
24,42,0,60,0,0,0,60
24,43,0,60,0,0,0,60
24,44,0,68,0,0,0,68
24,45,0,66,0,0,0,66
24,46,0,58,5,5,0,68
24,47,0,58,0,0,0,58
24,48,0,50,0,0,0,50
24,49,0,62,0,0,0,62
24,50,0,58,0,0,0,58
24,51,0,84,5,5,0,94
24,52,0,88,0,0,0,88
24,53,0,80,0,0,0,80
24,54,0,68,0,0,0,68
24,55,0,54,0,0,0,54
24,56,0,60,0,0,0,60
24,57,0,64,0,0,0,64
24,58,0,48,0,0,0,48
24,59,0,50,0,0,0,50
24,60,0,46,0,0,0,46
24,61,0,42,2,2,0,46
24,62,0,38,0,0,0,38
24,63,0,42,0,0,0,42
24,64,0,44,0,0,0,44
24,65,0,38,0,0,0,38
24,66,0,46,3,3,0,52
24,67,0,56,0,0,0,56
24,68,0,56,0,0,0,56
24,69,0,46,0,0,0,46
24,70,0,42,0,0,0,42
24,71,0,56,6,6,0,68
24,72,0,52,0,0,0,52
24,73,0,48,0,0,0,48
24,74,0,38,0,0,0,38
24,75,0,40,0,0,0,40
25,1,0,6,6,6,0,18
25,2,0,18,0,0,0,18
25,3,0,14,0,0,0,14
25,4,0,12,0,0,0,12
25,5,0,12,0,0,0,12
25,6,0,14,4,4,0,22
25,7,0,12,0,0,0,12
25,8,0,18,0,0,0,18
25,9,0,22,0,0,0,22
25,10,0,20,0,0,0,20
25,11,0,18,0,0,0,18
25,12,0,24,0,0,0,24
25,13,0,20,0,0,0,20
25,14,0,12,0,0,0,12
25,15,0,24,0,0,0,24
25,16,0,16,3,3,0,22
25,17,0,20,0,0,0,20
25,18,0,28,0,0,0,28
25,19,0,38,0,0,0,38
25,20,0,30,0,0,0,30
25,21,0,30,0,0,0,30
25,22,0,20,0,0,0,20
25,23,0,28,0,0,0,28
25,24,0,42,0,0,0,42
25,25,0,36,0,0,0,36
25,26,0,40,6,6,0,52
25,27,0,56,0,0,0,56
25,28,0,54,0,0,0,54
25,29,0,48,0,0,0,48
25,30,0,46,0,0,0,46
25,31,0,44,6,6,0,56
25,32,0,44,0,0,0,44
25,33,0,36,0,0,0,36
25,34,0,42,0,0,0,42
25,35,0,52,0,0,0,52
25,36,0,46,0,0,0,46
25,37,0,52,0,0,0,52
25,38,0,54,0,0,0,54
25,39,0,50,0,0,0,50
25,40,0,68,0,0,0,68
25,41,0,60,4,4,0,68
25,42,0,62,0,0,0,62
25,43,0,54,0,0,0,54
25,44,0,66,0,0,0,66
25,45,0,58,0,0,0,58
25,46,0,66,2,2,0,70
25,47,0,56,0,0,0,56
25,48,0,68,0,0,0,68
25,49,0,54,0,0,0,54
25,50,0,40,0,0,0,40
25,51,0,60,1,1,0,62
25,52,0,62,0,0,0,62
25,53,0,56,0,0,0,56
25,54,0,46,0,0,0,46
25,55,0,52,0,0,0,52
25,56,0,60,4,4,0,68
25,57,0,50,0,0,0,50
25,58,0,48,0,0,0,48
25,59,0,50,0,0,0,50
25,60,0,54,0,0,0,54
25,61,0,50,4,4,0,58
25,62,0,48,0,0,0,48
25,63,0,44,0,0,0,44
25,64,0,46,0,0,0,46
25,65,0,38,0,0,0,38
25,66,0,54,5,5,0,64
25,67,0,42,0,0,0,42
25,68,0,44,0,0,0,44
25,69,0,36,0,0,0,36
25,70,0,50,0,0,0,50
25,71,0,36,2,2,0,40
25,72,0,36,0,0,0,36
25,73,0,38,0,0,0,38
25,74,0,36,0,0,0,36
25,75,0,36,0,0,0,36
26,1,0,12,12,12,0,36
26,2,0,4,0,0,0,4
26,3,0,14,0,0,0,14
26,4,0,12,0,0,0,12
26,5,0,10,0,0,0,10
26,6,0,12,2,2,0,16
26,7,0,18,0,0,0,18
26,8,0,22,0,0,0,22
26,9,0,22,0,0,0,22
26,10,0,20,0,0,0,20
26,11,0,26,3,3,0,32
26,12,0,22,0,0,0,22
26,13,0,30,0,0,0,30
26,14,0,32,0,0,0,32
26,15,0,22,0,0,0,22
26,16,0,12,0,0,0,12
26,17,0,12,0,0,0,12
26,18,0,22,0,0,0,22
26,19,0,20,0,0,0,20
26,20,0,24,0,0,0,24
26,21,0,24,3,3,0,30
26,22,0,28,0,0,0,28
26,23,0,26,0,0,0,26
26,24,0,34,0,0,0,34
26,25,0,32,0,0,0,32
26,26,0,48,3,3,0,54
26,27,0,52,0,0,0,52
26,28,0,50,0,0,0,50
26,29,0,38,0,0,0,38
26,30,0,42,0,0,0,42
26,31,0,34,1,1,0,36
26,32,0,36,0,0,0,36
26,33,0,38,0,0,0,38
26,34,0,40,0,0,0,40
26,35,0,46,0,0,0,46
26,36,0,66,5,5,0,76
26,37,0,64,0,0,0,64
26,38,0,68,0,0,0,68
26,39,0,68,0,0,0,68
26,40,0,68,0,0,0,68
26,41,0,58,1,1,0,60
26,42,0,72,0,0,0,72
26,43,0,78,0,0,0,78
26,44,0,72,0,0,0,72
26,45,0,70,0,0,0,70
26,46,0,60,4,4,0,68
26,47,0,56,0,0,0,56
26,48,0,58,0,0,0,58
26,49,0,56,0,0,0,56
26,50,0,64,0,0,0,64
26,51,0,78,1,1,0,80
26,52,0,80,0,0,0,80
26,53,0,54,0,0,0,54
26,54,0,84,0,0,0,84
26,55,0,56,0,0,0,56
26,56,0,68,4,4,0,76
26,57,0,66,0,0,0,66
26,58,0,52,0,0,0,52
26,59,0,42,0,0,0,42
26,60,0,40,0,0,0,40
26,61,0,34,0,0,0,34
26,62,0,46,0,0,0,46
26,63,0,50,0,0,0,50
26,64,0,46,0,0,0,46
26,65,0,42,0,0,0,42
26,66,0,54,0,0,0,54
26,67,0,36,0,0,0,36
26,68,0,46,0,0,0,46
26,69,0,40,0,0,0,40
26,70,0,64,0,0,0,64
26,71,0,64,3,3,0,70
26,72,0,44,0,0,0,44
26,73,0,58,0,0,0,58
26,74,0,48,0,0,0,48
26,75,0,62,0,0,0,62
27,1,0,10,10,10,0,30
27,2,0,14,0,0,0,14
27,3,0,10,0,0,0,10
27,4,0,12,0,0,0,12
27,5,0,10,0,0,0,10
27,6,0,24,4,4,0,32
27,7,0,20,0,0,0,20
27,8,0,14,0,0,0,14
27,9,0,22,0,0,0,22
27,10,0,16,0,0,0,16
27,11,0,22,0,0,0,22
27,12,0,18,0,0,0,18
27,13,0,16,0,0,0,16
27,14,0,18,0,0,0,18
27,15,0,32,0,0,0,32
27,16,0,16,3,3,0,22
27,17,0,16,0,0,0,16
27,18,0,12,0,0,0,12
27,19,0,20,0,0,0,20
27,20,0,16,0,0,0,16
27,21,0,22,0,0,0,22
27,22,0,32,0,0,0,32
27,23,0,28,0,0,0,28
27,24,0,36,0,0,0,36
27,25,0,34,0,0,0,34
27,26,0,66,7,7,0,80
27,27,0,52,0,0,0,52
27,28,0,60,0,0,0,60
27,29,0,48,0,0,0,48
27,30,0,46,0,0,0,46
27,31,0,46,5,5,0,56
27,32,0,30,0,0,0,30
27,33,0,38,0,0,0,38
27,34,0,48,0,0,0,48
27,35,0,46,0,0,0,46
27,36,0,58,1,1,0,60
27,37,0,56,0,0,0,56
27,38,0,50,0,0,0,50
27,39,0,56,0,0,0,56
27,40,0,52,0,0,0,52
27,41,0,54,1,1,0,56
27,42,0,58,0,0,0,58
27,43,0,64,0,0,0,64
27,44,0,58,0,0,0,58
27,45,0,64,0,0,0,64
27,46,0,70,7,7,0,84
27,47,0,62,0,0,0,62
27,48,0,50,0,0,0,50
27,49,0,74,0,0,0,74
27,50,0,68,0,0,0,68
27,51,0,70,4,4,0,78
27,52,0,98,0,0,0,98
27,53,0,72,0,0,0,72
27,54,0,64,0,0,0,64
27,55,0,62,0,0,3,65
27,56,0,36,0,0,0,36
27,57,0,38,0,0,0,38
27,58,0,28,0,0,0,28
27,59,0,38,0,0,0,38
27,60,0,24,0,0,0,24
27,61,0,38,2,2,0,42
27,62,0,38,0,0,0,38
27,63,0,44,0,0,0,44
27,64,0,38,0,0,0,38
27,65,0,48,0,0,0,48
27,66,0,46,2,2,0,50
27,67,0,54,0,0,0,54
27,68,0,42,0,0,0,42
27,69,0,42,0,0,0,42
27,70,0,30,0,0,0,30
27,71,0,30,0,0,0,30
27,72,0,38,0,0,0,38
27,73,0,48,0,0,0,48
27,74,0,32,0,0,0,32
27,75,0,46,0,0,0,46
28,1,0,6,6,6,0,18
28,2,0,6,0,0,0,6
28,3,0,10,0,0,0,10
28,4,0,10,0,0,0,10
28,5,0,12,0,0,0,12
28,6,0,8,0,0,0,8
28,7,0,12,0,0,0,12
28,8,0,22,0,0,0,22
28,9,0,26,0,0,0,26
28,10,0,18,0,0,0,18
28,11,0,20,0,0,0,20
28,12,0,20,0,0,0,20
28,13,0,32,0,0,0,32
28,14,0,22,0,0,0,22
28,15,0,22,0,0,0,22
28,16,0,16,0,0,0,16
28,17,0,18,0,0,0,18
28,18,0,20,0,0,0,20
28,19,0,32,0,0,0,32
28,20,0,24,0,0,0,24
28,21,0,30,0,0,0,30
28,22,0,30,0,0,0,30
28,23,0,38,0,0,0,38
28,24,0,32,0,0,0,32
28,25,0,24,0,0,0,24
28,26,0,36,2,2,0,40
28,27,0,36,0,0,0,36
28,28,0,38,0,0,0,38
28,29,0,34,0,0,0,34
28,30,0,50,0,0,0,50
28,31,0,32,0,0,0,32
28,32,0,22,0,0,0,22
28,33,0,36,0,0,0,36
28,34,0,34,0,0,0,34
28,35,0,44,0,0,0,44
28,36,0,48,0,0,0,48
28,37,0,52,0,0,0,52
28,38,0,52,0,0,0,52
28,39,0,58,0,0,0,58
28,40,0,50,0,0,0,50
28,41,0,54,0,0,0,54
28,42,0,58,0,0,0,58
28,43,0,54,0,0,0,54
28,44,0,52,0,0,0,52
28,45,0,60,0,0,0,60
28,46,0,40,0,0,0,40
28,47,0,52,0,0,0,52
28,48,0,46,0,0,0,46
28,49,0,38,0,0,0,38
28,50,0,42,0,0,0,42
28,51,0,60,3,3,0,66
28,52,0,80,0,0,0,80
28,53,0,68,0,0,0,68
28,54,0,76,0,0,0,76
28,55,0,52,0,0,0,52
28,56,0,64,4,4,0,72
28,57,0,50,0,0,4,54
28,58,0,38,0,0,0,38
28,59,0,48,0,0,0,48
28,60,0,52,0,0,0,52
28,61,0,44,7,7,0,58
28,62,0,68,0,0,0,68
28,63,0,60,0,0,0,60
28,64,0,54,0,0,0,54
28,65,0,42,0,0,0,42
28,66,0,52,1,1,0,54
28,67,0,38,0,0,0,38
28,68,0,56,0,0,0,56
28,69,0,38,0,0,0,38
28,70,0,36,0,0,0,36
28,71,0,46,4,4,0,54
28,72,0,40,0,0,0,40
28,73,0,38,0,0,0,38
28,74,0,30,0,0,0,30
28,75,0,30,0,0,0,30
29,1,0,8,8,8,0,24
29,2,0,14,0,0,0,14
29,3,0,10,0,0,0,10
29,4,0,10,0,0,0,10
29,5,0,8,0,0,0,8
29,6,0,12,0,0,0,12
29,7,0,18,0,0,0,18
29,8,0,16,0,0,0,16
29,9,0,18,0,0,0,18
29,10,0,24,0,0,0,24
29,11,0,14,0,0,0,14
29,12,0,28,0,0,0,28
29,13,0,24,0,0,0,24
29,14,0,32,0,0,0,32
29,15,0,20,0,0,0,20
29,16,0,18,3,3,0,24
29,17,0,18,0,0,0,18
29,18,0,26,0,0,0,26
29,19,0,26,0,0,0,26
29,20,0,26,0,0,0,26
29,21,0,32,1,1,0,34
29,22,0,38,0,0,0,38
29,23,0,40,0,0,0,40
29,24,0,28,0,0,0,28
29,25,0,38,0,0,0,38
29,26,0,48,6,6,0,60
29,27,0,40,0,0,0,40
29,28,0,46,0,0,0,46
29,29,0,40,0,0,0,40
29,30,0,40,0,0,0,40
29,31,0,44,3,3,0,50
29,32,0,30,0,0,0,30
29,33,0,36,0,0,0,36
29,34,0,48,0,0,0,48
29,35,0,48,0,0,0,48
29,36,0,56,0,0,0,56
29,37,0,56,0,0,0,56
29,38,0,46,0,0,0,46
29,39,0,62,0,0,0,62
29,40,0,48,0,0,0,48
29,41,0,50,1,1,0,52
29,42,0,48,0,0,0,48
29,43,0,54,0,0,0,54
29,44,0,58,0,0,0,58
29,45,0,58,0,0,0,58
29,46,0,56,5,5,0,66
29,47,0,52,0,0,0,52
29,48,0,62,0,0,0,62
29,49,0,62,0,0,0,62
29,50,0,48,0,0,0,48
29,51,0,78,6,6,0,90
29,52,0,72,0,0,0,72
29,53,0,76,0,0,0,76
29,54,0,70,0,0,8,78
29,55,0,36,0,0,0,36
29,56,0,48,4,4,0,56
29,57,0,38,0,0,0,38
29,58,0,48,0,0,0,48
29,59,0,38,0,0,0,38
29,60,0,44,0,0,0,44
29,61,0,28,4,4,0,36
29,62,0,24,0,0,0,24
29,63,0,20,0,0,0,20
29,64,0,26,0,0,0,26
29,65,0,26,0,0,0,26
29,66,0,40,4,4,0,48
29,67,0,30,0,0,0,30
29,68,0,32,0,0,0,32
29,69,0,38,0,0,0,38
29,70,0,48,0,0,0,48
29,71,0,50,3,3,0,56
29,72,0,44,0,0,0,44
29,73,0,34,0,0,0,34
29,74,0,32,0,0,0,32
29,75,0,34,0,0,0,34
30,1,0,10,10,10,0,30
30,2,0,12,0,0,0,12
30,3,0,6,0,0,0,6
30,4,0,12,0,0,0,12
30,5,0,12,0,0,0,12
30,6,0,22,4,4,0,30
30,7,0,22,0,0,0,22
30,8,0,24,0,0,0,24
30,9,0,22,0,0,0,22
30,10,0,14,0,0,0,14
30,11,0,20,0,0,0,20
30,12,0,16,0,0,0,16
30,13,0,24,0,0,0,24
30,14,0,26,0,0,0,26
30,15,0,20,0,0,0,20
30,16,0,20,1,1,0,22
30,17,0,26,0,0,0,26
30,18,0,30,0,0,0,30
30,19,0,30,0,0,0,30
30,20,0,24,0,0,0,24
30,21,0,34,1,1,0,36
30,22,0,24,0,0,0,24
30,23,0,20,0,0,0,20
30,24,0,24,0,0,0,24
30,25,0,20,0,0,0,20
30,26,0,42,6,6,0,54
30,27,0,48,0,0,0,48
30,28,0,58,0,0,0,58
30,29,0,52,0,0,0,52
30,30,0,54,0,0,0,54
30,31,0,32,5,5,0,42
30,32,0,38,0,0,0,38
30,33,0,34,0,0,0,34
30,34,0,38,0,0,0,38
30,35,0,48,0,0,0,48
30,36,0,60,0,0,0,60
30,37,0,60,0,0,0,60
30,38,0,68,0,0,0,68
30,39,0,62,0,0,0,62
30,40,0,76,0,0,0,76
30,41,0,70,0,0,0,70
30,42,0,54,0,0,0,54
30,43,0,64,0,0,0,64
30,44,0,56,0,0,0,56
30,45,0,66,0,0,0,66
30,46,0,56,7,7,0,70
30,47,0,76,0,0,0,76
30,48,0,70,0,0,0,70
30,49,0,80,0,0,0,80
30,50,0,56,0,0,0,56
30,51,0,70,0,0,0,70
30,52,0,68,0,0,0,68
30,53,0,70,0,0,0,70
30,54,0,74,0,0,0,74
30,55,0,72,0,0,0,72
30,56,0,58,0,0,0,58
30,57,0,64,0,0,0,64
30,58,0,36,0,0,0,36
30,59,0,38,0,0,0,38
30,60,0,38,0,0,0,38
30,61,0,42,2,2,0,46
30,62,0,62,0,0,0,62
30,63,0,64,0,0,0,64
30,64,0,54,0,0,0,54
30,65,0,52,0,0,0,52
30,66,0,58,4,4,0,66
30,67,0,68,0,0,0,68
30,68,0,78,0,0,0,78
30,69,0,62,0,0,0,62
30,70,0,66,0,0,0,66
30,71,0,66,5,5,0,76
30,72,0,60,0,0,0,60
30,73,0,52,0,0,0,52
30,74,0,58,0,0,0,58
30,75,0,52,0,0,0,52
31,1,0,14,14,14,0,42
31,2,0,12,0,0,0,12
31,3,0,12,0,0,0,12
31,4,0,14,0,0,0,14
31,5,0,16,0,0,0,16
31,6,0,22,4,4,0,30
31,7,0,18,0,0,0,18
31,8,0,20,0,0,0,20
31,9,0,10,0,0,0,10
31,10,0,18,0,0,0,18
31,11,0,26,4,4,0,34
31,12,0,20,0,0,0,20
31,13,0,28,0,0,0,28
31,14,0,30,0,0,0,30
31,15,0,22,0,0,0,22
31,16,0,32,5,5,0,42
31,17,0,18,0,0,0,18
31,18,0,20,0,0,0,20
31,19,0,18,0,0,0,18
31,20,0,14,0,0,0,14
31,21,0,20,0,0,0,20
31,22,0,24,0,0,0,24
31,23,0,30,0,0,0,30
31,24,0,32,0,0,0,32
31,25,0,34,0,0,0,34
31,26,0,36,1,1,0,38
31,27,0,32,0,0,0,32
31,28,0,44,0,0,0,44
31,29,0,38,0,0,0,38
31,30,0,38,0,0,0,38
31,31,0,38,6,6,0,50
31,32,0,34,0,0,0,34
31,33,0,30,0,0,0,30
31,34,0,46,0,0,0,46
31,35,0,50,0,0,0,50
31,36,0,42,0,0,0,42
31,37,0,50,0,0,0,50
31,38,0,44,0,0,0,44
31,39,0,54,0,0,0,54
31,40,0,54,0,0,0,54
31,41,0,42,0,0,0,42
31,42,0,58,0,0,0,58
31,43,0,60,0,0,0,60
31,44,0,72,0,0,0,72
31,45,0,68,0,0,0,68
31,46,0,54,5,5,0,64
31,47,0,58,0,0,0,58
31,48,0,40,0,0,0,40
31,49,0,36,0,0,0,36
31,50,0,50,0,0,0,50
31,51,0,86,5,5,0,96
31,52,0,76,0,0,0,76
31,53,0,60,0,0,0,60
31,54,0,42,0,0,0,42
31,55,0,44,0,0,0,44
31,56,0,50,4,4,0,58
31,57,0,32,0,0,0,32
31,58,0,28,0,0,0,28
31,59,0,34,0,0,0,34
31,60,0,46,0,0,0,46
31,61,0,40,2,2,0,44
31,62,0,36,0,0,0,36
31,63,0,40,0,0,0,40
31,64,0,52,0,0,0,52
31,65,0,56,0,0,0,56
31,66,0,48,0,0,0,48
31,67,0,44,0,0,0,44
31,68,0,46,0,0,0,46
31,69,0,44,0,0,0,44
31,70,0,54,0,0,0,54
31,71,0,48,4,4,0,56
31,72,0,60,0,0,0,60
31,73,0,66,0,0,0,66
31,74,0,62,0,0,0,62
31,75,0,52,0,0,0,52
32,1,0,8,8,8,0,24
32,2,0,12,0,0,0,12
32,3,0,10,0,0,0,10
32,4,0,16,0,0,0,16
32,5,0,14,0,0,0,14
32,6,0,18,1,1,0,20
32,7,0,16,0,0,0,16
32,8,0,18,0,0,0,18
32,9,0,20,0,0,0,20
32,10,0,10,0,0,0,10
32,11,0,24,3,3,0,30
32,12,0,22,0,0,0,22
32,13,0,24,0,0,0,24
32,14,0,30,0,0,0,30
32,15,0,14,0,0,0,14
32,16,0,20,4,4,0,28
32,17,0,20,0,0,0,20
32,18,0,24,0,0,0,24
32,19,0,26,0,0,0,26
32,20,0,30,0,0,0,30
32,21,0,52,8,8,0,68
32,22,0,32,0,0,0,32
32,23,0,28,0,0,0,28
32,24,0,34,0,0,0,34
32,25,0,34,0,0,0,34
32,26,0,28,0,0,0,28
32,27,0,40,0,0,0,40
32,28,0,40,0,0,0,40
32,29,0,38,0,0,0,38
32,30,0,56,0,0,0,56
32,31,0,46,6,6,0,58
32,32,0,50,0,0,0,50
32,33,0,48,0,0,0,48
32,34,0,44,0,0,0,44
32,35,0,44,0,0,0,44
32,36,0,58,4,4,0,66
32,37,0,64,0,0,0,64
32,38,0,56,0,0,0,56
32,39,0,52,0,0,0,52
32,40,0,72,0,0,0,72
32,41,0,60,0,0,0,60
32,42,0,68,0,0,0,68
32,43,0,68,0,0,0,68
32,44,0,68,0,0,0,68
32,45,0,70,0,0,0,70
32,46,0,64,5,5,0,74
32,47,0,48,0,0,0,48
32,48,0,54,0,0,0,54
32,49,0,46,0,0,0,46
32,50,0,46,0,0,0,46
32,51,0,74,6,6,0,86
32,52,0,62,0,0,0,62
32,53,0,80,0,0,0,80
32,54,0,54,0,0,0,54
32,55,0,68,0,0,0,68
32,56,0,64,4,4,8,80
32,57,0,48,0,0,0,48
32,58,0,46,0,0,0,46
32,59,0,48,0,0,0,48
32,60,0,62,0,0,0,62
32,61,0,48,0,0,0,48
32,62,0,44,0,0,0,44
32,63,0,52,0,0,0,52
32,64,0,36,0,0,0,36
32,65,0,40,0,0,0,40
32,66,0,48,5,5,0,58
32,67,0,36,0,0,0,36
32,68,0,52,0,0,0,52
32,69,0,50,0,0,0,50
32,70,0,40,0,0,0,40
32,71,0,50,7,7,0,64
32,72,0,44,0,0,0,44
32,73,0,42,0,0,0,42
32,74,0,52,0,0,0,52
32,75,0,48,0,0,0,48
33,1,0,16,16,16,0,48
33,2,0,12,0,0,0,12
33,3,0,10,0,0,0,10
33,4,0,10,0,0,0,10
33,5,0,16,0,0,0,16
33,6,0,14,0,0,0,14
33,7,0,12,0,0,0,12
33,8,0,24,0,0,0,24
33,9,0,22,0,0,0,22
33,10,0,18,0,0,0,18
33,11,0,36,6,6,0,48
33,12,0,24,0,0,0,24
33,13,0,20,0,0,0,20
33,14,0,24,0,0,0,24
33,15,0,34,0,0,0,34
33,16,0,20,3,3,0,26
33,17,0,22,0,0,0,22
33,18,0,24,0,0,0,24
33,19,0,24,0,0,0,24
33,20,0,20,0,0,0,20
33,21,0,26,4,4,0,34
33,22,0,28,0,0,0,28
33,23,0,34,0,0,0,34
33,24,0,34,0,0,0,34
33,25,0,30,0,0,0,30
33,26,0,42,5,5,0,52
33,27,0,28,0,0,0,28
33,28,0,48,0,0,0,48
33,29,0,32,0,0,0,32
33,30,0,36,0,0,0,36
33,31,0,34,0,0,0,34
33,32,0,36,0,0,0,36
33,33,0,34,0,0,0,34
33,34,0,36,0,0,0,36
33,35,0,50,0,0,0,50
33,36,0,44,1,1,0,46
33,37,0,48,0,0,0,48
33,38,0,50,0,0,0,50
33,39,0,56,0,0,0,56
33,40,0,58,0,0,0,58
33,41,0,60,4,4,0,68
33,42,0,56,0,0,0,56
33,43,0,56,0,0,0,56
33,44,0,58,0,0,0,58
33,45,0,56,0,0,0,56
33,46,0,62,7,7,0,76
33,47,0,62,0,0,0,62
33,48,0,68,0,0,0,68
33,49,0,74,0,0,0,74
33,50,0,60,0,0,0,60
33,51,0,56,1,1,0,58
33,52,0,60,0,0,0,60
33,53,0,66,0,0,0,66
33,54,0,74,0,0,0,74
33,55,0,44,0,0,0,44
33,56,0,44,4,4,0,52
33,57,0,38,0,0,0,38
33,58,0,50,0,0,5,55
33,59,0,34,0,0,0,34
33,60,0,28,0,0,0,28
33,61,0,34,1,1,0,36
33,62,0,36,0,0,0,36
33,63,0,44,0,0,0,44
33,64,0,40,0,0,0,40
33,65,0,56,0,0,0,56
33,66,0,48,0,0,0,48
33,67,0,44,0,0,0,44
33,68,0,38,0,0,0,38
33,69,0,42,0,0,0,42
33,70,0,42,0,0,0,42
33,71,0,46,6,6,0,58
33,72,0,64,0,0,0,64
33,73,0,52,0,0,0,52
33,74,0,62,0,0,0,62
33,75,0,50,0,0,0,50
34,1,0,8,8,8,0,24
34,2,0,6,0,0,0,6
34,3,0,4,0,0,0,4
34,4,0,8,0,0,0,8
34,5,0,10,0,0,0,10
34,6,0,16,3,3,0,22
34,7,0,20,0,0,0,20
34,8,0,14,0,0,0,14
34,9,0,18,0,0,0,18
34,10,0,28,0,0,0,28
34,11,0,24,5,5,0,34
34,12,0,26,0,0,0,26
34,13,0,32,0,0,0,32
34,14,0,24,0,0,0,24
34,15,0,22,0,0,0,22
34,16,0,10,1,1,0,12
34,17,0,16,0,0,0,16
34,18,0,20,0,0,0,20
34,19,0,26,0,0,0,26
34,20,0,20,0,0,0,20
34,21,0,32,6,6,0,44
34,22,0,24,0,0,0,24
34,23,0,38,0,0,0,38
34,24,0,46,0,0,0,46
34,25,0,34,0,0,0,34
34,26,0,44,6,6,0,56
34,27,0,50,0,0,0,50
34,28,0,52,0,0,0,52
34,29,0,48,0,0,0,48
34,30,0,42,0,0,0,42
34,31,0,30,4,4,0,38
34,32,0,40,0,0,0,40
34,33,0,44,0,0,0,44
34,34,0,50,0,0,0,50
34,35,0,46,0,0,0,46
34,36,0,48,0,0,0,48
34,37,0,68,0,0,0,68
34,38,0,68,0,0,0,68
34,39,0,68,0,0,0,68
34,40,0,56,0,0,0,56
34,41,0,60,1,1,0,62
34,42,0,70,0,0,0,70
34,43,0,50,0,0,0,50
34,44,0,60,0,0,0,60
34,45,0,62,0,0,0,62
34,46,0,42,4,4,0,50
34,47,0,58,0,0,0,58
34,48,0,46,0,0,0,46
34,49,0,68,0,0,0,68
34,50,0,62,0,0,0,62
34,51,0,80,6,6,0,92
34,52,0,86,0,0,0,86
34,53,0,76,0,0,0,76
34,54,0,60,0,0,5,65
34,55,0,42,0,0,0,42
34,56,0,64,5,5,0,74
34,57,0,60,0,0,0,60
34,58,0,52,0,0,0,52
34,59,0,62,0,0,0,62
34,60,0,50,0,0,0,50
34,61,0,64,7,7,0,78
34,62,0,52,0,0,0,52
34,63,0,50,0,0,0,50
34,64,0,48,0,0,0,48
34,65,0,50,0,0,0,50
34,66,0,70,5,5,0,80
34,67,0,50,0,0,0,50
34,68,0,46,0,0,0,46
34,69,0,50,0,0,0,50
34,70,0,58,0,0,0,58
34,71,0,56,1,1,0,58
34,72,0,56,0,0,0,56
34,73,0,44,0,0,0,44
34,74,0,42,0,0,0,42
34,75,0,44,0,0,0,44
35,1,0,6,6,6,0,18
35,2,0,14,0,0,0,14
35,3,0,16,0,0,0,16
35,4,0,16,0,0,0,16
35,5,0,14,0,0,0,14
35,6,0,20,5,5,0,30
35,7,0,18,0,0,0,18
35,8,0,20,0,0,0,20
35,9,0,14,0,0,0,14
35,10,0,12,0,0,0,12
35,11,0,26,5,5,0,36
35,12,0,22,0,0,0,22
35,13,0,22,0,0,0,22
35,14,0,32,0,0,0,32
35,15,0,24,0,0,0,24
35,16,0,20,4,4,0,28
35,17,0,30,0,0,0,30
35,18,0,34,0,0,0,34
35,19,0,26,0,0,0,26
35,20,0,28,0,0,0,28
35,21,0,30,5,5,0,40
35,22,0,36,0,0,0,36
35,23,0,34,0,0,0,34
35,24,0,32,0,0,0,32
35,25,0,38,0,0,0,38
35,26,0,50,4,4,0,58
35,27,0,66,0,0,0,66
35,28,0,54,0,0,0,54
35,29,0,44,0,0,0,44
35,30,0,42,0,0,0,42
35,31,0,46,6,6,0,58
35,32,0,36,0,0,0,36
35,33,0,36,0,0,0,36
35,34,0,60,0,0,0,60
35,35,0,52,0,0,0,52
35,36,0,54,0,0,0,54
35,37,0,58,0,0,0,58
35,38,0,62,0,0,0,62
35,39,0,50,0,0,0,50
35,40,0,52,0,0,0,52
35,41,0,46,0,0,0,46
35,42,0,56,0,0,0,56
35,43,0,48,0,0,0,48
35,44,0,60,0,0,0,60
35,45,0,66,0,0,0,66
35,46,0,42,0,0,0,42
35,47,0,52,0,0,0,52
35,48,0,60,0,0,0,60
35,49,0,48,0,0,0,48
35,50,0,66,0,0,0,66
35,51,0,62,6,6,0,74
35,52,0,76,0,0,0,76
35,53,0,74,0,0,0,74
35,54,0,56,0,0,0,56
35,55,0,60,0,0,0,60
35,56,0,56,2,2,0,60
35,57,0,56,0,0,0,56
35,58,0,68,0,0,0,68
35,59,0,54,0,0,0,54
35,60,0,46,0,0,3,49
35,61,0,38,5,5,0,48
35,62,0,46,0,0,0,46
35,63,0,58,0,0,0,58
35,64,0,64,0,0,0,64
35,65,0,44,0,0,0,44
35,66,0,48,3,3,0,54
35,67,0,52,0,0,0,52
35,68,0,50,0,0,0,50
35,69,0,44,0,0,0,44
35,70,0,48,0,0,0,48
35,71,0,38,0,0,0,38
35,72,0,52,0,0,0,52
35,73,0,56,0,0,0,56
35,74,0,62,0,0,0,62
35,75,0,48,0,0,0,48
36,1,0,10,10,10,0,30
36,2,0,4,0,0,0,4
36,3,0,6,0,0,0,6
36,4,0,12,0,0,0,12
36,5,0,10,0,0,0,10
36,6,0,8,0,0,0,8
36,7,0,10,0,0,0,10
36,8,0,12,0,0,0,12
36,9,0,16,0,0,0,16
36,10,0,20,0,0,0,20
36,11,0,26,3,3,0,32
36,12,0,22,0,0,0,22
36,13,0,22,0,0,0,22
36,14,0,34,0,0,0,34
36,15,0,28,0,0,0,28
36,16,0,24,4,4,0,32
36,17,0,28,0,0,0,28
36,18,0,22,0,0,0,22
36,19,0,22,0,0,0,22
36,20,0,28,0,0,0,28
36,21,0,42,6,6,0,54
36,22,0,34,0,0,0,34
36,23,0,46,0,0,0,46
36,24,0,46,0,0,0,46
36,25,0,42,0,0,0,42
36,26,0,46,4,4,0,54
36,27,0,44,0,0,0,44
36,28,0,44,0,0,0,44
36,29,0,42,0,0,0,42
36,30,0,48,0,0,0,48
36,31,0,38,5,5,0,48
36,32,0,48,0,0,0,48
36,33,0,44,0,0,0,44
36,34,0,50,0,0,0,50
36,35,0,48,0,0,0,48
36,36,0,58,0,0,0,58
36,37,0,64,0,0,0,64
36,38,0,62,0,0,0,62
36,39,0,60,0,0,0,60
36,40,0,56,0,0,0,56
36,41,0,66,0,0,0,66
36,42,0,70,0,0,0,70
36,43,0,68,0,0,0,68
36,44,0,60,0,0,0,60
36,45,0,58,0,0,0,58
36,46,0,56,5,5,0,66
36,47,0,66,0,0,0,66
36,48,0,66,0,0,0,66
36,49,0,72,0,0,0,72
36,50,0,90,0,0,0,90
36,51,0,98,9,9,0,116
36,52,0,88,0,0,0,88
36,53,0,80,0,0,0,80
36,54,0,66,0,0,0,66
36,55,0,66,0,0,0,66
36,56,0,44,0,0,0,44
36,57,0,64,0,0,0,64
36,58,0,60,0,0,0,60
36,59,0,64,0,0,0,64
36,60,0,56,0,0,0,56
36,61,0,36,4,4,0,44
36,62,0,30,0,0,0,30
36,63,0,48,0,0,0,48
36,64,0,42,0,0,0,42
36,65,0,44,0,0,0,44
36,66,0,48,1,1,0,50
36,67,0,50,0,0,0,50
36,68,0,50,0,0,0,50
36,69,0,56,0,0,0,56
36,70,0,54,0,0,0,54
36,71,0,46,2,2,0,50
36,72,0,44,0,0,0,44
36,73,0,54,0,0,0,54
36,74,0,50,0,0,0,50
36,75,0,58,0,0,0,58
37,1,0,8,8,8,0,24
37,2,0,2,0,0,0,2
37,3,0,6,0,0,0,6
37,4,0,14,0,0,0,14
37,5,0,16,0,0,0,16
37,6,0,12,1,1,0,14
37,7,0,18,0,0,0,18
37,8,0,12,0,0,0,12
37,9,0,18,0,0,0,18
37,10,0,16,0,0,0,16
37,11,0,20,0,0,0,20
37,12,0,20,0,0,0,20
37,13,0,22,0,0,0,22
37,14,0,30,0,0,0,30
37,15,0,28,0,0,0,28
37,16,0,20,5,5,0,30
37,17,0,12,0,0,0,12
37,18,0,18,0,0,0,18
37,19,0,30,0,0,0,30
37,20,0,28,0,0,0,28
37,21,0,30,4,4,0,38
37,22,0,24,0,0,0,24
37,23,0,42,0,0,0,42
37,24,0,24,0,0,0,24
37,25,0,28,0,0,0,28
37,26,0,34,0,0,0,34
37,27,0,28,0,0,0,28
37,28,0,42,0,0,0,42
37,29,0,38,0,0,0,38
37,30,0,42,0,0,0,42
37,31,0,42,4,4,0,50
37,32,0,42,0,0,0,42
37,33,0,48,0,0,0,48
37,34,0,44,0,0,0,44
37,35,0,52,0,0,0,52
37,36,0,54,3,3,0,60
37,37,0,64,0,0,0,64
37,38,0,62,0,0,0,62
37,39,0,60,0,0,0,60
37,40,0,68,0,0,0,68
37,41,0,62,0,0,0,62
37,42,0,70,0,0,0,70
37,43,0,76,0,0,0,76
37,44,0,68,0,0,0,68
37,45,0,68,0,0,0,68
37,46,0,36,0,0,0,36
37,47,0,38,0,0,0,38
37,48,0,62,0,0,0,62
37,49,0,56,0,0,0,56
37,50,0,62,0,0,0,62
37,51,0,72,4,4,0,80
37,52,0,74,0,0,0,74
37,53,0,70,0,0,0,70
37,54,0,66,0,0,0,66
37,55,0,56,0,0,0,56
37,56,0,46,2,2,0,50
37,57,0,52,0,0,0,52
37,58,0,44,0,0,0,44
37,59,0,52,0,0,0,52
37,60,0,60,0,0,0,60
37,61,0,50,2,2,0,54
37,62,0,32,0,0,0,32
37,63,0,42,0,0,0,42
37,64,0,46,0,0,0,46
37,65,0,48,0,0,0,48
37,66,0,60,7,7,0,74
37,67,0,64,0,0,0,64
37,68,0,48,0,0,0,48
37,69,0,46,0,0,0,46
37,70,0,38,0,0,0,38
37,71,0,42,3,3,0,48
37,72,0,46,0,0,0,46
37,73,0,40,0,0,0,40
37,74,0,44,0,0,0,44
37,75,0,42,0,0,0,42
38,1,0,10,10,10,0,30
38,2,0,6,0,0,0,6
38,3,0,6,0,0,0,6
38,4,0,18,0,0,0,18
38,5,0,14,0,0,0,14
38,6,0,16,0,0,0,16
38,7,0,10,0,0,0,10
38,8,0,14,0,0,0,14
38,9,0,18,0,0,0,18
38,10,0,16,0,0,0,16
38,11,0,24,4,4,0,32
38,12,0,26,0,0,0,26
38,13,0,24,0,0,0,24
38,14,0,26,0,0,0,26
38,15,0,24,0,0,0,24
38,16,0,16,2,2,0,20
38,17,0,18,0,0,0,18
38,18,0,18,0,0,0,18
38,19,0,22,0,0,0,22
38,20,0,24,0,0,0,24
38,21,0,42,7,7,0,56
38,22,0,38,0,0,0,38
38,23,0,30,0,0,0,30
38,24,0,24,0,0,0,24
38,25,0,28,0,0,0,28
38,26,0,32,0,0,0,32
38,27,0,34,0,0,0,34
38,28,0,24,0,0,0,24
38,29,0,28,0,0,0,28
38,30,0,34,0,0,0,34
38,31,0,38,5,5,0,48
38,32,0,40,0,0,0,40
38,33,0,30,0,0,0,30
38,34,0,38,0,0,0,38
38,35,0,50,0,0,0,50
38,36,0,56,6,6,0,68
38,37,0,60,0,0,0,60
38,38,0,64,0,0,0,64
38,39,0,56,0,0,0,56
38,40,0,54,0,0,0,54
38,41,0,58,8,8,0,74
38,42,0,66,0,0,0,66
38,43,0,64,0,0,0,64
38,44,0,64,0,0,0,64
38,45,0,64,0,0,0,64
38,46,0,60,5,5,0,70
38,47,0,64,0,0,0,64
38,48,0,68,0,0,0,68
38,49,0,56,0,0,0,56
38,50,0,60,0,0,0,60
38,51,0,74,0,0,0,74
38,52,0,64,0,0,0,64
38,53,0,76,0,0,0,76
38,54,0,74,0,0,0,74
38,55,0,72,0,0,0,72
38,56,0,42,3,3,0,48
38,57,0,38,0,0,0,38
38,58,0,42,0,0,0,42
38,59,0,30,0,0,0,30
38,60,0,38,0,0,0,38
38,61,0,28,0,0,0,28
38,62,0,34,0,0,0,34
38,63,0,48,0,0,0,48
38,64,0,50,0,0,0,50
38,65,0,36,0,0,0,36
38,66,0,58,8,8,0,74
38,67,0,44,0,0,0,44
38,68,0,46,0,0,0,46
38,69,0,40,0,0,0,40
38,70,0,44,0,0,0,44
38,71,0,42,1,1,0,44
38,72,0,38,0,0,0,38
38,73,0,42,0,0,0,42
38,74,0,38,0,0,0,38
38,75,0,46,0,0,0,46
39,1,0,6,6,6,0,18
39,2,0,2,0,0,0,2
39,3,0,6,0,0,0,6
39,4,0,12,0,0,0,12
39,5,0,12,0,0,0,12
39,6,0,24,3,3,0,30
39,7,0,20,0,0,0,20
39,8,0,24,0,0,0,24
39,9,0,16,0,0,0,16
39,10,0,26,0,0,0,26
39,11,0,14,0,0,0,14
39,12,0,18,0,0,0,18
39,13,0,24,0,0,0,24
39,14,0,32,0,0,0,32
39,15,0,32,0,0,0,32
39,16,0,16,3,3,0,22
39,17,0,26,0,0,0,26
39,18,0,22,0,0,0,22
39,19,0,22,0,0,0,22
39,20,0,28,0,0,0,28
39,21,0,30,4,4,0,38
39,22,0,28,0,0,0,28
39,23,0,28,0,0,0,28
39,24,0,28,0,0,0,28
39,25,0,34,0,0,0,34
39,26,0,48,7,7,0,62
39,27,0,46,0,0,0,46
39,28,0,44,0,0,0,44
39,29,0,46,0,0,0,46
39,30,0,44,0,0,0,44
39,31,0,36,5,5,0,46
39,32,0,28,0,0,0,28
39,33,0,32,0,0,0,32
39,34,0,68,0,0,0,68
39,35,0,56,0,0,0,56
39,36,0,64,2,2,0,68
39,37,0,62,0,0,0,62
39,38,0,60,0,0,0,60
39,39,0,58,0,0,0,58
39,40,0,70,0,0,0,70
39,41,0,74,0,0,0,74
39,42,0,50,0,0,0,50
39,43,0,60,0,0,0,60
39,44,0,70,0,0,0,70
39,45,0,54,0,0,0,54
39,46,0,56,0,0,0,56
39,47,0,50,0,0,0,50
39,48,0,68,0,0,0,68
39,49,0,66,0,0,0,66
39,50,0,82,0,0,0,82
39,51,0,82,5,5,0,92
39,52,0,72,0,0,0,72
39,53,0,78,0,0,0,78
39,54,0,84,0,0,0,84
39,55,0,40,0,0,0,40
39,56,0,52,0,0,0,52
39,57,0,30,0,0,0,30
39,58,0,44,0,0,0,44
39,59,0,54,0,0,0,54
39,60,0,34,0,0,0,34
39,61,0,30,1,1,0,32
39,62,0,38,0,0,0,38
39,63,0,42,0,0,0,42
39,64,0,34,0,0,0,34
39,65,0,42,0,0,0,42
39,66,0,42,5,5,0,52
39,67,0,32,0,0,0,32
39,68,0,34,0,0,0,34
39,69,0,44,0,0,0,44
39,70,0,38,0,0,0,38
39,71,0,38,3,3,0,44
39,72,0,52,0,0,0,52
39,73,0,52,0,0,0,52
39,74,0,46,0,0,0,46
39,75,0,36,0,0,0,36
40,1,0,6,6,6,0,18
40,2,0,2,0,0,0,2
40,3,0,8,0,0,0,8
40,4,0,16,0,0,0,16
40,5,0,16,0,0,0,16
40,6,0,14,0,0,0,14
40,7,0,14,0,0,0,14
40,8,0,22,0,0,0,22
40,9,0,22,0,0,0,22
40,10,0,14,0,0,0,14
40,11,0,24,0,0,0,24
40,12,0,20,0,0,0,20
40,13,0,22,0,0,0,22
40,14,0,20,0,0,0,20
40,15,0,28,0,0,0,28
40,16,0,36,4,4,0,44
40,17,0,16,0,0,0,16
40,18,0,18,0,0,0,18
40,19,0,18,0,0,0,18
40,20,0,26,0,0,0,26
40,21,0,34,4,4,0,42
40,22,0,38,0,0,0,38
40,23,0,38,0,0,0,38
40,24,0,38,0,0,0,38
40,25,0,30,0,0,0,30
40,26,0,42,2,2,0,46
40,27,0,52,0,0,0,52
40,28,0,48,0,0,0,48
40,29,0,52,0,0,0,52
40,30,0,58,0,0,0,58
40,31,0,52,7,7,0,66
40,32,0,24,0,0,0,24
40,33,0,54,0,0,0,54
40,34,0,32,0,0,0,32
40,35,0,34,0,0,0,34
40,36,0,48,0,0,0,48
40,37,0,50,0,0,0,50
40,38,0,44,0,0,0,44
40,39,0,68,0,0,0,68
40,40,0,58,0,0,0,58
40,41,0,70,2,2,0,74
40,42,0,80,0,0,0,80
40,43,0,60,0,0,0,60
40,44,0,66,0,0,0,66
40,45,0,66,0,0,0,66
40,46,0,50,1,1,0,52
40,47,0,56,0,0,0,56
40,48,0,70,0,0,0,70
40,49,0,72,0,0,0,72
40,50,0,60,0,0,0,60
40,51,0,74,6,6,0,86
40,52,0,84,0,0,0,84
40,53,0,64,0,0,0,64
40,54,0,56,0,0,0,56
40,55,0,58,0,0,0,58
40,56,0,44,6,6,0,56
40,57,0,48,0,0,0,48
40,58,0,48,0,0,0,48
40,59,0,42,0,0,0,42
40,60,0,50,0,0,0,50
40,61,0,48,8,8,0,64
40,62,0,38,0,0,0,38
40,63,0,42,0,0,0,42
40,64,0,34,0,0,0,34
40,65,0,36,0,0,0,36
40,66,0,48,3,3,0,54
40,67,0,40,0,0,0,40
40,68,0,40,0,0,0,40
40,69,0,42,0,0,0,42
40,70,0,38,0,0,0,38
40,71,0,48,1,1,0,50
40,72,0,48,0,0,0,48
40,73,0,58,0,0,0,58
40,74,0,48,0,0,0,48
40,75,0,38,0,0,0,38
41,1,0,8,8,8,0,24
41,2,0,6,0,0,0,6
41,3,0,10,0,0,0,10
41,4,0,14,0,0,0,14
41,5,0,4,0,0,0,4
41,6,0,10,0,0,0,10
41,7,0,12,0,0,0,12
41,8,0,16,0,0,0,16
41,9,0,22,0,0,0,22
41,10,0,24,0,0,0,24
41,11,0,22,0,0,0,22
41,12,0,22,0,0,0,22
41,13,0,20,0,0,0,20
41,14,0,22,0,0,0,22
41,15,0,24,0,0,0,24
41,16,0,28,4,4,0,36
41,17,0,18,0,0,0,18
41,18,0,22,0,0,0,22
41,19,0,18,0,0,0,18
41,20,0,32,0,0,0,32
41,21,0,22,2,2,0,26
41,22,0,42,0,0,0,42
41,23,0,32,0,0,0,32
41,24,0,34,0,0,0,34
41,25,0,34,0,0,0,34
41,26,0,34,3,3,0,40
41,27,0,30,0,0,0,30
41,28,0,40,0,0,0,40
41,29,0,50,0,0,0,50
41,30,0,42,0,0,0,42
41,31,0,34,3,3,0,40
41,32,0,32,0,0,0,32
41,33,0,46,0,0,0,46
41,34,0,44,0,0,0,44
41,35,0,42,0,0,0,42
41,36,0,44,1,1,0,46
41,37,0,58,0,0,0,58
41,38,0,58,0,0,0,58
41,39,0,58,0,0,0,58
41,40,0,64,0,0,0,64
41,41,0,66,6,6,0,78
41,42,0,76,0,0,0,76
41,43,0,62,0,0,0,62
41,44,0,84,0,0,0,84
41,45,0,70,0,0,0,70
41,46,0,60,6,6,0,72
41,47,0,54,0,0,0,54
41,48,0,68,0,0,0,68
41,49,0,60,0,0,0,60
41,50,0,74,0,0,0,74
41,51,0,90,5,5,0,100
41,52,0,84,0,0,0,84
41,53,0,86,0,0,0,86
41,54,0,80,0,0,0,80
41,55,0,58,0,0,0,58
41,56,0,60,0,0,0,60
41,57,0,60,0,0,0,60
41,58,0,52,0,0,0,52
41,59,0,56,0,0,0,56
41,60,0,48,0,0,0,48
41,61,0,60,3,3,3,69
41,62,0,46,0,0,0,46
41,63,0,44,0,0,0,44
41,64,0,48,0,0,0,48
41,65,0,46,0,0,0,46
41,66,0,48,0,0,0,48
41,67,0,40,0,0,0,40
41,68,0,38,0,0,0,38
41,69,0,48,0,0,0,48
41,70,0,44,0,0,0,44
41,71,0,62,1,1,0,64
41,72,0,48,0,0,0,48
41,73,0,40,0,0,0,40
41,74,0,46,0,0,0,46
41,75,0,36,0,0,0,36
42,1,0,6,6,6,0,18
42,2,0,4,0,0,0,4
42,3,0,10,0,0,0,10
42,4,0,8,0,0,0,8
42,5,0,18,0,0,0,18
42,6,0,24,5,5,0,34
42,7,0,12,0,0,0,12
42,8,0,24,0,0,0,24
42,9,0,18,0,0,0,18
42,10,0,18,0,0,0,18
42,11,0,20,0,0,0,20
42,12,0,32,0,0,0,32
42,13,0,22,0,0,0,22
42,14,0,24,0,0,0,24
42,15,0,24,0,0,0,24
42,16,0,14,0,0,0,14
42,17,0,10,0,0,0,10
42,18,0,28,0,0,0,28
42,19,0,24,0,0,0,24
42,20,0,26,0,0,0,26
42,21,0,38,1,1,0,40
42,22,0,48,0,0,0,48
42,23,0,42,0,0,0,42
42,24,0,42,0,0,0,42
42,25,0,42,0,0,0,42
42,26,0,52,0,0,0,52
42,27,0,44,0,0,0,44
42,28,0,48,0,0,0,48
42,29,0,44,0,0,0,44
42,30,0,44,0,0,0,44
42,31,0,36,5,5,0,46
42,32,0,38,0,0,0,38
42,33,0,42,0,0,0,42
42,34,0,42,0,0,0,42
42,35,0,52,0,0,0,52
42,36,0,56,0,0,0,56
42,37,0,56,0,0,0,56
42,38,0,66,0,0,0,66
42,39,0,56,0,0,0,56
42,40,0,66,0,0,0,66
42,41,0,60,0,0,0,60
42,42,0,62,0,0,0,62
42,43,0,64,0,0,0,64
42,44,0,60,0,0,0,60
42,45,0,72,0,0,0,72
42,46,0,52,6,6,0,64
42,47,0,56,0,0,0,56
42,48,0,72,0,0,0,72
42,49,0,74,0,0,0,74
42,50,0,60,0,0,0,60
42,51,0,62,1,1,0,64
42,52,0,60,0,0,0,60
42,53,0,62,0,0,2,64
42,54,0,72,0,0,0,72
42,55,0,38,0,0,0,38
42,56,0,50,2,2,0,54
42,57,0,60,0,0,0,60
42,58,0,48,0,0,0,48
42,59,0,50,0,0,0,50
42,60,0,66,0,0,0,66
42,61,0,68,1,1,0,70
42,62,0,54,0,0,0,54
42,63,0,48,0,0,0,48
42,64,0,52,0,0,0,52
42,65,0,52,0,0,0,52
42,66,0,44,1,1,0,46
42,67,0,54,0,0,0,54
42,68,0,36,0,0,0,36
42,69,0,30,0,0,0,30
42,70,0,34,0,0,0,34
42,71,0,36,0,0,0,36
42,72,0,46,0,0,0,46
42,73,0,42,0,0,0,42
42,74,0,40,0,0,0,40
42,75,0,64,0,0,0,64
43,1,0,10,10,10,0,30
43,2,0,8,0,0,0,8
43,3,0,8,0,0,0,8
43,4,0,12,0,0,0,12
43,5,0,12,0,0,0,12
43,6,0,22,3,3,0,28
43,7,0,24,0,0,0,24
43,8,0,22,0,0,0,22
43,9,0,16,0,0,0,16
43,10,0,20,0,0,0,20
43,11,0,24,0,0,0,24
43,12,0,18,0,0,0,18
43,13,0,28,0,0,0,28
43,14,0,24,0,0,0,24
43,15,0,24,0,0,0,24
43,16,0,12,1,1,0,14
43,17,0,14,0,0,0,14
43,18,0,18,0,0,0,18
43,19,0,18,0,0,0,18
43,20,0,20,0,0,0,20
43,21,0,46,7,7,0,60
43,22,0,42,0,0,0,42
43,23,0,42,0,0,0,42
43,24,0,38,0,0,0,38
43,25,0,38,0,0,0,38
43,26,0,48,7,7,0,62
43,27,0,46,0,0,0,46
43,28,0,48,0,0,0,48
43,29,0,42,0,0,0,42
43,30,0,50,0,0,0,50
43,31,0,44,4,4,0,52
43,32,0,38,0,0,0,38
43,33,0,58,0,0,0,58
43,34,0,52,0,0,0,52
43,35,0,54,0,0,0,54
43,36,0,60,3,3,0,66
43,37,0,68,0,0,0,68
43,38,0,62,0,0,0,62
43,39,0,60,0,0,0,60
43,40,0,60,0,0,0,60
43,41,0,64,6,6,0,76
43,42,0,74,0,0,0,74
43,43,0,68,0,0,0,68
43,44,0,62,0,0,0,62
43,45,0,60,0,0,0,60
43,46,0,48,1,1,0,50
43,47,0,58,0,0,0,58
43,48,0,74,0,0,0,74
43,49,0,72,0,0,0,72
43,50,0,64,0,0,0,64
43,51,0,82,6,6,0,94
43,52,0,78,0,0,0,78
43,53,0,76,0,0,0,76
43,54,0,70,0,0,0,70
43,55,0,70,0,0,0,70
43,56,0,46,2,2,0,50
43,57,0,52,0,0,7,59
43,58,0,60,0,0,0,60
43,59,0,56,0,0,0,56
43,60,0,46,0,0,0,46
43,61,0,32,2,2,0,36
43,62,0,34,0,0,0,34
43,63,0,40,0,0,0,40
43,64,0,44,0,0,0,44
43,65,0,54,0,0,0,54
43,66,0,44,5,5,0,54
43,67,0,42,0,0,0,42
43,68,0,54,0,0,0,54
43,69,0,44,0,0,0,44
43,70,0,52,0,0,5,57
43,71,0,42,0,0,0,42
43,72,0,38,0,0,0,38
43,73,0,44,0,0,0,44
43,74,0,38,0,0,0,38
43,75,0,44,0,0,0,44
44,1,0,6,6,6,0,18
44,2,0,12,0,0,0,12
44,3,0,12,0,0,0,12
44,4,0,16,0,0,0,16
44,5,0,14,0,0,0,14
44,6,0,24,4,4,0,32
44,7,0,14,0,0,0,14
44,8,0,14,0,0,0,14
44,9,0,12,0,0,0,12
44,10,0,20,0,0,0,20
44,11,0,26,3,3,0,32
44,12,0,22,0,0,0,22
44,13,0,14,0,0,0,14
44,14,0,24,0,0,0,24
44,15,0,28,0,0,0,28
44,16,0,26,0,0,0,26
44,17,0,18,0,0,0,18
44,18,0,18,0,0,0,18
44,19,0,18,0,0,0,18
44,20,0,8,0,0,0,8
44,21,0,24,2,2,0,28
44,22,0,16,0,0,0,16
44,23,0,28,0,0,0,28
44,24,0,30,0,0,0,30
44,25,0,30,0,0,0,30
44,26,0,30,0,0,0,30
44,27,0,20,0,0,0,20
44,28,0,36,0,0,0,36
44,29,0,38,0,0,0,38
44,30,0,40,0,0,0,40
44,31,0,16,1,1,0,18
44,32,0,40,0,0,0,40
44,33,0,50,0,0,0,50
44,34,0,44,0,0,0,44
44,35,0,44,0,0,0,44
44,36,0,52,4,4,0,60
44,37,0,70,0,0,0,70
44,38,0,54,0,0,0,54
44,39,0,52,0,0,0,52
44,40,0,68,0,0,0,68
44,41,0,64,0,0,0,64
44,42,0,52,0,0,0,52
44,43,0,46,0,0,0,46
44,44,0,48,0,0,0,48
44,45,0,70,0,0,0,70
44,46,0,42,2,2,0,46
44,47,0,48,0,0,0,48
44,48,0,46,0,0,0,46
44,49,0,40,0,0,0,40
44,50,0,52,0,0,0,52
44,51,0,72,4,4,0,80
44,52,0,44,0,0,0,44
44,53,0,46,0,0,0,46
44,54,0,48,0,0,0,48
44,55,0,30,0,0,0,30
44,56,0,52,1,1,0,54
44,57,0,52,0,0,0,52
44,58,0,56,0,0,0,56
44,59,0,48,0,0,0,48
44,60,0,50,0,0,0,50
44,61,0,34,6,6,0,46
44,62,0,26,0,0,0,26
44,63,0,30,0,0,0,30
44,64,0,28,0,0,0,28
44,65,0,36,0,0,0,36
44,66,0,38,0,0,0,38
44,67,0,52,0,0,0,52
44,68,0,42,0,0,0,42
44,69,0,52,0,0,0,52
44,70,0,56,0,0,0,56
44,71,0,40,0,0,0,40
44,72,0,60,0,0,0,60
44,73,0,64,0,0,0,64
44,74,0,46,0,0,0,46
44,75,0,52,0,0,0,52
45,1,0,6,6,6,0,18
45,2,0,6,0,0,0,6
45,3,0,8,0,0,0,8
45,4,0,10,0,0,0,10
45,5,0,10,0,0,0,10
45,6,0,14,0,0,0,14
45,7,0,16,0,0,0,16
45,8,0,16,0,0,0,16
45,9,0,18,0,0,0,18
45,10,0,20,0,0,0,20
45,11,0,24,1,1,0,26
45,12,0,22,0,0,0,22
45,13,0,24,0,0,0,24
45,14,0,26,0,0,0,26
45,15,0,28,0,0,0,28
45,16,0,34,1,1,0,36
45,17,0,26,0,0,0,26
45,18,0,22,0,0,0,22
45,19,0,42,0,0,0,42
45,20,0,36,0,0,0,36
45,21,0,32,4,4,0,40
45,22,0,22,0,0,0,22
45,23,0,22,0,0,0,22
45,24,0,38,0,0,0,38
45,25,0,32,0,0,0,32
45,26,0,44,6,6,0,56
45,27,0,50,0,0,0,50
45,28,0,40,0,0,0,40
45,29,0,34,0,0,0,34
45,30,0,36,0,0,0,36
45,31,0,36,2,2,0,40
45,32,0,32,0,0,0,32
45,33,0,42,0,0,0,42
45,34,0,56,0,0,0,56
45,35,0,50,0,0,0,50
45,36,0,42,0,0,0,42
45,37,0,64,0,0,0,64
45,38,0,40,0,0,0,40
45,39,0,46,0,0,0,46
45,40,0,60,0,0,0,60
45,41,0,60,5,5,0,70
45,42,0,56,0,0,0,56
45,43,0,64,0,0,0,64
45,44,0,56,0,0,0,56
45,45,0,54,0,0,0,54
45,46,0,58,7,7,0,72
45,47,0,50,0,0,0,50
45,48,0,38,0,0,0,38
45,49,0,48,0,0,0,48
45,50,0,50,0,0,0,50
45,51,0,52,1,1,0,54
45,52,0,64,0,0,0,64
45,53,0,50,0,0,6,56
45,54,0,48,0,0,0,48
45,55,0,32,0,0,0,32
45,56,0,34,0,0,0,34
45,57,0,36,0,0,0,36
45,58,0,30,0,0,0,30
45,59,0,32,0,0,0,32
45,60,0,46,0,0,0,46
45,61,0,32,5,5,0,42
45,62,0,36,0,0,0,36
45,63,0,38,0,0,0,38
45,64,0,46,0,0,0,46
45,65,0,48,0,0,0,48
45,66,0,48,1,1,0,50
45,67,0,62,0,0,0,62
45,68,0,48,0,0,0,48
45,69,0,52,0,0,0,52
45,70,0,52,0,0,0,52
45,71,0,56,5,5,0,66
45,72,0,54,0,0,0,54
45,73,0,50,0,0,0,50
45,74,0,40,0,0,0,40
45,75,0,42,0,0,0,42
46,1,0,10,10,10,0,30
46,2,0,8,0,0,0,8
46,3,0,14,0,0,0,14
46,4,0,10,0,0,0,10
46,5,0,16,0,0,0,16
46,6,0,20,4,4,0,28
46,7,0,18,0,0,0,18
46,8,0,22,0,0,0,22
46,9,0,22,0,0,0,22
46,10,0,18,0,0,0,18
46,11,0,26,3,3,0,32
46,12,0,30,0,0,0,30
46,13,0,18,0,0,0,18
46,14,0,16,0,0,0,16
46,15,0,20,0,0,0,20
46,16,0,16,3,3,0,22
46,17,0,10,0,0,0,10
46,18,0,22,0,0,0,22
46,19,0,20,0,0,0,20
46,20,0,26,0,0,0,26
46,21,0,34,4,4,0,42
46,22,0,30,0,0,0,30
46,23,0,38,0,0,0,38
46,24,0,40,0,0,0,40
46,25,0,42,0,0,0,42
46,26,0,38,3,3,0,44
46,27,0,54,0,0,0,54
46,28,0,46,0,0,0,46
46,29,0,42,0,0,0,42
46,30,0,52,0,0,0,52
46,31,0,42,4,4,0,50
46,32,0,34,0,0,0,34
46,33,0,32,0,0,0,32
46,34,0,46,0,0,0,46
46,35,0,54,0,0,0,54
46,36,0,48,1,1,0,50
46,37,0,60,0,0,0,60
46,38,0,60,0,0,0,60
46,39,0,56,0,0,0,56
46,40,0,58,0,0,0,58
46,41,0,68,4,4,0,76
46,42,0,52,0,0,0,52
46,43,0,52,0,0,0,52
46,44,0,56,0,0,0,56
46,45,0,54,0,0,0,54
46,46,0,48,4,4,0,56
46,47,0,46,0,0,0,46
46,48,0,38,0,0,0,38
46,49,0,54,0,0,0,54
46,50,0,54,0,0,0,54
46,51,0,74,8,8,0,90
46,52,0,70,0,0,0,70
46,53,0,76,0,0,0,76
46,54,0,58,0,0,0,58
46,55,0,42,0,0,0,42
46,56,0,36,1,1,0,38
46,57,0,46,0,0,0,46
46,58,0,40,0,0,0,40
46,59,0,26,0,0,0,26
46,60,0,40,0,0,0,40
46,61,0,24,0,0,0,24
46,62,0,40,0,0,0,40
46,63,0,30,0,0,0,30
46,64,0,22,0,0,0,22
46,65,0,32,0,0,0,32
46,66,0,32,4,4,0,40
46,67,0,30,0,0,0,30
46,68,0,40,0,0,0,40
46,69,0,40,0,0,0,40
46,70,0,38,0,0,0,38
46,71,0,32,1,1,0,34
46,72,0,34,0,0,0,34
46,73,0,42,0,0,0,42
46,74,0,30,0,0,0,30
46,75,0,38,0,0,0,38
47,1,0,8,8,8,0,24
47,2,0,4,0,0,0,4
47,3,0,10,0,0,0,10
47,4,0,12,0,0,0,12
47,5,0,10,0,0,0,10
47,6,0,10,1,1,0,12
47,7,0,16,0,0,0,16
47,8,0,14,0,0,0,14
47,9,0,20,0,0,0,20
47,10,0,20,0,0,0,20
47,11,0,20,1,1,0,22
47,12,0,26,0,0,0,26
47,13,0,34,0,0,0,34
47,14,0,30,0,0,0,30
47,15,0,32,0,0,0,32
47,16,0,26,0,0,0,26
47,17,0,16,0,0,0,16
47,18,0,22,0,0,0,22
47,19,0,18,0,0,0,18
47,20,0,16,0,0,0,16
47,21,0,32,0,0,0,32
47,22,0,32,0,0,0,32
47,23,0,38,0,0,0,38
47,24,0,42,0,0,0,42
47,25,0,38,0,0,0,38
47,26,0,50,5,5,0,60
47,27,0,46,0,0,0,46
47,28,0,50,0,0,0,50
47,29,0,54,0,0,0,54
47,30,0,52,0,0,0,52
47,31,0,42,4,4,0,50
47,32,0,36,0,0,0,36
47,33,0,32,0,0,0,32
47,34,0,38,0,0,0,38
47,35,0,44,0,0,0,44
47,36,0,56,0,0,0,56
47,37,0,70,0,0,0,70
47,38,0,48,0,0,0,48
47,39,0,60,0,0,0,60
47,40,0,48,0,0,0,48
47,41,0,52,3,3,0,58
47,42,0,56,0,0,0,56
47,43,0,60,0,0,0,60
47,44,0,60,0,0,0,60
47,45,0,54,0,0,0,54
47,46,0,42,4,4,0,50
47,47,0,72,0,0,0,72
47,48,0,64,0,0,0,64
47,49,0,58,0,0,0,58
47,50,0,50,0,0,0,50
47,51,0,72,7,7,0,86
47,52,0,56,0,0,0,56
47,53,0,64,0,0,0,64
47,54,0,46,0,0,0,46
47,55,0,52,0,0,0,52
47,56,0,58,1,1,0,60
47,57,0,60,0,0,0,60
47,58,0,62,0,0,0,62
47,59,0,52,0,0,0,52
47,60,0,58,0,0,0,58
47,61,0,32,0,0,0,32
47,62,0,46,0,0,0,46
47,63,0,46,0,0,0,46
47,64,0,44,0,0,0,44
47,65,0,38,0,0,0,38
47,66,0,42,1,1,0,44
47,67,0,44,0,0,0,44
47,68,0,34,0,0,0,34
47,69,0,38,0,0,0,38
47,70,0,50,0,0,0,50
47,71,0,62,0,0,0,62
47,72,0,50,0,0,0,50
47,73,0,46,0,0,0,46
47,74,0,34,0,0,0,34
47,75,0,48,0,0,0,48
48,1,0,8,8,8,0,24
48,2,0,8,0,0,0,8
48,3,0,12,0,0,0,12
48,4,0,8,0,0,0,8
48,5,0,16,0,0,0,16
48,6,0,22,5,5,0,32
48,7,0,20,0,0,0,20
48,8,0,20,0,0,0,20
48,9,0,14,0,0,0,14
48,10,0,14,0,0,0,14
48,11,0,18,1,1,0,20
48,12,0,20,0,0,0,20
48,13,0,30,0,0,0,30
48,14,0,28,0,0,0,28
48,15,0,28,0,0,0,28
48,16,0,24,5,5,0,34
48,17,0,20,0,0,0,20
48,18,0,22,0,0,0,22
48,19,0,28,0,0,0,28
48,20,0,26,0,0,0,26
48,21,0,38,1,1,0,40
48,22,0,42,0,0,0,42
48,23,0,42,0,0,0,42
48,24,0,34,0,0,0,34
48,25,0,26,0,0,0,26
48,26,0,34,3,3,0,40
48,27,0,32,0,0,0,32
48,28,0,34,0,0,0,34
48,29,0,26,0,0,0,26
48,30,0,34,0,0,0,34
48,31,0,28,4,4,0,36
48,32,0,38,0,0,0,38
48,33,0,46,0,0,0,46
48,34,0,36,0,0,0,36
48,35,0,48,0,0,0,48
48,36,0,42,0,0,0,42
48,37,0,30,0,0,0,30
48,38,0,42,0,0,0,42
48,39,0,48,0,0,0,48
48,40,0,46,0,0,0,46
48,41,0,50,0,0,0,50
48,42,0,50,0,0,0,50
48,43,0,66,0,0,0,66
48,44,0,56,0,0,0,56
48,45,0,58,0,0,0,58
48,46,0,58,6,6,0,70
48,47,0,54,0,0,0,54
48,48,0,40,0,0,0,40
48,49,0,52,0,0,0,52
48,50,0,64,0,0,0,64
48,51,0,60,6,6,0,72
48,52,0,72,0,0,0,72
48,53,0,60,0,0,0,60
48,54,0,56,0,0,0,56
48,55,0,34,0,0,0,34
48,56,0,38,2,2,0,42
48,57,0,44,0,0,0,44
48,58,0,42,0,0,0,42
48,59,0,34,0,0,0,34
48,60,0,38,0,0,0,38
48,61,0,36,3,3,0,42
48,62,0,42,0,0,0,42
48,63,0,32,0,0,0,32
48,64,0,42,0,0,0,42
48,65,0,40,0,0,0,40
48,66,0,40,0,0,0,40
48,67,0,32,0,0,0,32
48,68,0,36,0,0,0,36
48,69,0,36,0,0,0,36
48,70,0,40,0,0,0,40
48,71,0,56,3,3,0,62
48,72,0,56,0,0,0,56
48,73,0,50,0,0,0,50
48,74,0,46,0,0,0,46
48,75,0,40,0,0,0,40
49,1,0,8,8,8,0,24
49,2,0,2,0,0,0,2
49,3,0,18,0,0,0,18
49,4,0,12,0,0,0,12
49,5,0,10,0,0,0,10
49,6,0,16,3,3,0,22
49,7,0,16,0,0,0,16
49,8,0,18,0,0,0,18
49,9,0,20,0,0,0,20
49,10,0,16,0,0,0,16
49,11,0,32,5,5,0,42
49,12,0,26,0,0,0,26
49,13,0,30,0,0,0,30
49,14,0,28,0,0,0,28
49,15,0,22,0,0,0,22
49,16,0,28,3,3,0,34
49,17,0,20,0,0,0,20
49,18,0,24,0,0,0,24
49,19,0,38,0,0,0,38
49,20,0,34,0,0,0,34
49,21,0,32,0,0,0,32
49,22,0,28,0,0,0,28
49,23,0,28,0,0,0,28
49,24,0,22,0,0,0,22
49,25,0,40,0,0,0,40
49,26,0,40,6,6,0,52
49,27,0,46,0,0,0,46
49,28,0,54,0,0,0,54
49,29,0,48,0,0,0,48
49,30,0,44,0,0,0,44
49,31,0,40,1,1,0,42
49,32,0,44,0,0,0,44
49,33,0,42,0,0,0,42
49,34,0,54,0,0,0,54
49,35,0,58,0,0,0,58
49,36,0,46,0,0,0,46
49,37,0,56,0,0,0,56
49,38,0,58,0,0,0,58
49,39,0,44,0,0,0,44
49,40,0,58,0,0,0,58
49,41,0,52,0,0,0,52
49,42,0,62,0,0,0,62
49,43,0,70,0,0,0,70
49,44,0,70,0,0,0,70
49,45,0,54,0,0,0,54
49,46,0,46,1,1,0,48
49,47,0,42,0,0,0,42
49,48,0,54,0,0,0,54
49,49,0,42,0,0,0,42
49,50,0,48,0,0,0,48
49,51,0,56,1,1,0,58
49,52,0,62,0,0,0,62
49,53,0,46,0,0,0,46
49,54,0,56,0,0,0,56
49,55,0,50,0,0,0,50
49,56,0,38,0,0,0,38
49,57,0,42,0,0,0,42
49,58,0,42,0,0,0,42
49,59,0,48,0,0,0,48
49,60,0,36,0,0,0,36
49,61,0,36,0,0,0,36
49,62,0,46,0,0,0,46
49,63,0,52,0,0,0,52
49,64,0,42,0,0,0,42
49,65,0,34,0,0,0,34
49,66,0,52,4,4,0,60
49,67,0,50,0,0,0,50
49,68,0,54,0,0,0,54
49,69,0,60,0,0,0,60
49,70,0,60,0,0,0,60
49,71,0,60,2,2,0,64
49,72,0,50,0,0,0,50
49,73,0,58,0,0,6,64
49,74,0,62,0,0,0,62
49,75,0,48,0,0,0,48
