iteration,timestamp,no_of_UAV,no_of_Fail_UAV,Coverage,network_efficiency,num_components
0,0,5,0,2.5,1.0,1
0,1,5,0,45.5,0.7833,1
0,2,5,0,55.5,0.7333,1
0,3,5,0,63.5,0.7167,1
0,4,5,0,50.0,0.7833,1
0,5,6,0,51.0,0.6,2
0,6,6,0,68.0,0.7889,1
0,7,6,0,60.0,0.5222,2
0,8,6,0,57.0,0.8222,1
0,9,6,0,57.5,0.9333,1
0,10,7,0,58.5,0.6429,2
0,11,7,0,59.0,0.6667,2
0,12,7,0,57.0,0.5635,2
0,13,7,0,58.5,0.7778,1
0,14,7,0,64.5,0.6429,2
0,15,8,0,18.5,0.756,1
0,16,8,0,35.5,0.6071,2
0,17,8,0,28.0,0.494,2
0,18,8,0,46.0,0.5119,2
0,19,8,0,57.0,0.6756,1
0,20,9,0,63.0,0.6019,2
0,21,9,0,81.5,0.5718,1
0,22,9,0,63.5,0.5833,2
0,23,9,0,83.0,0.8333,1
0,24,9,0,76.5,0.7546,1
0,25,10,0,91.5,0.7556,1
0,26,10,0,75.0,0.7778,1
0,27,10,0,75.5,0.8111,1
0,28,10,0,73.5,0.7556,1
0,29,10,0,80.0,0.8037,1
0,30,11,0,40.5,0.5576,2
0,31,11,0,58.5,0.7455,1
0,32,11,0,69.0,0.7485,1
0,33,11,0,79.5,0.6385,1
0,34,11,0,78.0,0.7424,1
0,35,12,0,88.5,0.6679,1
0,36,12,0,86.0,0.702,1
0,37,12,0,88.0,0.7298,1
0,38,12,0,93.0,0.6995,1
0,39,12,0,90.0,0.7601,1
0,40,13,0,97.0,0.7222,1
0,41,13,0,92.0,0.7308,1
0,42,13,0,94.5,0.6966,1
0,43,13,0,84.5,0.6752,1
0,44,13,0,90.0,0.6934,1
0,45,14,0,55.0,0.411,3
0,46,14,0,71.0,0.504,2
0,47,14,0,87.0,0.5405,2
0,48,14,0,77.0,0.5004,2
0,49,14,0,84.0,0.5833,1
0,50,15,0,91.5,0.5802,1
0,51,15,0,90.5,0.596,2
0,52,14,1,90.5,0.6992,1
0,53,12,3,94.0,0.706,1
0,54,12,3,87.5,0.7172,1
0,55,12,4,85.0,0.6004,2
0,56,11,5,87.5,0.6086,2
0,57,11,5,79.5,0.5248,2
0,58,11,5,88.5,0.597,2
0,59,11,5,76.5,0.6667,1
0,60,11,6,57.5,0.6058,1
0,61,11,6,71.5,0.6391,1
0,62,11,6,81.0,0.5879,2
0,63,11,6,76.0,0.7,1
0,64,10,7,81.0,0.7303,1
0,65,11,7,77.5,0.7,1
0,66,11,7,77.5,0.6879,1
0,67,11,7,79.0,0.6455,1
0,68,10,8,74.0,0.603,1
0,69,10,8,50.5,0.5593,2
0,70,11,8,84.5,0.6606,1
0,71,11,8,79.5,0.7091,1
0,72,11,8,90.0,0.7273,1
0,73,10,9,72.5,0.7515,1
0,74,10,9,70.0,0.7556,1
0,75,10,9,68.5,0.6519,2
1,0,5,0,0.5,1.0,1
1,1,5,0,25.5,0.8,1
1,2,5,0,28.0,0.6,2
1,3,5,0,38.0,0.7833,1
1,4,5,0,42.5,0.7167,1
1,5,6,0,55.0,0.3667,3
1,6,6,0,56.0,0.8222,1
1,7,6,0,54.0,0.7556,1
1,8,6,0,58.5,0.7444,1
1,9,6,0,55.5,0.8667,1
1,10,7,0,66.5,0.7857,1
1,11,7,0,61.0,0.7698,1
1,12,7,0,60.0,0.7698,1
1,13,7,0,69.5,0.7381,1
1,14,7,0,65.5,0.8016,1
1,15,8,0,20.5,0.6071,2
1,16,8,0,30.0,0.6577,1
1,17,8,0,50.5,0.4107,2
1,18,8,0,50.0,0.6726,1
1,19,8,0,60.5,0.5119,2
1,20,9,0,60.5,0.75,1
1,21,9,0,64.0,0.7593,1
1,22,9,0,78.0,0.7269,1
1,23,9,0,87.0,0.7685,1
1,24,9,0,72.5,0.7778,1
1,25,10,0,87.5,0.7259,1
1,26,10,0,81.0,0.763,1
1,27,10,0,87.5,0.7444,1
1,28,10,0,88.5,0.6648,1
1,29,10,0,86.0,0.7148,1
1,30,11,0,40.0,0.5724,1
1,31,11,0,57.0,0.5091,2
1,32,11,0,54.5,0.7,1
1,33,11,0,84.5,0.7697,1
1,34,11,0,86.5,0.7515,1
1,35,12,0,84.0,0.678,1
1,36,12,0,81.5,0.7008,1
1,37,12,0,87.0,0.6149,1
1,38,12,0,92.0,0.7652,1
1,39,12,0,88.5,0.6641,1
1,40,13,0,93.5,0.6645,1
1,41,13,0,91.5,0.7115,1
1,42,13,0,89.5,0.7222,1
1,43,13,0,93.0,0.7137,1
1,44,13,0,94.0,0.7265,1
1,45,14,0,26.0,0.4787,2
1,46,14,0,54.0,0.402,3
1,47,14,0,82.5,0.5855,1
1,48,14,0,92.0,0.6731,1
1,49,14,0,90.0,0.6667,1
1,50,15,0,90.5,0.6698,1
1,51,15,0,87.5,0.6484,1
1,52,15,0,90.5,0.6738,1
1,53,12,3,90.0,0.6254,1
1,54,10,5,82.0,0.5884,2
1,55,11,5,68.0,0.5927,1
1,56,10,6,76.5,0.5409,1
1,57,10,6,76.5,0.5481,2
1,58,10,6,75.0,0.6667,2
1,59,10,6,76.5,0.7556,1
1,60,11,6,72.0,0.6636,1
1,61,11,6,70.0,0.6445,1
1,62,11,6,75.0,0.703,1
1,63,10,7,74.0,0.6848,1
1,64,10,7,56.0,0.6415,1
1,65,11,7,68.0,0.7045,1
1,66,11,7,65.0,0.7303,1
1,67,11,7,69.0,0.6773,1
1,68,11,7,87.5,0.7394,1
1,69,11,7,83.5,0.6591,1
1,70,11,8,85.0,0.5909,2
1,71,10,9,86.0,0.7424,1
1,72,10,9,75.5,0.7111,1
1,73,10,9,79.0,0.7259,1
1,74,10,9,81.0,0.7815,1
1,75,10,9,60.5,0.5763,1
2,0,5,0,0.0,1.0,1
2,1,5,0,41.0,0.95,1
2,2,5,0,60.5,0.85,1
2,3,5,0,62.0,0.95,1
2,4,5,0,55.5,0.9,1
2,5,6,0,62.5,0.6,2
2,6,6,0,62.0,0.5667,2
2,7,6,0,64.0,0.8667,1
2,8,6,0,72.0,0.8,1
2,9,6,0,54.0,0.8667,1
2,10,7,0,70.5,0.8571,1
2,11,7,0,76.0,0.7857,1
2,12,7,0,73.0,0.8095,1
2,13,7,0,62.5,0.9524,1
2,14,7,0,66.0,0.7778,1
2,15,8,0,4.0,0.5952,2
2,16,8,0,15.0,0.5357,2
2,17,8,0,38.0,0.3929,2
2,18,8,0,40.0,0.2976,3
2,19,7,1,47.0,0.373,3
2,20,8,1,55.0,0.5536,2
2,21,8,1,50.0,0.5595,2
2,22,8,1,71.0,0.5119,2
2,23,8,1,69.5,0.6071,2
2,24,8,1,75.0,0.6071,2
2,25,9,1,80.0,0.7639,1
2,26,9,1,83.5,0.6551,1
2,27,9,1,86.5,0.787,1
2,28,9,1,69.0,0.8056,1
2,29,9,1,72.5,0.4907,2
2,30,10,1,37.0,0.663,1
2,31,10,1,63.5,0.4111,2
2,32,10,1,59.5,0.4259,2
2,33,10,1,74.0,0.7111,1
2,34,10,1,68.5,0.6389,1
2,35,11,1,83.0,0.7818,1
2,36,11,1,86.0,0.6379,1
2,37,11,1,92.5,0.7333,1
2,38,11,1,90.5,0.7455,1
2,39,11,1,87.5,0.7394,1
2,40,12,1,94.0,0.7601,1
2,41,12,1,88.0,0.7045,1
2,42,12,1,96.5,0.7323,1
2,43,12,1,84.5,0.6672,1
2,44,12,1,82.5,0.6894,1
2,45,13,1,34.0,0.4449,2
2,46,13,1,64.0,0.5459,1
2,47,13,1,79.0,0.547,2
2,48,13,1,81.0,0.6303,1
2,49,13,1,78.5,0.6036,1
2,50,14,1,91.0,0.6648,1
2,51,13,2,84.5,0.6667,1
2,52,13,2,87.5,0.6987,1
2,53,11,4,82.5,0.6784,1
2,54,11,4,79.0,0.7242,1
2,55,10,6,84.0,0.702,1
2,56,10,6,80.0,0.6963,1
2,57,10,6,83.0,0.7444,1
2,58,10,6,78.0,0.6556,1
2,59,10,6,79.5,0.7222,1
2,60,11,6,54.0,0.4739,2
2,61,11,6,73.5,0.4879,2
2,62,11,6,70.0,0.597,2
2,63,10,7,84.0,0.5061,3
2,64,10,7,57.0,0.5778,3
2,65,11,7,77.0,0.6909,1
2,66,11,7,85.0,0.7061,1
2,67,11,7,85.5,0.6061,2
2,68,11,7,84.0,0.6894,1
2,69,11,7,84.5,0.6182,1
2,70,12,7,82.0,0.7146,1
2,71,11,8,78.0,0.6427,1
2,72,10,9,85.0,0.703,1
2,73,10,9,84.0,0.7741,1
2,74,10,9,89.0,0.6722,1
2,75,10,9,89.0,0.7111,1
3,0,5,0,25.0,1.0,3
3,1,5,0,51.0,0.8,1
3,2,5,0,63.0,0.7167,1
3,3,5,0,62.5,0.85,1
3,4,5,0,55.0,0.9,1
3,5,6,0,69.5,0.8667,1
3,6,6,0,61.0,0.8667,1
3,7,6,0,57.0,0.7667,1
3,8,6,0,60.5,0.8333,1
3,9,6,0,63.0,0.4,2
3,10,7,0,61.5,0.5238,2
3,11,7,0,58.5,0.4762,2
3,12,7,0,65.0,0.619,2
3,13,7,0,62.0,0.7222,1
3,14,7,0,72.5,0.8571,1
3,15,8,0,2.5,0.5738,1
3,16,8,0,25.5,0.2857,3
3,17,8,0,29.5,0.5446,2
3,18,8,0,45.0,0.4167,2
3,19,8,0,54.0,0.6488,1
3,20,9,0,62.5,0.7037,1
3,21,9,0,52.0,0.6111,2
3,22,9,0,77.5,0.7384,1
3,23,9,0,67.5,0.5069,2
3,24,9,0,68.0,0.7361,1
3,25,10,0,77.5,0.6259,2
3,26,10,0,72.5,0.7481,1
3,27,10,0,79.5,0.6259,2
3,28,10,0,77.0,0.7111,1
3,29,10,0,79.0,0.7593,1
3,30,11,0,37.0,0.553,2
3,31,11,0,68.5,0.7242,1
3,32,11,0,70.5,0.6742,1
3,33,11,0,67.5,0.6818,1
3,34,11,0,70.0,0.7333,1
3,35,12,0,86.5,0.6313,2
3,36,12,0,94.0,0.7273,1
3,37,12,0,83.5,0.7172,1
3,38,12,0,91.5,0.7298,1
3,39,12,0,85.5,0.7399,1
3,40,13,0,95.0,0.7222,1
3,41,13,0,93.0,0.7308,1
3,42,13,0,93.0,0.6838,1
3,43,13,0,86.5,0.7329,1
3,44,13,0,94.5,0.7308,1
3,45,14,0,50.5,0.2912,4
3,46,14,0,58.5,0.5223,1
3,47,14,0,70.0,0.522,2
3,48,14,0,80.0,0.4672,2
3,49,14,0,80.5,0.6502,1
3,50,15,0,79.0,0.6389,1
3,51,13,2,84.0,0.6714,1
3,52,13,2,86.0,0.6838,1
3,53,13,2,85.0,0.6848,1
3,54,11,4,90.0,0.7457,1
3,55,11,5,82.5,0.6881,1
3,56,11,5,80.5,0.6636,1
3,57,11,5,80.5,0.7061,1
3,58,10,6,81.5,0.7593,1
3,59,9,7,86.5,0.7333,1
3,60,10,7,54.0,0.6926,1
3,61,9,8,73.5,0.7222,1
3,62,9,8,55.5,0.75,1
3,63,9,8,57.0,0.7222,1
3,64,9,8,54.0,0.75,1
3,65,10,8,60.0,0.7,1
3,66,10,8,62.0,0.7074,1
3,67,10,8,48.5,0.7148,1
3,68,10,8,81.0,0.7519,1
3,69,10,8,65.5,0.7704,1
3,70,11,8,79.5,0.7121,1
3,71,11,8,74.0,0.7182,1
3,72,11,8,92.0,0.6697,1
3,73,11,8,81.0,0.7424,1
3,74,11,8,80.0,0.7333,1
3,75,11,8,75.0,0.7182,1
4,0,5,0,34.0,1.0,2
4,1,5,0,38.5,0.4333,2
4,2,5,0,43.5,0.7167,1
4,3,5,0,51.0,0.7333,1
4,4,5,0,53.5,0.6667,1
4,5,6,0,56.5,0.8333,1
4,6,6,0,55.0,0.6056,1
4,7,6,0,56.0,0.6833,1
4,8,6,0,63.5,0.4278,2
4,9,6,0,64.5,0.7444,1
4,10,7,0,65.0,0.7778,1
4,11,7,0,64.0,0.7024,1
4,12,7,0,63.0,0.746,1
4,13,7,0,64.0,0.7698,1
4,14,7,0,51.5,0.7778,1
4,15,8,0,6.5,0.1964,4
4,16,8,0,29.0,0.5446,2
4,17,8,0,40.0,0.4464,3
4,18,8,0,54.0,0.4655,2
4,19,8,0,57.0,0.5536,2
4,20,9,0,57.0,0.6157,2
4,21,9,0,65.5,0.6991,1
4,22,9,0,58.0,0.6944,2
4,23,9,0,73.5,0.713,1
4,24,9,0,66.0,0.7361,1
4,25,10,0,67.5,0.7296,1
4,26,10,0,79.0,0.6944,1
4,27,10,0,76.5,0.6463,1
4,28,10,0,69.0,0.763,1
4,29,10,0,83.0,0.7519,1
4,30,11,0,44.0,0.3455,3
4,31,11,0,59.5,0.6364,1
4,32,11,0,76.5,0.6424,1
4,33,11,0,90.0,0.6606,1
4,34,11,0,87.5,0.697,1
4,35,12,0,90.5,0.6793,1
4,36,12,0,68.5,0.5955,1
4,37,12,0,72.0,0.6369,1
4,38,12,0,79.5,0.6742,1
4,39,12,0,90.0,0.6705,1
4,40,13,0,81.0,0.6838,1
4,41,13,0,86.5,0.6944,1
4,42,13,0,87.0,0.7244,1
4,43,13,0,95.0,0.7051,1
4,44,13,0,80.0,0.719,1
4,45,14,0,22.5,0.3548,4
4,46,14,0,41.5,0.5604,1
4,47,14,0,76.0,0.5432,2
4,48,14,0,77.0,0.4414,3
4,49,14,0,83.0,0.5291,2
4,50,15,0,94.0,0.596,2
4,51,15,0,80.0,0.6429,1
4,52,15,0,87.0,0.6603,1
4,53,14,1,91.0,0.7,1
4,54,14,1,88.5,0.6548,1
4,55,12,4,88.5,0.6548,1
4,56,12,4,88.0,0.6018,1
4,57,12,4,87.0,0.5859,2
4,58,12,4,89.5,0.7525,1
4,59,11,5,85.0,0.6907,1
4,60,11,6,84.0,0.6705,1
4,61,10,7,84.0,0.7015,1
4,62,10,7,75.0,0.7074,1
4,63,10,7,78.5,0.7778,1
4,64,10,7,79.5,0.7259,1
4,65,11,7,79.5,0.6515,2
4,66,10,8,81.5,0.7407,1
4,67,10,8,84.0,0.7815,1
4,68,10,8,80.0,0.6463,1
4,69,10,8,78.0,0.7296,1
4,70,10,9,77.0,0.7,1
4,71,10,9,82.5,0.7296,1
4,72,10,9,72.0,0.7556,1
4,73,9,10,92.0,0.7444,1
4,74,9,10,87.0,0.787,1
4,75,9,10,77.0,0.7593,1
5,0,5,0,0.0,1.0,1
5,1,5,0,17.0,0.7167,1
5,2,5,0,38.0,0.6,2
5,3,5,0,43.5,0.55,2
5,4,5,0,44.5,0.9,1
5,5,6,0,52.0,0.6,2
5,6,6,0,51.0,0.8,1
5,7,6,0,65.5,0.8333,1
5,8,6,0,69.5,0.8333,1
5,9,6,0,59.5,0.8667,1
5,10,7,0,58.0,0.5714,2
5,11,7,0,55.5,0.5952,2
5,12,7,0,65.0,0.8095,1
5,13,7,0,67.0,0.8095,1
5,14,7,0,59.5,0.8333,1
5,15,8,0,34.5,0.6071,2
5,16,8,0,31.5,0.256,4
5,17,8,0,37.5,0.4583,2
5,18,8,0,55.5,0.5774,2
5,19,8,0,61.0,0.6024,1
5,20,9,0,75.0,0.7361,1
5,21,9,0,68.0,0.6991,1
5,22,9,0,74.5,0.8472,1
5,23,9,0,69.5,0.7963,1
5,24,9,0,68.0,0.8333,1
5,25,10,0,75.5,0.7333,1
5,26,10,0,76.5,0.7444,1
5,27,10,0,83.0,0.6852,1
5,28,10,0,78.5,0.7519,1
5,29,10,0,80.0,0.7222,1
5,30,11,0,42.0,0.577,1
5,31,11,0,76.5,0.6318,1
5,32,11,0,79.0,0.6091,2
5,33,11,0,83.5,0.7515,1
5,34,11,0,81.0,0.6515,1
5,35,11,1,86.5,0.6894,1
5,36,11,1,87.0,0.7697,1
5,37,11,1,86.5,0.7394,1
5,38,11,1,91.0,0.6727,1
5,39,11,1,86.0,0.7,1
5,40,11,2,80.0,0.7606,1
5,41,11,2,90.0,0.6667,1
5,42,11,2,83.5,0.6636,2
5,43,11,2,84.5,0.7818,1
5,44,11,2,91.5,0.7667,1
5,45,12,2,34.5,0.5402,1
5,46,12,2,54.5,0.4343,4
5,47,12,2,79.5,0.5076,2
5,48,12,2,78.0,0.5619,2
5,49,12,2,80.5,0.6742,1
5,50,13,2,82.0,0.6688,1
5,51,12,3,84.0,0.672,1
5,52,11,4,82.0,0.6869,1
5,53,11,4,94.5,0.6909,1
5,54,10,5,81.5,0.6909,1
5,55,9,7,89.0,0.6606,1
5,56,9,7,63.5,0.7014,1
5,57,9,7,89.0,0.7407,1
5,58,8,8,74.5,0.6806,1
5,59,8,8,74.0,0.7083,1
5,60,9,8,67.5,0.6329,1
5,61,9,8,84.0,0.7593,1
5,62,9,8,63.5,0.6667,1
5,63,9,8,68.0,0.7407,1
5,64,9,8,76.0,0.6435,1
5,65,10,8,82.0,0.7222,1
5,66,10,8,77.0,0.737,1
5,67,10,8,83.0,0.7259,1
5,68,10,8,75.5,0.6778,1
5,69,10,8,80.5,0.7,1
5,70,11,8,74.5,0.5106,2
5,71,11,8,72.0,0.6242,2
5,72,10,9,74.5,0.7,2
5,73,10,9,75.5,0.6815,1
5,74,10,9,81.0,0.6889,1
5,75,10,9,68.0,0.6148,1
6,0,5,0,0.0,1.0,1
6,1,5,0,15.5,0.3,3
6,2,5,0,37.5,0.5,2
6,3,5,0,43.0,0.6417,1
6,4,5,0,40.0,0.55,2
6,5,6,0,44.0,0.6,2
6,6,6,0,51.0,0.4667,2
6,7,6,0,64.0,0.7111,1
6,8,6,0,60.0,0.8667,1
6,9,6,0,63.5,0.8333,1
6,10,7,0,70.5,0.8333,1
6,11,7,0,66.0,0.5849,1
6,12,6,1,64.0,0.8333,1
6,13,6,1,69.5,0.7667,1
6,14,6,1,52.5,0.7444,1
6,15,7,1,0.0,0.4921,2
6,16,7,1,8.5,0.5849,1
6,17,7,1,23.5,0.7778,1
6,18,7,1,40.0,0.8492,1
6,19,7,1,45.0,0.5873,2
6,20,8,1,50.5,0.8214,1
6,21,8,1,60.0,0.756,1
6,22,8,1,58.0,0.7798,1
6,23,8,1,68.5,0.8155,1
6,24,8,1,63.5,0.7976,1
6,25,9,1,70.0,0.669,1
6,26,9,1,71.0,0.6991,1
6,27,9,1,72.5,0.7731,1
6,28,9,1,68.0,0.7083,1
6,29,9,1,69.5,0.7269,1
6,30,10,1,49.0,0.6296,1
6,31,10,1,55.5,0.6593,1
6,32,10,1,78.5,0.6593,1
6,33,10,1,82.0,0.7037,1
6,34,10,1,83.5,0.6926,1
6,35,11,1,73.5,0.5879,2
6,36,11,1,74.0,0.7273,1
6,37,11,1,88.0,0.7818,1
6,38,11,1,82.5,0.7303,1
6,39,11,1,79.5,0.6061,1
6,40,12,1,63.5,0.6886,1
6,41,12,1,88.5,0.697,1
6,42,12,1,82.5,0.7424,1
6,43,12,1,78.0,0.7247,1
6,44,12,1,85.5,0.7311,1
6,45,13,1,49.0,0.4615,3
6,46,13,1,65.0,0.4746,2
6,47,13,1,66.0,0.6024,1
6,48,13,1,68.0,0.563,2
6,49,13,1,86.0,0.516,2
6,50,14,1,81.5,0.5604,2
6,51,14,1,87.0,0.652,1
6,52,14,1,87.0,0.7125,1
6,53,13,2,98.5,0.6685,1
6,54,11,4,89.0,0.6581,1
6,55,11,5,80.5,0.6288,1
6,56,11,5,82.0,0.6864,1
6,57,11,5,87.5,0.6515,1
6,58,11,5,90.0,0.7606,1
6,59,11,5,84.5,0.6545,2
6,60,12,5,55.0,0.4811,3
6,61,12,5,63.5,0.6578,1
6,62,11,6,68.0,0.6338,1
6,63,11,6,66.5,0.497,2
6,64,11,6,71.5,0.6818,1
6,65,12,6,71.0,0.6553,1
6,66,12,6,72.0,0.6402,1
6,67,12,6,63.5,0.6465,1
6,68,10,8,73.5,0.5545,2
6,69,10,8,66.5,0.6815,1
6,70,11,8,77.5,0.6121,2
6,71,11,8,72.5,0.5318,2
6,72,11,8,82.0,0.6303,2
6,73,11,8,86.0,0.5576,2
6,74,11,8,84.5,0.6182,2
6,75,11,8,71.0,0.4794,2
7,0,5,0,14.0,1.0,1
7,1,5,0,22.0,0.5,2
7,2,5,0,37.0,0.7833,1
7,3,5,0,41.0,0.7833,1
7,4,5,0,56.0,0.9,1
7,5,6,0,55.5,0.9,1
7,6,6,0,66.5,0.7778,1
7,7,6,0,57.5,0.7444,1
7,8,6,0,54.0,0.6,2
7,9,6,0,64.0,0.7667,1
7,10,7,0,70.0,0.8095,1
7,11,7,0,68.5,0.7619,1
7,12,7,0,72.0,0.7222,1
7,13,7,0,61.0,0.881,1
7,14,7,0,69.5,0.8333,1
7,15,8,0,3.5,0.6429,1
7,16,8,0,28.5,0.4387,2
7,17,8,0,37.0,0.6845,1
7,18,8,0,31.0,0.625,2
7,19,8,0,46.5,0.6012,2
7,20,9,0,52.0,0.75,1
7,21,9,0,55.0,0.4861,3
7,22,9,0,61.5,0.7639,1
7,23,9,0,65.5,0.7546,1
7,24,9,0,76.0,0.75,1
7,25,9,1,62.5,0.6204,2
7,26,9,1,71.5,0.6944,1
7,27,9,1,62.5,0.7731,1
7,28,9,1,70.0,0.8148,1
7,29,9,1,78.0,0.7407,1
7,30,10,1,48.5,0.5319,1
7,31,10,1,53.0,0.637,1
7,32,10,1,55.5,0.6519,1
7,33,10,1,82.0,0.7333,1
7,34,10,1,69.5,0.6444,2
7,35,11,1,75.5,0.5121,2
7,36,11,1,75.0,0.7242,1
7,37,11,1,65.5,0.7242,1
7,38,11,1,76.0,0.6394,1
7,39,11,1,73.0,0.6424,2
7,40,12,1,82.5,0.5556,2
7,41,12,1,80.0,0.6389,1
7,42,12,1,85.0,0.6111,2
7,43,12,1,81.5,0.6894,1
7,44,11,2,74.5,0.7485,1
7,45,12,2,46.5,0.5545,1
7,46,12,2,61.5,0.5783,2
7,47,12,2,82.0,0.5783,2
7,48,12,2,89.0,0.649,2
7,49,12,2,94.0,0.7222,1
7,50,13,2,85.5,0.7201,1
7,51,13,2,82.5,0.7628,1
7,52,13,2,94.5,0.7372,1
7,53,13,2,92.5,0.7244,1
7,54,12,3,94.0,0.7051,1
7,55,12,4,92.5,0.7094,1
7,56,12,4,90.5,0.7601,1
7,57,11,5,81.5,0.8182,1
7,58,10,6,85.0,0.8061,1
7,59,10,6,86.5,0.6926,1
7,60,11,6,59.0,0.6133,1
7,61,11,6,74.0,0.4394,2
7,62,10,7,76.0,0.6879,1
7,63,10,7,82.5,0.55,2
7,64,10,7,76.5,0.6111,2
7,65,11,7,89.5,0.6333,2
7,66,10,8,85.5,0.6939,1
7,67,10,8,71.0,0.7556,1
7,68,10,8,85.0,0.6741,2
7,69,10,8,82.5,0.7333,1
7,70,11,8,73.5,0.5652,2
7,71,11,8,84.5,0.5848,2
7,72,10,9,83.5,0.6273,2
7,73,10,9,72.5,0.7519,1
7,74,10,9,80.0,0.663,2
7,75,10,9,83.5,0.6759,1
8,0,5,0,0.0,1.0,1
8,1,5,0,27.0,0.4333,2
8,2,5,0,59.5,0.7333,1
8,3,5,0,50.5,0.7333,1
8,4,5,0,65.5,0.9,1
8,5,6,0,66.5,0.7889,1
8,6,6,0,72.0,0.7222,1
8,7,6,0,63.0,0.4,2
8,8,6,0,51.0,0.8333,1
8,9,6,0,59.5,0.6,2
8,10,7,0,71.0,0.5706,1
8,11,7,0,62.5,0.9048,1
8,12,7,0,62.0,0.8095,1
8,13,7,0,65.0,0.8095,1
8,14,7,0,72.0,0.8095,1
8,15,8,0,3.0,0.6935,1
8,16,8,0,9.5,0.503,2
8,17,8,0,25.5,0.756,1
8,18,8,0,32.5,0.6577,1
8,19,8,0,41.5,0.6607,2
8,20,9,0,55.0,0.5255,2
8,21,9,0,57.0,0.5718,2
8,22,9,0,76.0,0.5417,2
8,23,9,0,69.0,0.6204,1
8,24,9,0,65.0,0.6389,2
8,25,10,0,71.5,0.6963,1
8,26,10,0,71.5,0.7111,1
8,27,10,0,66.5,0.6852,1
8,28,10,0,76.0,0.7926,1
8,29,10,0,76.0,0.7111,1
8,30,11,0,27.0,0.5485,2
8,31,11,0,69.5,0.5836,1
8,32,11,0,80.0,0.6242,1
8,33,11,0,84.0,0.6848,1
8,34,11,0,88.0,0.6758,1
8,35,12,0,80.5,0.649,1
8,36,12,0,87.5,0.697,1
8,37,12,0,86.5,0.6717,1
8,38,12,0,93.0,0.6894,1
8,39,12,0,85.5,0.6414,1
8,40,13,0,89.0,0.7799,1
8,41,13,0,89.5,0.7799,1
8,42,13,0,93.5,0.7115,1
8,43,13,0,90.0,0.7735,1
8,44,13,0,85.5,0.6774,1
8,45,14,0,57.0,0.3974,2
8,46,14,0,75.0,0.5811,1
8,47,14,0,84.5,0.5678,1
8,48,14,0,82.5,0.6813,1
8,49,14,0,78.0,0.6593,1
8,50,15,0,95.5,0.6651,1
8,51,15,0,87.0,0.6214,1
8,52,15,0,97.0,0.7016,1
8,53,14,1,99.5,0.6889,1
8,54,13,2,79.0,0.6401,1
8,55,13,3,89.5,0.6731,1
8,56,13,3,75.0,0.6517,1
8,57,11,5,82.0,0.6768,1
8,58,11,5,77.5,0.5788,2
8,59,11,5,80.5,0.6409,1
8,60,12,5,55.5,0.3611,3
8,61,12,5,80.0,0.5076,2
8,62,12,5,80.0,0.6275,1
8,63,11,6,84.0,0.7412,1
8,64,11,6,90.5,0.7667,1
8,65,11,7,85.5,0.7652,1
8,66,11,7,90.0,0.7136,1
8,67,11,7,80.0,0.7667,1
8,68,10,8,88.5,0.797,1
8,69,10,8,86.0,0.7593,1
8,70,11,8,77.5,0.7212,1
8,71,11,8,91.5,0.7667,1
8,72,11,8,80.0,0.7364,1
8,73,11,8,88.5,0.6545,1
8,74,11,8,89.0,0.7394,1
8,75,11,8,78.5,0.6136,1
9,0,5,0,0.0,1.0,1
9,1,5,0,30.0,0.8,1
9,2,5,0,49.0,0.5,2
9,3,5,0,54.0,0.95,1
9,4,5,0,51.5,0.4,2
9,5,6,0,66.5,0.8222,1
9,6,6,0,65.0,0.8333,1
9,7,6,0,51.5,0.9,1
9,8,6,0,62.5,0.8,1
9,9,6,0,56.0,0.9,1
9,10,7,0,73.5,0.6905,1
9,11,7,0,66.0,0.881,1
9,12,7,0,60.5,0.8571,1
9,13,7,0,63.5,0.8571,1
9,14,7,0,65.5,0.8333,1
9,15,8,0,2.5,0.4405,2
9,16,8,0,24.5,0.381,3
9,17,8,0,39.5,0.381,3
9,18,8,0,47.0,0.2917,3
9,19,8,0,72.5,0.7381,1
9,20,9,0,65.0,0.8056,1
9,21,9,0,71.0,0.75,1
9,22,9,0,74.0,0.7361,1
9,23,9,0,73.0,0.8333,1
9,24,9,0,82.0,0.7824,1
9,25,10,0,83.0,0.7074,1
9,26,10,0,87.5,0.7481,1
9,27,10,0,74.0,0.8556,1
9,28,10,0,86.5,0.6815,1
9,29,10,0,76.0,0.7148,1
9,30,11,0,54.0,0.6318,1
9,31,11,0,63.0,0.5364,3
9,32,11,0,67.5,0.5697,2
9,33,11,0,74.0,0.6485,2
9,34,11,0,81.5,0.5682,2
9,35,12,0,84.5,0.6018,1
9,36,12,0,83.0,0.6313,2
9,37,12,0,83.5,0.7311,1
9,38,12,0,82.0,0.7576,1
9,39,12,0,83.0,0.7008,1
9,40,13,0,94.0,0.688,1
9,41,13,0,90.5,0.6902,1
9,42,13,0,96.5,0.735,1
9,43,13,0,93.0,0.7436,1
9,44,13,0,91.0,0.7286,1
9,45,14,0,38.5,0.3963,2
9,46,14,0,60.0,0.6071,2
9,47,14,0,79.0,0.6319,1
9,48,14,0,89.0,0.6044,2
9,49,14,0,82.5,0.5504,2
9,50,15,0,84.5,0.6508,1
9,51,14,1,89.5,0.6611,1
9,52,13,2,82.0,0.6777,1
9,53,12,3,76.5,0.6421,1
9,54,11,4,77.5,0.6566,1
9,55,11,5,93.5,0.6553,1
9,56,11,5,83.0,0.7515,1
9,57,11,5,82.0,0.6303,2
9,58,11,5,90.5,0.7606,1
9,59,10,6,87.0,0.7455,1
9,60,11,6,79.5,0.6258,1
9,61,10,7,84.0,0.6242,2
9,62,9,8,59.5,0.6375,1
9,63,9,8,65.5,0.6806,1
9,64,9,8,78.5,0.7037,1
9,65,10,8,67.0,0.7407,1
9,66,10,8,73.0,0.7741,1
9,67,10,8,75.0,0.8222,1
9,68,10,8,70.5,0.6759,1
9,69,9,9,64.5,0.763,1
9,70,10,9,58.5,0.7519,1
9,71,10,9,61.0,0.7222,1
9,72,10,9,67.0,0.8037,1
9,73,10,9,80.5,0.7667,1
9,74,10,9,83.0,0.763,1
9,75,10,9,62.5,0.5793,1
10,0,5,0,18.5,1.0,2
10,1,5,0,33.0,0.2,3
10,2,5,0,42.5,0.35,2
10,3,5,0,46.5,0.7167,1
10,4,5,0,44.0,0.4333,2
10,5,6,0,61.5,0.3667,3
10,6,6,0,49.5,0.8222,1
10,7,6,0,62.0,0.8333,1
10,8,6,0,67.5,0.8333,1
10,9,6,0,62.5,0.7222,1
10,10,7,0,59.0,0.6667,2
10,11,7,0,78.5,0.8333,1
10,12,7,0,60.0,0.6706,1
10,13,7,0,69.0,0.7698,1
10,14,7,0,66.0,0.8254,1
10,15,8,0,4.0,0.6756,1
10,16,8,0,9.5,0.3839,2
10,17,8,0,37.5,0.4643,2
10,18,8,0,46.0,0.3482,3
10,19,8,0,39.0,0.3155,3
10,20,9,0,51.0,0.437,2
10,21,9,0,59.5,0.5509,2
10,22,9,0,54.5,0.4523,2
10,23,9,0,60.5,0.6319,1
10,24,9,0,66.5,0.713,1
10,25,10,0,74.0,0.6185,1
10,26,10,0,70.5,0.7778,1
10,27,10,0,70.5,0.6185,1
10,28,10,0,72.0,0.7519,1
10,29,10,0,62.0,0.7037,1
10,30,11,0,53.0,0.5279,1
10,31,11,0,81.0,0.6652,1
10,32,11,0,85.5,0.7394,1
10,33,11,0,86.5,0.7061,1
10,34,11,0,87.5,0.7697,1
10,35,12,0,83.0,0.702,1
10,36,12,0,83.5,0.6831,1
10,37,12,0,82.0,0.7348,1
10,38,12,0,88.5,0.7146,1
10,39,12,0,94.5,0.6692,1
10,40,13,0,90.5,0.6838,1
10,41,13,0,75.5,0.6688,1
10,42,13,0,92.0,0.7265,1
10,43,13,0,92.0,0.7329,1
10,44,13,0,93.0,0.7009,1
10,45,14,0,33.0,0.494,2
10,46,14,0,55.5,0.5918,1
10,47,14,0,69.5,0.5811,1
10,48,14,0,79.5,0.6593,1
10,49,14,0,82.5,0.6762,1
10,50,15,0,91.5,0.6206,1
10,51,14,1,84.0,0.5865,2
10,52,13,2,89.0,0.5806,2
10,53,13,2,88.5,0.6677,1
10,54,13,2,85.5,0.6581,1
10,55,12,4,91.5,0.6934,1
10,56,10,6,86.0,0.6705,1
10,57,10,6,75.0,0.8,1
10,58,10,6,81.5,0.7815,1
10,59,10,6,74.5,0.7667,1
10,60,10,7,61.5,0.6264,1
10,61,10,7,70.5,0.6611,1
10,62,10,7,77.0,0.5852,2
10,63,10,7,70.5,0.6019,2
10,64,10,7,67.0,0.6581,1
10,65,11,7,80.5,0.5348,2
10,66,11,7,84.0,0.6061,2
10,67,11,7,72.0,0.7136,1
10,68,11,7,81.5,0.7818,1
10,69,11,7,78.5,0.6788,1
10,70,12,7,92.5,0.7298,1
10,71,10,9,82.0,0.7222,1
10,72,10,9,79.0,0.7815,1
10,73,10,9,75.0,0.7037,1
10,74,10,9,85.0,0.7444,1
10,75,10,9,69.0,0.5704,2
11,0,5,0,29.0,1.0,3
11,1,5,0,23.5,0.3,3
11,2,5,0,43.5,0.25,3
11,3,5,0,48.5,0.6667,1
11,4,5,0,48.5,0.4333,2
11,5,6,0,47.0,0.5222,2
11,6,6,0,62.0,0.6833,1
11,7,6,0,65.5,0.8,1
11,8,6,0,57.5,0.9,1
11,9,6,0,57.5,0.9333,1
11,10,7,0,70.0,0.7698,1
11,11,7,0,61.0,0.746,1
11,12,7,0,74.0,0.8571,1
11,13,7,0,79.0,0.8095,1
11,14,7,0,78.0,0.7857,1
11,15,8,0,13.0,0.3393,3
11,16,8,0,25.0,0.3393,4
11,17,8,0,51.0,0.1429,5
11,18,8,0,33.0,0.4345,2
11,19,8,0,50.0,0.6726,1
11,20,9,0,59.5,0.4352,2
11,21,9,0,62.5,0.75,1
11,22,9,0,68.0,0.6204,2
11,23,9,0,72.0,0.7222,1
11,24,9,0,65.0,0.6481,2
11,25,10,0,77.0,0.45,2
11,26,10,0,81.5,0.5204,2
11,27,10,0,77.0,0.6444,1
11,28,10,0,75.5,0.4804,2
11,29,10,0,82.0,0.5704,2
11,30,11,0,24.5,0.403,4
11,31,11,0,44.0,0.5282,1
11,32,11,0,65.0,0.6606,1
11,33,11,0,73.0,0.6939,1
11,34,11,0,88.5,0.6424,1
11,35,12,0,76.5,0.678,1
11,36,12,0,75.5,0.6869,1
11,37,12,0,71.5,0.7045,1
11,38,12,0,91.0,0.6654,1
11,39,12,0,85.0,0.7551,1
11,40,13,0,91.5,0.7244,1
11,41,13,0,89.0,0.7051,1
11,42,13,0,95.0,0.6902,1
11,43,13,0,92.5,0.6763,1
11,44,13,0,88.0,0.7094,1
11,45,14,0,26.5,0.4799,3
11,46,14,0,41.0,0.4451,3
11,47,14,0,68.0,0.5678,2
11,48,14,0,82.0,0.5357,2
11,49,14,0,85.5,0.544,2
11,50,15,0,90.5,0.6106,1
11,51,15,0,92.0,0.6889,1
11,52,14,1,94.0,0.7159,1
11,53,12,3,99.0,0.6905,1
11,54,11,4,91.0,0.7247,1
11,55,11,5,81.0,0.5328,3
11,56,11,5,91.5,0.6727,1
11,57,11,5,90.5,0.7061,1
11,58,11,5,86.5,0.7242,1
11,59,11,5,84.5,0.7667,1
11,60,11,6,71.0,0.6641,1
11,61,11,6,56.5,0.64,1
11,62,11,6,75.5,0.6879,1
11,63,10,7,89.0,0.697,1
11,64,10,7,88.5,0.7222,1
11,65,11,7,87.0,0.6818,1
11,66,10,8,85.5,0.7593,1
11,67,10,8,78.0,0.7704,1
11,68,10,8,89.0,0.6963,1
11,69,10,8,72.5,0.7926,1
11,70,11,8,81.5,0.7667,1
11,71,10,9,82.0,0.6879,1
11,72,10,9,75.5,0.8111,1
11,73,10,9,80.0,0.7407,1
11,74,10,9,83.5,0.7593,1
11,75,10,9,79.5,0.663,1
12,0,5,0,0.0,1.0,1
12,1,5,0,26.5,0.6,2
12,2,5,0,42.5,0.7333,1
12,3,5,0,51.0,0.5,2
12,4,5,0,52.0,0.7333,1
12,5,6,0,49.5,0.7,1
12,6,6,0,53.5,0.9667,1
12,7,6,0,70.5,0.7667,1
12,8,6,0,61.5,0.9,1
12,9,6,0,55.0,0.9,1
12,10,7,0,61.0,0.8492,1
12,11,7,0,70.5,0.9048,1
12,12,7,0,72.0,0.746,1
12,13,7,0,69.5,0.7222,1
12,14,7,0,68.5,0.7143,1
12,15,8,0,3.0,0.5536,2
12,16,8,0,14.5,0.5595,2
12,17,8,0,31.0,0.5119,2
12,18,8,0,45.5,0.6399,1
12,19,8,0,51.0,0.7262,1
12,20,9,0,54.5,0.8194,1
12,21,9,0,54.0,0.6898,1
12,22,9,0,48.5,0.7639,1
12,23,9,0,55.0,0.8009,1
12,24,9,0,57.5,0.8009,1
12,25,10,0,76.5,0.6167,1
12,26,10,0,80.0,0.6315,1
12,27,10,0,80.5,0.7037,1
12,28,10,0,69.5,0.7704,1
12,29,10,0,78.0,0.6074,2
12,30,11,0,45.5,0.4818,2
12,31,11,0,71.0,0.553,2
12,32,11,0,76.5,0.5939,2
12,33,11,0,89.5,0.7636,1
12,34,11,0,80.0,0.6258,1
12,35,12,0,88.0,0.7071,1
12,36,12,0,88.0,0.6843,1
12,37,12,0,87.0,0.75,1
12,38,12,0,86.5,0.7273,1
12,39,12,0,86.0,0.7273,1
12,40,13,0,90.0,0.7094,1
12,41,13,0,90.5,0.7479,1
12,42,13,0,89.5,0.6966,1
12,43,13,0,86.0,0.6517,1
12,44,13,0,98.0,0.7201,1
12,45,14,0,38.5,0.4361,2
12,46,14,0,63.5,0.4604,2
12,47,14,0,79.0,0.5498,1
12,48,14,0,85.0,0.57,2
12,49,14,0,89.0,0.6007,2
12,50,15,0,91.5,0.5722,2
12,51,15,0,87.5,0.669,1
12,52,15,0,99.5,0.6968,1
12,53,14,1,94.5,0.6841,1
12,54,13,2,92.5,0.6832,1
12,55,13,3,96.0,0.6081,2
12,56,12,4,86.0,0.6709,1
12,57,11,5,86.5,0.6465,1
12,58,11,5,85.0,0.7121,1
12,59,10,6,87.0,0.7152,1
12,60,11,6,60.5,0.5742,2
12,61,11,6,74.0,0.6415,1
12,62,11,6,71.0,0.7121,1
12,63,11,6,74.0,0.5348,2
12,64,11,6,65.5,0.5652,2
12,65,12,6,74.5,0.6667,1
12,66,11,7,77.5,0.6439,1
12,67,11,7,70.5,0.7848,1
12,68,11,7,79.5,0.7394,1
12,69,10,8,80.5,0.6909,1
12,70,11,8,77.5,0.6788,1
12,71,11,8,75.0,0.6394,2
12,72,11,8,76.0,0.7121,1
12,73,11,8,80.5,0.703,1
12,74,11,8,83.5,0.7091,1
12,75,11,8,85.5,0.6576,1
13,0,5,0,5.0,1.0,2
13,1,5,0,22.0,0.4,2
13,2,5,0,58.5,0.85,1
13,3,5,0,64.5,0.6417,1
13,4,5,0,49.0,0.95,1
13,5,6,0,59.5,0.7111,1
13,6,6,0,66.5,0.9,1
13,7,6,0,63.5,0.9,1
13,8,6,0,54.0,0.7778,1
13,9,6,0,61.0,0.4778,2
13,10,7,0,76.5,0.7778,1
13,11,7,0,61.0,0.754,1
13,12,7,0,69.0,0.8333,1
13,13,7,0,72.0,0.8095,1
13,14,7,0,68.5,0.9048,1
13,15,8,0,19.5,0.4655,2
13,16,8,0,45.5,0.2857,3
13,17,8,0,48.0,0.3571,3
13,18,8,0,53.0,0.6012,1
13,19,8,0,64.5,0.6667,1
13,20,9,0,63.0,0.5741,2
13,21,9,0,76.5,0.7778,1
13,22,9,0,80.0,0.7778,1
13,23,9,0,67.5,0.7593,1
13,24,9,0,71.0,0.713,1
13,25,10,0,76.0,0.6222,2
13,26,10,0,80.0,0.7204,1
13,27,10,0,85.0,0.7,1
13,28,10,0,79.5,0.6852,1
13,29,10,0,93.0,0.7704,1
13,30,11,0,56.5,0.5379,2
13,31,11,0,73.0,0.5197,2
13,32,11,0,75.5,0.6879,1
13,33,11,0,79.5,0.6273,1
13,34,11,0,91.5,0.7394,1
13,35,12,0,71.0,0.6313,1
13,36,12,0,87.5,0.6389,1
13,37,12,0,89.5,0.6818,1
13,38,12,0,91.0,0.7652,1
13,39,12,0,91.0,0.7727,1
13,40,13,0,89.5,0.6966,1
13,41,13,0,95.0,0.7265,1
13,42,13,0,92.0,0.7009,1
13,43,13,0,89.5,0.7115,1
13,44,12,1,83.5,0.7525,1
13,45,13,1,47.5,0.4209,3
13,46,13,1,62.5,0.6047,1
13,47,13,1,67.0,0.5974,1
13,48,13,1,88.0,0.688,1
13,49,13,1,89.5,0.6816,1
13,50,14,1,91.5,0.6593,1
13,51,14,1,83.5,0.6703,1
13,52,10,5,83.0,0.7051,1
13,53,9,6,69.5,0.7667,1
13,54,9,6,71.0,0.6921,1
13,55,10,6,63.5,0.6407,2
13,56,10,6,84.5,0.7333,1
13,57,10,6,87.0,0.8222,1
13,58,9,7,84.0,0.7667,1
13,59,9,7,81.5,0.7315,1
13,60,10,7,63.5,0.4544,2
13,61,10,7,76.5,0.6359,1
13,62,10,7,71.0,0.6148,2
13,63,10,7,75.0,0.5648,2
13,64,10,7,74.0,0.5278,2
13,65,11,7,80.5,0.6303,2
13,66,10,8,79.5,0.5926,2
13,67,10,8,69.5,0.7278,1
13,68,9,9,85.0,0.6556,1
13,69,9,9,68.5,0.6875,1
13,70,10,9,74.5,0.6463,1
13,71,10,9,76.0,0.6981,1
13,72,9,10,76.0,0.6674,1
13,73,9,10,75.0,0.6944,1
13,74,9,10,65.5,0.7315,1
13,75,9,10,76.0,0.706,1
14,0,5,0,4.5,1.0,1
14,1,5,0,32.5,0.25,3
14,2,5,0,35.5,0.2,3
14,3,5,0,38.0,0.35,2
14,4,5,0,33.5,0.4,2
14,5,6,0,48.5,0.5667,2
14,6,6,0,44.5,0.3333,3
14,7,6,0,48.5,0.2889,3
14,8,6,0,53.5,0.3333,3
14,9,6,0,52.5,0.5667,2
14,10,7,0,69.0,0.8095,1
14,11,7,0,62.0,0.6667,2
14,12,7,0,62.5,0.7698,1
14,13,7,0,66.5,0.8095,1
14,14,7,0,67.0,0.8333,1
14,15,8,0,19.0,0.5119,2
14,16,8,0,21.0,0.2679,3
14,17,8,0,28.5,0.5333,1
14,18,8,0,29.5,0.625,2
14,19,8,0,57.5,0.4643,2
14,20,9,0,55.0,0.4306,3
14,21,9,0,63.5,0.6875,1
14,22,9,0,73.0,0.669,1
14,23,9,0,78.0,0.787,1
14,24,9,0,72.5,0.8565,1
14,25,10,0,87.0,0.7704,1
14,26,10,0,79.0,0.7778,1
14,27,10,0,80.5,0.7889,1
14,28,10,0,90.0,0.737,1
14,29,10,0,72.5,0.7259,1
14,30,11,0,49.5,0.6182,2
14,31,11,0,52.0,0.6152,2
14,32,11,0,58.0,0.7136,1
14,33,11,0,75.5,0.6561,1
14,34,11,0,81.5,0.7242,1
14,35,12,0,92.5,0.7121,1
14,36,12,0,89.5,0.7045,1
14,37,12,0,84.0,0.7348,1
14,38,12,0,81.0,0.6568,1
14,39,12,0,89.0,0.7247,1
14,40,13,0,91.0,0.6688,1
14,41,13,0,89.5,0.7158,1
14,42,13,0,95.0,0.7671,1
14,43,13,0,88.5,0.5951,1
14,44,13,0,88.5,0.5844,2
14,45,14,0,53.0,0.3654,3
14,46,14,0,49.0,0.7033,1
14,47,14,0,72.0,0.5668,1
14,48,14,0,80.0,0.6273,1
14,49,14,0,76.0,0.5694,1
14,50,15,0,84.5,0.6508,1
14,51,15,0,81.0,0.6389,1
14,52,14,1,97.0,0.681,1
14,53,13,2,79.0,0.6255,1
14,54,13,2,92.0,0.7222,1
14,55,13,3,95.0,0.6374,1
14,56,12,4,85.5,0.6506,1
14,57,11,5,82.5,0.6275,1
14,58,11,5,83.0,0.6606,1
14,59,10,6,72.5,0.6204,1
14,60,11,6,69.0,0.5015,2
14,61,10,7,69.5,0.6227,1
14,62,9,8,66.0,0.5704,2
14,63,9,8,73.0,0.6667,1
14,64,9,8,79.5,0.6019,2
14,65,10,8,80.0,0.563,2
14,66,10,8,77.5,0.6852,2
14,67,10,8,76.5,0.5481,2
14,68,10,8,71.5,0.6519,2
14,69,9,9,88.5,0.7037,1
14,70,10,9,69.5,0.7741,1
14,71,10,9,86.5,0.7259,1
14,72,9,10,81.5,0.7704,1
14,73,9,10,72.0,0.7315,1
14,74,9,10,79.0,0.7824,1
14,75,9,10,71.5,0.7083,1
15,0,5,0,26.0,1.0,2
15,1,5,0,42.5,0.25,3
15,2,5,0,52.0,0.6,2
15,3,5,0,48.5,0.7333,1
15,4,5,0,60.0,0.6667,1
15,5,6,0,61.5,0.8333,1
15,6,6,0,61.5,0.9,1
15,7,6,0,62.0,0.7333,1
15,8,6,0,68.0,0.8,1
15,9,6,0,56.5,0.8333,1
15,10,7,0,60.0,0.7698,1
15,11,7,0,68.0,0.8254,1
15,12,7,0,69.0,0.8333,1
15,13,7,0,60.5,0.9286,1
15,14,7,0,62.5,0.8571,1
15,15,8,0,9.0,0.7381,1
15,16,8,0,42.0,0.3571,3
15,17,8,0,52.0,0.5786,1
15,18,8,0,51.0,0.5268,2
15,19,8,0,58.0,0.6845,1
15,20,9,0,61.5,0.7685,1
15,21,9,0,60.5,0.7824,1
15,22,9,0,83.5,0.6921,1
15,23,9,0,82.5,0.7037,1
15,24,9,0,76.5,0.8009,1
15,25,9,1,81.0,0.7361,1
15,26,9,1,73.0,0.7824,1
15,27,9,1,71.5,0.8472,1
15,28,9,1,79.0,0.7639,1
15,29,9,1,73.5,0.7176,1
15,30,10,1,28.5,0.6481,1
15,31,10,1,63.0,0.7852,1
15,32,10,1,61.5,0.6526,1
15,33,10,1,77.0,0.5259,2
15,34,10,1,73.5,0.5296,2
15,35,11,1,78.5,0.6636,1
15,36,11,1,86.0,0.6576,1
15,37,11,1,88.0,0.703,1
15,38,11,1,81.5,0.6939,1
15,39,11,1,89.5,0.6667,1
15,40,12,1,90.0,0.7197,1
15,41,12,1,84.5,0.7525,1
15,42,12,1,88.5,0.697,1
15,43,12,1,90.0,0.7121,1
15,44,12,1,82.5,0.6515,1
15,45,13,1,39.0,0.5066,1
15,46,13,1,57.5,0.4915,3
15,47,13,1,77.0,0.6496,1
15,48,13,1,86.0,0.5902,1
15,49,13,1,82.5,0.5581,2
15,50,14,1,85.5,0.6099,2
15,51,14,1,84.5,0.6886,1
15,52,14,1,96.5,0.6777,1
15,53,13,2,82.5,0.5723,2
15,54,12,3,86.0,0.6709,1
15,55,13,3,91.5,0.6592,1
15,56,12,4,86.5,0.6677,1
15,57,12,4,87.0,0.7298,1
15,58,11,5,84.5,0.7071,1
15,59,10,6,72.0,0.7515,1
15,60,11,6,71.5,0.5485,1
15,61,11,6,54.5,0.5615,1
15,62,11,6,62.0,0.6152,1
15,63,11,6,71.5,0.5576,2
15,64,10,7,75.5,0.5985,2
15,65,11,7,76.5,0.6485,1
15,66,10,8,73.5,0.6818,1
15,67,10,8,62.5,0.5648,2
15,68,10,8,78.0,0.6611,1
15,69,10,8,73.0,0.6667,1
15,70,11,8,76.0,0.7545,1
15,71,11,8,90.0,0.7091,1
15,72,11,8,73.0,0.6521,1
15,73,11,8,91.5,0.6758,1
15,74,11,8,74.5,0.7848,1
15,75,10,9,72.5,0.6894,1
16,0,5,0,22.0,1.0,2
16,1,5,0,36.0,0.5,2
16,2,5,0,51.0,0.6667,1
16,3,5,0,45.5,0.95,1
16,4,5,0,48.5,0.9,1
16,5,6,0,64.5,0.4444,2
16,6,6,0,59.0,0.7111,1
16,7,6,0,68.5,0.7111,1
16,8,6,0,67.0,0.8667,1
16,9,6,0,68.0,0.7667,1
16,10,7,0,63.5,0.3571,2
16,11,7,0,49.5,0.7381,1
16,12,7,0,56.5,0.7937,1
16,13,7,0,70.5,0.8016,1
16,14,7,0,67.5,0.8333,1
16,15,8,0,14.5,0.5268,2
16,16,8,0,29.5,0.75,1
16,17,8,0,39.5,0.5417,2
16,18,8,0,45.5,0.2917,3
16,19,8,0,56.5,0.5774,2
16,20,9,0,61.5,0.7315,1
16,21,9,0,66.5,0.7037,1
16,22,9,0,70.5,0.7778,1
16,23,9,0,67.0,0.7176,1
16,24,9,0,71.5,0.6296,2
16,25,10,0,81.0,0.7741,1
16,26,10,0,78.0,0.7444,1
16,27,10,0,85.0,0.7444,1
16,28,10,0,88.5,0.7593,1
16,29,10,0,85.0,0.6889,1
16,30,11,0,56.0,0.4439,3
16,31,11,0,68.5,0.5591,1
16,32,11,0,75.0,0.5342,1
16,33,11,0,67.0,0.5909,2
16,34,11,0,81.0,0.6606,1
16,35,12,0,83.5,0.6035,2
16,36,12,0,94.5,0.6995,1
16,37,12,0,93.5,0.6793,1
16,38,12,0,82.5,0.6591,1
16,39,12,0,82.0,0.6098,1
16,40,13,0,83.0,0.5363,2
16,41,13,0,87.0,0.6357,1
16,42,13,0,85.5,0.687,1
16,43,13,0,90.0,0.6752,1
16,44,13,0,91.0,0.6709,1
16,45,14,0,31.5,0.5146,1
16,46,14,0,62.5,0.5908,1
16,47,14,0,74.0,0.6044,2
16,48,14,0,69.5,0.641,1
16,49,14,0,69.5,0.6484,1
16,50,15,0,81.0,0.6754,1
16,51,15,0,80.5,0.6944,1
16,52,14,1,92.0,0.6413,1
16,53,12,3,83.5,0.6218,1
16,54,11,4,74.0,0.6768,1
16,55,11,5,80.5,0.7096,1
16,56,11,5,74.5,0.6621,1
16,57,11,5,85.0,0.7121,1
16,58,11,5,84.5,0.7515,1
16,59,11,5,80.5,0.7182,1
16,60,11,6,72.5,0.649,1
16,61,11,6,60.0,0.7576,1
16,62,10,7,77.5,0.6561,1
16,63,10,7,78.0,0.5778,2
16,64,10,7,65.0,0.6778,2
16,65,11,7,80.0,0.7,1
16,66,11,7,64.0,0.7697,1
16,67,11,7,79.5,0.6727,1
16,68,11,7,78.5,0.7182,1
16,69,10,8,77.5,0.7273,1
16,70,11,8,76.5,0.6788,1
16,71,11,8,79.5,0.6894,1
16,72,11,8,73.0,0.7273,1
16,73,11,8,78.5,0.7394,1
16,74,11,8,76.5,0.6909,1
16,75,11,8,68.5,0.6324,1
17,0,5,0,0.0,1.0,2
17,1,5,0,11.5,0.6417,1
17,2,5,0,37.5,0.5,2
17,3,5,0,55.0,0.85,1
17,4,5,0,63.0,0.4,2
17,5,6,0,58.0,0.2667,3
17,6,6,0,67.0,0.7556,1
17,7,6,0,69.5,0.7444,1
17,8,6,0,65.5,0.8667,1
17,9,6,0,59.0,0.9333,1
17,10,7,0,52.0,0.619,2
17,11,7,0,69.0,0.6429,2
17,12,7,0,63.5,0.881,1
17,13,7,0,72.5,0.8333,1
17,14,7,0,73.5,0.7857,1
17,15,8,0,0.5,0.4655,2
17,16,8,0,19.0,0.3036,3
17,17,8,0,23.0,0.5119,2
17,18,8,0,33.0,0.6905,1
17,19,8,0,53.5,0.7857,1
17,20,9,0,55.0,0.669,1
17,21,9,0,70.0,0.713,1
17,22,9,0,68.0,0.8009,1
17,23,9,0,80.5,0.7176,1
17,24,9,0,65.5,0.7083,1
17,25,10,0,80.0,0.6926,1
17,26,10,0,77.0,0.7259,1
17,27,10,0,76.5,0.7741,1
17,28,10,0,76.0,0.8222,1
17,29,10,0,84.0,0.7778,1
17,30,11,0,31.5,0.3621,3
17,31,11,0,57.5,0.6073,1
17,32,11,0,61.5,0.7545,1
17,33,11,0,73.5,0.647,1
17,34,11,0,75.0,0.5961,1
17,35,12,0,84.5,0.6566,1
17,36,12,0,78.0,0.7551,1
17,37,11,1,75.0,0.7515,1
17,38,11,1,82.0,0.7152,1
17,39,11,1,85.5,0.5273,2
17,40,12,1,87.5,0.6048,1
17,41,12,1,82.0,0.7247,1
17,42,12,1,87.0,0.697,1
17,43,12,1,89.0,0.7071,1
17,44,12,1,83.5,0.6313,1
17,45,13,1,51.5,0.3498,3
17,46,13,1,63.5,0.3656,3
17,47,13,1,79.0,0.5682,1
17,48,13,1,77.5,0.6308,1
17,49,13,1,81.5,0.6109,1
17,50,14,1,89.5,0.5,2
17,51,14,1,81.0,0.6658,1
17,52,14,1,90.0,0.7088,1
17,53,13,2,83.5,0.6612,1
17,54,11,4,77.0,0.6699,1
17,55,10,6,82.0,0.6995,1
17,56,10,6,82.0,0.6815,1
17,57,10,6,77.5,0.7148,1
17,58,9,7,79.0,0.6704,1
17,59,9,7,72.0,0.6667,1
17,60,10,7,75.0,0.6333,1
17,61,10,7,67.5,0.6089,1
17,62,10,7,66.0,0.637,2
17,63,10,7,68.0,0.7333,1
17,64,9,8,76.0,0.6667,1
17,65,10,8,84.5,0.7259,1
17,66,10,8,71.5,0.7185,1
17,67,10,8,82.0,0.7667,1
17,68,10,8,84.0,0.7519,1
17,69,10,8,84.0,0.7481,1
17,70,11,8,84.0,0.6348,1
17,71,11,8,83.5,0.6939,1
17,72,10,9,85.5,0.7212,1
17,73,10,9,71.5,0.8074,1
17,74,10,9,84.5,0.7815,1
17,75,10,9,75.5,0.7815,1
18,0,5,0,0.0,1.0,2
18,1,5,0,24.0,0.25,3
18,2,5,0,45.0,0.5,2
18,3,5,0,51.5,0.55,2
18,4,5,0,46.0,0.7833,1
18,5,6,0,56.5,0.8667,1
18,6,6,0,56.5,0.6,2
18,7,6,0,53.5,0.8,1
18,8,6,0,63.5,0.8667,1
18,9,6,0,66.5,0.9667,1
18,10,7,0,58.0,0.619,2
18,11,7,0,70.0,0.6349,1
18,12,7,0,66.0,0.7857,1
18,13,7,0,68.0,0.6706,1
18,14,7,0,61.5,0.8016,1
18,15,8,0,5.0,0.3631,2
18,16,8,0,36.5,0.6012,2
18,17,8,0,38.5,0.6071,2
18,18,8,0,43.5,0.2857,3
18,19,8,0,58.0,0.5833,2
18,20,9,0,61.5,0.7315,1
18,21,9,0,73.0,0.7176,1
18,22,9,0,71.0,0.7917,1
18,23,9,0,72.0,0.8194,1
18,24,9,0,82.0,0.7917,1
18,25,10,0,81.0,0.6407,1
18,26,10,0,88.0,0.6185,2
18,27,10,0,85.5,0.7889,1
18,28,10,0,78.5,0.7704,1
18,29,10,0,75.0,0.6741,1
18,30,11,0,50.0,0.4965,1
18,31,11,0,52.0,0.6355,1
18,32,11,0,69.0,0.6894,1
18,33,11,0,68.5,0.637,1
18,34,11,0,79.5,0.6894,1
18,35,12,0,77.0,0.7058,1
18,36,12,0,79.0,0.6818,1
18,37,12,0,81.0,0.6692,1
18,38,12,0,82.0,0.6641,1
18,39,12,0,80.0,0.6894,1
18,40,13,0,85.0,0.6731,1
18,41,13,0,92.0,0.6699,1
18,42,13,0,93.5,0.703,1
18,43,13,0,94.0,0.6709,1
18,44,13,0,87.5,0.688,1
18,45,14,0,44.0,0.3511,3
18,46,14,0,57.5,0.6584,1
18,47,14,0,62.5,0.4853,2
18,48,14,0,69.5,0.5306,1
18,49,14,0,83.5,0.5421,2
18,50,15,0,86.0,0.6651,1
18,51,15,0,91.5,0.5667,1
18,52,14,1,96.5,0.6841,1
18,53,13,2,75.5,0.674,1
18,54,13,2,84.5,0.688,1
18,55,14,2,82.5,0.6319,1
18,56,13,3,85.5,0.6987,1
18,57,12,4,88.5,0.7585,1
18,58,12,4,93.5,0.6768,1
18,59,11,5,78.5,0.7212,1
18,60,12,5,55.0,0.6338,1
18,61,10,7,56.0,0.6199,1
18,62,10,7,71.5,0.5593,2
18,63,10,7,65.0,0.5611,2
18,64,10,7,61.0,0.6556,2
18,65,11,7,78.5,0.5561,2
18,66,11,7,67.5,0.5909,2
18,67,11,7,79.5,0.5742,2
18,68,11,7,84.0,0.5909,2
18,69,10,8,86.0,0.5606,2
18,70,11,8,80.0,0.6394,2
18,71,11,8,73.0,0.597,2
18,72,11,8,79.0,0.6727,1
18,73,11,8,75.5,0.6,2
18,74,10,9,78.0,0.6455,2
18,75,10,9,61.5,0.5922,1
19,0,5,0,38.5,1.0,1
19,1,5,0,52.5,0.9,1
19,2,5,0,48.5,0.95,1
19,3,5,0,54.5,1.0,1
19,4,5,0,52.5,0.7333,1
19,5,6,0,50.0,0.6,2
19,6,6,0,55.5,0.7333,1
19,7,6,0,68.0,0.7444,1
19,8,6,0,63.0,0.8,1
19,9,6,0,56.0,0.9333,1
19,10,7,0,67.5,0.6429,2
19,11,7,0,57.5,0.6429,2
19,12,7,0,53.5,0.5952,2
19,13,7,0,62.5,0.5079,2
19,14,7,0,65.0,0.619,2
19,15,8,0,11.5,0.3929,2
19,16,8,0,25.0,0.381,3
19,17,8,0,33.5,0.3155,3
19,18,8,0,35.5,0.6071,2
19,19,8,0,67.5,0.6786,2
19,20,9,0,69.5,0.6875,1
19,21,9,0,52.5,0.6481,2
19,22,9,0,79.0,0.8333,1
19,23,9,0,84.0,0.7593,1
19,24,9,0,72.0,0.713,1
19,25,10,0,76.5,0.6074,2
19,26,10,0,76.5,0.6556,1
19,27,10,0,74.5,0.5593,2
19,28,10,0,84.0,0.7407,1
19,29,10,0,83.0,0.7704,1
19,30,11,0,45.5,0.5167,1
19,31,11,0,60.0,0.5318,2
19,32,11,0,72.5,0.5742,2
19,33,11,0,85.5,0.6591,1
19,34,11,0,82.0,0.6455,1
19,35,12,0,90.5,0.7273,1
19,36,12,0,91.0,0.7096,1
19,37,12,0,82.5,0.6427,1
19,38,12,0,87.0,0.7096,1
19,39,12,0,90.0,0.6944,1
19,40,13,0,88.0,0.6902,1
19,41,13,0,88.5,0.7286,1
19,42,13,0,96.0,0.7457,1
19,43,13,0,96.0,0.6624,1
19,44,13,0,93.0,0.7222,1
19,45,14,0,40.0,0.5264,1
19,46,14,0,63.0,0.4566,2
19,47,14,0,60.5,0.6227,2
19,48,14,0,83.0,0.5321,2
19,49,14,0,85.0,0.6575,1
19,50,15,0,82.5,0.6286,2
19,51,14,1,81.5,0.6579,1
19,52,14,1,88.5,0.6538,1
19,53,13,2,89.0,0.6786,1
19,54,13,2,79.0,0.6453,1
19,55,14,2,79.0,0.685,1
19,56,13,3,79.5,0.6722,1
19,57,13,3,80.0,0.6656,1
19,58,11,5,88.5,0.654,1
19,59,10,6,80.0,0.6227,1
19,60,10,7,73.0,0.6445,1
19,61,10,7,67.5,0.6907,1
19,62,10,7,77.5,0.6315,1
19,63,10,7,76.0,0.7037,1
19,64,9,8,76.5,0.7481,1
19,65,10,8,63.0,0.6,2
19,66,10,8,72.0,0.663,1
19,67,10,8,60.5,0.6481,1
19,68,10,8,75.5,0.6704,1
19,69,10,8,75.0,0.6889,1
19,70,11,8,87.0,0.7515,1
19,71,11,8,87.5,0.6788,1
19,72,10,9,85.5,0.7303,1
19,73,10,9,79.5,0.737,1
19,74,9,10,86.0,0.7074,1
19,75,9,10,80.5,0.7593,1
20,0,5,0,0.0,1.0,1
20,1,5,0,31.0,0.85,1
20,2,5,0,35.5,0.7333,1
20,3,5,0,47.5,0.7167,1
20,4,5,0,47.5,0.7167,1
20,5,6,0,62.0,0.5667,2
20,6,6,0,56.0,0.8667,1
20,7,6,0,57.5,0.8667,1
20,8,6,0,63.0,0.7444,1
20,9,6,0,62.5,0.7556,1
20,10,7,0,55.0,0.5556,2
20,11,7,0,62.0,0.8333,1
20,12,7,0,71.0,0.8095,1
20,13,7,0,69.0,0.8571,1
20,14,7,0,77.5,0.8333,1
20,15,8,0,5.0,0.5815,1
20,16,8,0,21.0,0.6381,1
20,17,8,0,22.0,0.6518,1
20,18,8,0,26.5,0.503,2
20,19,8,0,48.5,0.5268,2
20,20,9,0,64.0,0.7014,1
20,21,9,0,56.0,0.5579,2
20,22,9,0,68.0,0.5486,2
20,23,9,0,63.0,0.544,2
20,24,9,0,71.5,0.4352,3
20,25,10,0,76.5,0.5037,2
20,26,10,0,63.0,0.5952,1
20,27,10,0,69.5,0.6407,1
20,28,10,0,67.0,0.5333,2
20,29,10,0,75.5,0.7074,1
20,30,11,0,28.5,0.503,2
20,31,11,0,58.5,0.5706,1
20,32,10,1,70.5,0.61,1
20,33,10,1,77.5,0.7074,1
20,34,10,1,76.5,0.7259,1
20,35,11,1,91.5,0.6652,1
20,36,11,1,80.0,0.6224,1
20,37,11,1,82.0,0.6848,1
20,38,11,1,75.0,0.7848,1
20,39,11,1,77.5,0.6727,1
20,40,12,1,85.5,0.5884,2
20,41,12,1,86.0,0.7045,1
20,42,12,1,97.0,0.7929,1
20,43,12,1,82.0,0.7045,1
20,44,12,1,82.5,0.6944,1
20,45,13,1,41.0,0.5027,1
20,46,13,1,44.5,0.6132,1
20,47,13,1,69.5,0.578,2
20,48,13,1,87.5,0.665,1
20,49,13,1,86.0,0.6709,1
20,50,14,1,93.0,0.6685,1
20,51,14,1,89.5,0.6914,1
20,52,13,2,91.0,0.6639,1
20,53,12,3,84.5,0.6966,1
20,54,11,4,85.0,0.6187,1
20,55,11,5,83.5,0.6515,2
20,56,11,5,85.0,0.7242,1
20,57,11,5,87.5,0.7636,1
20,58,10,6,82.5,0.7152,1
20,59,10,6,79.5,0.6648,1
20,60,11,6,63.0,0.7727,1
20,61,11,6,62.5,0.5603,1
20,62,11,6,70.5,0.6,1
20,63,11,6,68.0,0.6248,1
20,64,10,7,79.5,0.6606,1
20,65,11,7,67.5,0.5697,2
20,66,11,7,70.5,0.6,2
20,67,11,7,74.5,0.613,1
20,68,10,8,69.0,0.7136,1
20,69,10,8,62.0,0.6637,1
20,70,11,8,70.5,0.6121,2
20,71,11,8,65.5,0.5939,2
20,72,11,8,78.0,0.6855,1
20,73,11,8,80.5,0.5682,2
20,74,11,8,79.0,0.6515,2
20,75,11,8,76.5,0.547,2
21,0,5,0,0.0,1.0,1
21,1,5,0,7.5,0.25,3
21,2,5,0,23.5,0.5,2
21,3,5,0,28.0,0.2,3
21,4,5,0,25.5,0.2,3
21,5,6,0,46.0,0.7444,1
21,6,6,0,58.5,0.6,2
21,7,6,0,71.0,0.6833,1
21,8,6,0,55.0,0.8667,1
21,9,6,0,70.0,0.7667,1
21,10,7,0,63.5,0.881,1
21,11,7,0,69.0,0.8254,1
21,12,7,0,63.0,0.7302,1
21,13,7,0,76.5,0.8095,1
21,14,7,0,71.5,0.8333,1
21,15,8,0,14.5,0.6845,1
21,16,8,0,28.5,0.2321,4
21,17,8,0,40.0,0.4226,3
21,18,8,0,63.0,0.5208,2
21,19,8,0,64.5,0.7679,1
21,20,9,0,72.5,0.6991,1
21,21,9,0,66.5,0.8056,1
21,22,9,0,74.5,0.6644,1
21,23,9,0,83.5,0.7222,1
21,24,9,0,77.5,0.787,1
21,25,10,0,77.0,0.7815,1
21,26,10,0,74.5,0.6556,1
21,27,10,0,76.5,0.7296,1
21,28,10,0,83.5,0.7444,1
21,29,10,0,86.5,0.7296,1
21,30,11,0,34.5,0.5742,2
21,31,11,0,56.5,0.5697,2
21,32,11,0,74.5,0.4303,3
21,33,10,1,82.0,0.4667,3
21,34,10,1,87.5,0.7444,1
21,35,11,1,78.0,0.5385,2
21,36,11,1,81.0,0.7788,1
21,37,11,1,81.5,0.7909,1
21,38,11,1,81.5,0.7545,1
21,39,11,1,88.5,0.703,1
21,40,12,1,75.0,0.6806,1
21,41,12,1,89.0,0.7753,1
21,42,12,1,87.0,0.6932,1
21,43,12,1,91.5,0.6806,1
21,44,12,1,83.0,0.7298,1
21,45,13,1,35.0,0.5139,2
21,46,13,1,66.5,0.6934,1
21,47,13,1,88.5,0.7415,1
21,48,13,1,82.5,0.6955,1
21,49,13,1,88.0,0.6902,1
21,50,14,1,86.5,0.6722,1
21,51,14,1,86.0,0.6593,1
21,52,14,1,85.0,0.6749,1
21,53,14,1,88.0,0.696,1
21,54,10,5,86.5,0.6694,1
21,55,10,6,79.0,0.7455,1
21,56,9,7,68.0,0.8056,1
21,57,8,8,72.5,0.8333,1
21,58,8,8,70.5,0.8214,1
21,59,8,8,69.0,0.6964,2
21,60,9,8,56.5,0.4259,2
21,61,9,8,79.5,0.7037,1
21,62,9,8,74.0,0.706,1
21,63,9,8,69.0,0.7593,1
21,64,9,8,70.5,0.7269,1
21,65,9,9,76.0,0.7778,1
21,66,9,9,74.5,0.7037,1
21,67,9,9,60.5,0.669,1
21,68,9,9,70.0,0.6389,1
21,69,9,9,67.5,0.7361,1
21,70,10,9,67.5,0.7741,1
21,71,10,9,75.0,0.7444,1
21,72,10,9,76.0,0.8444,1
21,73,10,9,73.5,0.8,1
21,74,9,10,78.5,0.7259,1
21,75,9,10,72.0,0.6852,1
22,0,5,0,47.5,1.0,1
22,1,5,0,46.5,0.7333,1
22,2,5,0,53.0,0.7333,1
22,3,5,0,46.0,0.95,1
22,4,5,0,59.5,0.9,1
22,5,6,0,44.0,0.6667,2
22,6,6,0,54.0,0.8667,1
22,7,6,0,57.0,0.7667,1
22,8,6,0,65.0,0.7667,1
22,9,6,0,49.5,0.7889,1
22,10,7,0,65.5,0.881,1
22,11,7,0,73.5,0.6508,1
22,12,7,0,66.0,0.7143,1
22,13,7,0,73.5,0.754,1
22,14,7,0,67.5,0.8175,1
22,15,8,0,0.5,0.5268,2
22,16,8,0,25.5,0.2649,3
22,17,8,0,29.5,0.3155,3
22,18,8,0,34.5,0.6667,1
22,19,8,0,50.0,0.6577,1
22,20,9,0,54.0,0.6574,1
22,21,9,0,54.5,0.75,1
22,22,9,0,64.5,0.7685,1
22,23,9,0,58.0,0.7222,1
22,24,9,0,67.0,0.8148,1
22,25,10,0,71.5,0.7407,1
22,26,10,0,73.5,0.7093,1
22,27,10,0,84.0,0.8,1
22,28,10,0,85.5,0.7593,1
22,29,10,0,80.5,0.7333,1
22,30,11,0,58.0,0.4818,2
22,31,11,0,60.5,0.48,2
22,32,11,0,81.0,0.5591,2
22,33,11,0,68.5,0.6424,1
22,34,11,0,88.5,0.6773,1
22,35,12,0,85.0,0.6717,1
22,36,12,0,83.0,0.7045,1
22,37,12,0,83.0,0.6364,1
22,38,12,0,88.0,0.7172,1
22,39,12,0,92.5,0.7374,1
22,40,13,0,89.5,0.6774,1
22,41,13,0,93.5,0.6944,1
22,42,13,0,94.5,0.6709,1
22,43,13,0,91.0,0.6517,1
22,44,13,0,92.5,0.7073,1
22,45,14,0,46.0,0.4222,3
22,46,14,0,58.5,0.5804,1
22,47,14,0,73.0,0.5984,1
22,48,14,0,80.0,0.6291,1
22,49,14,0,91.0,0.6667,1
22,50,15,0,93.5,0.6611,1
22,51,15,0,90.0,0.6333,1
22,52,14,1,93.5,0.6841,1
22,53,13,2,93.0,0.7766,1
22,54,13,2,97.0,0.7393,1
22,55,13,3,88.5,0.717,1
22,56,12,4,94.5,0.6432,1
22,57,12,4,84.5,0.6667,1
22,58,12,4,90.0,0.7045,1
22,59,11,5,88.0,0.6788,1
22,60,11,6,71.5,0.6515,1
22,61,10,7,70.0,0.697,1
22,62,10,7,66.0,0.687,1
22,63,10,7,63.5,0.6963,1
22,64,10,7,61.5,0.6833,1
22,65,11,7,73.5,0.653,1
22,66,11,7,78.0,0.6273,1
22,67,11,7,69.5,0.6879,1
22,68,11,7,76.0,0.6409,1
22,69,11,7,76.5,0.6924,1
22,70,11,8,69.0,0.5732,2
22,71,11,8,85.5,0.6242,2
22,72,11,8,84.5,0.5848,2
22,73,10,9,82.0,0.7061,1
22,74,10,9,67.0,0.6241,1
22,75,10,9,74.5,0.5848,1
23,0,5,0,6.5,1.0,2
23,1,5,0,48.0,0.85,1
23,2,5,0,53.5,0.5,2
23,3,5,0,59.0,0.5,2
23,4,5,0,52.5,0.9,1
23,5,6,0,66.0,0.7444,1
23,6,6,0,64.5,0.7889,1
23,7,6,0,64.0,0.8333,1
23,8,6,0,54.5,0.7444,1
23,9,6,0,60.5,0.7889,1
23,10,7,0,66.0,0.5714,2
23,11,7,0,75.5,0.8333,1
23,12,7,0,69.5,0.619,2
23,13,7,0,59.5,0.7222,1
23,14,7,0,68.0,0.8095,1
23,15,8,0,4.0,0.6101,1
23,16,8,0,16.5,0.3988,3
23,17,8,0,24.0,0.5714,2
23,18,8,0,51.0,0.625,1
23,19,8,0,50.0,0.6131,1
23,20,9,0,48.0,0.7546,1
23,21,9,0,65.0,0.5694,2
23,22,9,0,70.5,0.4755,2
23,23,9,0,71.0,0.7014,1
23,24,9,0,63.5,0.75,1
23,25,10,0,75.5,0.7519,1
23,26,10,0,75.0,0.7889,1
23,27,10,0,78.0,0.6704,1
23,28,10,0,88.0,0.8,1
23,29,10,0,81.0,0.6759,1
23,30,11,0,32.5,0.5891,1
23,31,11,0,62.0,0.5458,1
23,32,11,0,52.5,0.6667,1
23,33,11,0,83.5,0.5818,2
23,34,11,0,80.5,0.7061,1
23,35,12,0,69.0,0.6199,1
23,36,12,0,79.5,0.6919,1
23,37,12,0,81.5,0.7222,1
23,38,12,0,84.5,0.7273,1
23,39,12,0,82.0,0.6692,1
23,40,13,0,90.0,0.5449,2
23,41,13,0,92.5,0.7436,1
23,42,13,0,92.0,0.765,1
23,43,13,0,92.0,0.7372,1
23,44,13,0,97.5,0.7201,1
23,45,14,0,62.0,0.4291,2
23,46,14,0,64.0,0.2495,3
23,47,14,0,62.5,0.3148,2
23,48,14,0,68.5,0.4087,2
23,49,14,0,78.5,0.4923,2
23,50,14,1,90.0,0.6214,1
23,51,14,1,79.0,0.7051,1
23,52,14,1,82.0,0.706,1
23,53,14,1,82.0,0.6419,1
23,54,12,3,77.5,0.6667,1
23,55,13,3,85.0,0.6442,1
23,56,11,5,94.5,0.6923,1
23,57,11,5,84.0,0.7061,1
23,58,11,5,82.0,0.8091,1
23,59,11,5,82.0,0.7667,1
23,60,11,6,81.0,0.6109,1
23,61,10,7,69.5,0.6939,1
23,62,10,7,75.0,0.7296,1
23,63,10,7,73.5,0.7963,1
23,64,10,7,69.5,0.8111,1
23,65,11,7,74.0,0.7455,1
23,66,11,7,73.5,0.7485,1
23,67,10,8,76.5,0.7111,1
23,68,9,9,75.5,0.6519,1
23,69,9,9,64.0,0.75,1
23,70,10,9,84.0,0.7481,1
23,71,10,9,76.5,0.7333,1
23,72,10,9,74.0,0.6704,1
23,73,10,9,83.0,0.7204,1
23,74,10,9,85.0,0.7556,1
23,75,9,10,81.0,0.6185,1
24,0,5,0,0.0,1.0,2
24,1,5,0,37.0,0.35,2
24,2,5,0,51.5,0.4333,2
24,3,5,0,50.0,0.7333,1
24,4,5,0,35.5,0.7833,1
24,5,6,0,56.5,0.8333,1
24,6,6,0,62.0,0.8333,1
24,7,6,0,72.5,0.65,1
24,8,6,0,62.0,0.8333,1
24,9,6,0,59.5,0.7444,1
24,10,7,0,62.5,0.8333,1
24,11,7,0,67.0,0.9048,1
24,12,7,0,66.0,0.9048,1
24,13,7,0,70.5,0.7698,1
24,14,7,0,62.0,0.7698,1
24,15,8,0,0.5,0.6935,1
24,16,8,0,6.0,0.631,1
24,17,7,1,16.5,0.6087,1
24,18,7,1,35.5,0.5556,2
24,19,7,1,58.5,0.7222,1
24,20,8,1,60.0,0.7798,1
24,21,8,1,71.0,0.7143,1
24,22,8,1,80.5,0.75,1
24,23,8,1,73.0,0.6905,1
24,24,8,1,69.5,0.7143,1
24,25,9,1,66.5,0.7963,1
24,26,9,1,74.0,0.8009,1
24,27,9,1,78.5,0.7824,1
24,28,9,1,74.0,0.7454,1
24,29,9,1,69.5,0.8148,1
24,30,10,1,48.0,0.4056,3
24,31,10,1,72.0,0.5959,1
24,32,10,1,69.5,0.4222,2
24,33,10,1,77.5,0.737,1
24,34,10,1,78.5,0.7481,1
24,35,11,1,85.0,0.6879,1
24,36,11,1,84.0,0.7364,1
24,37,11,1,76.5,0.7273,1
24,38,11,1,85.0,0.7333,1
24,39,11,1,82.0,0.6894,1
24,40,12,1,89.0,0.697,1
24,41,12,1,82.5,0.7273,1
24,42,12,1,91.5,0.7197,1
24,43,12,1,83.0,0.7702,1
24,44,12,1,88.0,0.6364,1
24,45,13,1,45.0,0.3739,3
24,46,13,1,52.0,0.5173,2
24,47,13,1,73.5,0.5534,2
24,48,13,1,65.5,0.4989,2
24,49,13,1,77.5,0.6538,1
24,50,14,1,92.0,0.6493,1
24,51,12,3,93.5,0.6392,1
24,52,12,3,93.5,0.6389,1
24,53,10,5,78.0,0.6452,1
24,54,10,5,62.5,0.6407,1
24,55,11,5,85.0,0.7424,1
24,56,11,5,84.0,0.7061,1
24,57,11,5,81.5,0.7515,1
24,58,11,5,85.5,0.7697,1
24,59,9,7,81.5,0.7815,1
24,60,10,7,72.0,0.7,1
24,61,10,7,65.5,0.6796,1
24,62,10,7,66.0,0.6415,1
24,63,10,7,72.5,0.737,1
24,64,9,8,72.0,0.5952,1
24,65,10,8,76.5,0.7167,1
24,66,10,8,79.0,0.6963,1
24,67,10,8,77.5,0.6796,1
24,68,10,8,73.0,0.7222,1
24,69,10,8,84.0,0.7019,1
24,70,10,9,86.0,0.7212,1
24,71,10,9,69.5,0.7704,1
24,72,10,9,75.5,0.8037,1
24,73,10,9,78.5,0.8,1
24,74,10,9,77.5,0.8222,1
24,75,9,10,69.5,0.6056,1
25,0,5,0,0.0,1.0,2
25,1,5,0,28.0,0.85,1
25,2,5,0,45.0,0.6417,1
25,3,5,0,44.5,0.55,2
25,4,5,0,52.0,0.9,1
25,5,6,0,59.0,0.7111,1
25,6,6,0,48.5,0.5222,2
25,7,6,0,65.5,0.9,1
25,8,6,0,59.0,0.8333,1
25,9,6,0,63.0,0.8667,1
25,10,7,0,63.0,0.8492,1
25,11,7,0,69.5,0.8571,1
25,12,7,0,66.5,0.7778,1
25,13,7,0,73.5,0.7381,1
25,14,7,0,72.0,0.6905,1
25,15,8,0,0.0,0.5381,1
25,16,8,0,5.0,0.4286,2
25,17,8,0,12.5,0.5179,2
25,18,8,0,39.0,0.75,1
25,19,8,0,47.5,0.75,1
25,20,9,0,67.5,0.7824,1
25,21,9,0,72.5,0.7361,1
25,22,9,0,75.5,0.7917,1
25,23,9,0,84.0,0.662,1
25,24,9,0,80.0,0.8056,1
25,25,10,0,73.0,0.7889,1
25,26,10,0,65.5,0.7593,1
25,27,10,0,77.5,0.687,1
25,28,10,0,80.5,0.7815,1
25,29,10,0,77.0,0.6648,1
25,30,11,0,57.5,0.5061,2
25,31,11,0,75.5,0.7727,1
25,32,11,0,77.0,0.5679,1
25,33,10,1,84.5,0.6815,1
25,34,10,1,83.0,0.6889,1
25,35,11,1,81.5,0.7303,1
25,36,11,1,85.5,0.6848,1
25,37,11,1,90.0,0.697,1
25,38,11,1,83.5,0.7121,1
25,39,11,1,81.5,0.6,1
25,40,12,1,76.5,0.6919,1
25,41,12,1,85.0,0.6957,1
25,42,12,1,88.0,0.7247,1
25,43,12,1,84.5,0.6641,1
25,44,12,1,81.5,0.7273,1
25,45,13,1,50.0,0.4081,3
25,46,13,1,62.5,0.6041,1
25,47,13,1,82.0,0.6795,1
25,48,13,1,81.5,0.6848,1
25,49,13,1,89.5,0.5577,2
25,50,14,1,90.5,0.674,1
25,51,14,1,91.5,0.6987,1
25,52,14,1,91.0,0.7125,1
25,53,14,1,90.5,0.6905,1
25,54,11,4,91.5,0.7106,1
25,55,12,4,93.5,0.7854,1
25,56,11,5,94.0,0.702,1
25,57,11,5,72.5,0.6652,1
25,58,11,5,82.0,0.703,1
25,59,10,6,90.0,0.7212,1
25,60,10,7,77.0,0.5333,2
25,61,9,8,70.5,0.7056,1
25,62,9,8,73.0,0.7315,1
25,63,9,8,81.5,0.8148,1
25,64,9,8,75.0,0.875,1
25,65,9,9,82.0,0.6296,2
25,66,9,9,76.0,0.6389,2
25,67,9,9,82.0,0.625,2
25,68,9,9,77.0,0.6111,2
25,69,9,9,80.5,0.6898,1
25,70,10,9,65.5,0.5852,2
25,71,10,9,83.5,0.7481,1
25,72,10,9,78.5,0.7185,1
25,73,10,9,71.0,0.7889,1
25,74,10,9,84.5,0.7074,1
25,75,10,9,80.5,0.6796,1
26,0,5,0,0.0,1.0,2
26,1,5,0,39.0,0.3,3
26,2,5,0,54.5,0.7833,1
26,3,5,0,55.0,0.5,2
26,4,5,0,52.0,0.85,1
26,5,6,0,59.5,0.65,1
26,6,6,0,59.0,0.8667,1
26,7,6,0,71.0,0.8667,1
26,8,6,0,59.0,0.9,1
26,9,6,0,65.5,0.9,1
26,10,7,0,67.0,0.8492,1
26,11,7,0,65.0,0.8016,1
26,12,7,0,65.5,0.746,1
26,13,7,0,67.5,0.8333,1
26,14,7,0,67.5,0.7222,1
26,15,8,0,13.5,0.4702,2
26,16,8,0,43.0,0.4107,2
26,17,8,0,47.0,0.4583,2
26,18,8,0,59.0,0.7024,1
26,19,8,0,60.5,0.7738,1
26,20,9,0,68.0,0.6227,1
26,21,9,0,65.0,0.6875,1
26,22,9,0,82.0,0.7222,1
26,23,9,0,75.5,0.713,1
26,24,9,0,81.0,0.7731,1
26,25,10,0,83.0,0.7222,1
26,26,10,0,77.5,0.6741,1
26,27,10,0,79.5,0.7185,1
26,28,10,0,82.0,0.7259,1
26,29,10,0,80.5,0.7407,1
26,30,11,0,36.0,0.6339,1
26,31,11,0,61.0,0.6485,1
26,32,11,0,51.0,0.6152,2
26,33,11,0,79.5,0.5788,2
26,34,11,0,75.5,0.7091,1
26,35,12,0,79.0,0.5366,2
26,36,12,0,82.5,0.6237,1
26,37,12,0,87.5,0.6806,1
26,38,12,0,81.0,0.6692,1
26,39,12,0,78.5,0.7348,1
26,40,13,0,77.0,0.6944,1
26,41,13,0,93.0,0.7115,1
26,42,13,0,95.0,0.6688,1
26,43,13,0,87.0,0.6517,1
26,44,13,0,88.0,0.7169,1
26,45,14,0,37.5,0.4373,1
26,46,14,0,59.5,0.5275,1
26,47,14,0,72.5,0.4872,3
26,48,14,0,75.0,0.6099,1
26,49,14,0,76.5,0.5326,1
26,50,15,0,86.0,0.57,1
26,51,15,0,88.5,0.5857,2
26,52,13,2,92.5,0.6532,1
26,53,13,2,84.5,0.5983,2
26,54,11,4,82.0,0.6346,1
26,55,12,4,82.5,0.5871,1
26,56,12,4,85.0,0.6477,1
26,57,11,5,79.0,0.6118,1
26,58,11,5,78.5,0.7061,1
26,59,10,6,84.0,0.7121,1
26,60,11,6,67.0,0.5924,2
26,61,11,6,74.5,0.5788,2
26,62,11,6,81.5,0.6682,1
26,63,11,6,78.5,0.5467,1
26,64,11,6,76.5,0.477,2
26,65,12,6,93.0,0.6288,1
26,66,11,7,84.5,0.6515,1
26,67,11,7,80.0,0.6242,2
26,68,10,8,88.0,0.6636,1
26,69,10,8,73.0,0.637,2
26,70,11,8,75.5,0.6727,2
26,71,11,8,89.0,0.6939,1
26,72,11,8,81.5,0.6712,1
26,73,11,8,72.5,0.7182,1
26,74,11,8,92.5,0.7,1
26,75,10,9,77.0,0.6879,1
27,0,5,0,44.0,1.0,1
27,1,5,0,45.0,0.7833,1
27,2,5,0,53.0,0.9,1
27,3,5,0,56.0,1.0,1
27,4,5,0,49.0,0.9,1
27,5,6,0,45.5,0.6,2
27,6,6,0,65.5,0.8333,1
27,7,6,0,68.0,0.8333,1
27,8,6,0,66.0,0.9,1
27,9,6,0,65.5,0.9,1
27,10,7,0,71.0,0.7778,1
27,11,7,0,75.0,0.6825,1
27,12,7,0,73.0,0.8095,1
27,13,7,0,75.0,0.8571,1
27,14,7,0,70.5,0.7937,1
27,15,8,0,18.5,0.4048,3
27,16,8,0,37.5,0.4405,2
27,17,8,0,40.0,0.2321,4
27,18,8,0,42.5,0.5179,2
27,19,8,0,63.0,0.6845,1
27,20,9,0,59.5,0.6944,1
27,21,9,0,62.5,0.5509,2
27,22,9,0,71.0,0.6921,1
27,23,9,0,78.0,0.6944,1
27,24,9,0,60.0,0.6505,1
27,25,10,0,79.5,0.7259,1
27,26,10,0,77.5,0.6444,1
27,27,10,0,66.5,0.663,1
27,28,10,0,78.0,0.6852,1
27,29,10,0,76.0,0.8074,1
27,30,11,0,52.0,0.5379,2
27,31,11,0,64.5,0.5071,1
27,32,11,0,78.0,0.7152,1
27,33,11,0,83.0,0.7182,1
27,34,11,0,87.0,0.6879,1
27,35,12,0,92.0,0.6843,1
27,36,12,0,86.5,0.7222,1
27,37,12,0,83.5,0.6818,1
27,38,12,0,75.5,0.6043,1
27,39,12,0,89.0,0.7071,1
27,40,13,0,83.0,0.6645,1
27,41,13,0,93.5,0.6688,1
27,42,13,0,87.5,0.7457,1
27,43,13,0,85.0,0.6848,1
27,44,13,0,87.0,0.7083,1
27,45,14,0,29.5,0.5062,2
27,46,14,0,62.5,0.4551,3
27,47,14,0,66.5,0.6121,1
27,48,14,0,75.5,0.5533,1
27,49,14,0,75.5,0.6137,1
27,50,15,0,81.5,0.6556,1
27,51,15,0,75.5,0.6035,1
27,52,15,0,88.5,0.646,1
27,53,12,3,92.5,0.6777,1
27,54,11,4,83.0,0.7399,1
27,55,11,5,90.0,0.7045,1
27,56,10,6,81.0,0.7545,1
27,57,10,6,77.5,0.7407,1
27,58,9,7,88.5,0.7704,1
27,59,9,7,84.0,0.7407,1
27,60,10,7,75.0,0.6444,1
27,61,9,8,72.5,0.6111,1
27,62,9,8,79.5,0.6065,1
27,63,9,8,69.5,0.6991,1
27,64,9,8,70.0,0.7176,1
27,65,10,8,66.5,0.6852,1
27,66,10,8,66.5,0.6981,1
27,67,10,8,52.0,0.7056,1
27,68,10,8,71.0,0.6796,1
27,69,10,8,54.5,0.7,1
27,70,11,8,66.5,0.6409,1
27,71,11,8,78.5,0.7,1
27,72,11,8,74.5,0.6476,1
27,73,11,8,75.0,0.6,2
27,74,11,8,72.0,0.6879,1
27,75,10,9,71.0,0.7,1
28,0,5,0,19.5,1.0,2
28,1,5,0,48.5,0.4333,2
28,2,5,0,38.5,0.3,3
28,3,5,0,55.0,0.5,2
28,4,5,0,50.0,0.5,2
28,5,6,0,53.0,0.7889,1
28,6,6,0,73.0,0.8333,1
28,7,6,0,61.0,0.9333,1
28,8,6,0,61.5,0.8333,1
28,9,6,0,67.5,0.8222,1
28,10,7,0,68.5,0.8571,1
28,11,7,0,64.0,0.8571,1
28,12,7,0,71.5,0.7698,1
28,13,7,0,80.0,0.8571,1
28,14,7,0,71.5,0.881,1
28,15,8,0,4.0,0.2857,3
28,16,8,0,15.0,0.2857,4
28,17,8,0,35.0,0.4643,3
28,18,8,0,46.5,0.7321,1
28,19,8,0,56.5,0.7321,1
28,20,9,0,59.5,0.7546,1
28,21,9,0,67.0,0.7037,1
28,22,9,0,70.5,0.5417,2
28,23,9,0,78.0,0.7315,1
28,24,8,1,63.5,0.8929,1
28,25,9,1,66.0,0.6389,2
28,26,9,1,60.0,0.6019,2
28,27,9,1,68.0,0.6204,2
28,28,9,1,73.0,0.6713,1
28,29,9,1,64.0,0.4676,2
28,30,10,1,23.5,0.6852,1
28,31,10,1,68.0,0.5763,1
28,32,10,1,60.5,0.6333,2
28,33,10,1,80.5,0.5889,2
28,34,10,1,84.0,0.8037,1
28,35,11,1,76.5,0.7303,1
28,36,11,1,81.5,0.7303,1
28,37,11,1,90.0,0.7182,1
28,38,11,1,87.0,0.7424,1
28,39,11,1,84.5,0.6788,1
28,40,12,1,92.5,0.5985,2
28,41,12,1,87.5,0.7298,1
28,42,12,1,87.0,0.7222,1
28,43,12,1,83.5,0.7576,1
28,44,12,1,87.0,0.6768,1
28,45,13,1,41.5,0.3868,2
28,46,13,1,56.5,0.5085,2
28,47,13,1,68.5,0.61,1
28,48,13,1,81.5,0.6453,1
28,49,13,1,90.5,0.6549,1
28,50,14,1,92.0,0.652,1
28,51,14,1,90.5,0.7125,1
28,52,14,1,91.5,0.7271,1
28,53,13,2,92.5,0.6703,1
28,54,12,3,83.5,0.7094,1
28,55,13,3,83.0,0.5876,2
28,56,10,6,75.0,0.5563,1
28,57,10,6,67.5,0.5611,2
28,58,10,6,77.5,0.7259,1
28,59,10,6,71.0,0.6,2
28,60,11,6,69.0,0.6273,1
28,61,11,6,77.5,0.6545,1
28,62,11,6,72.5,0.6788,1
28,63,11,6,84.5,0.6227,1
28,64,10,7,80.0,0.6242,1
28,65,11,7,81.0,0.6924,1
28,66,11,7,85.5,0.6606,1
28,67,11,7,82.0,0.5727,2
28,68,10,8,81.0,0.613,1
28,69,10,8,77.5,0.5981,1
28,70,11,8,86.5,0.697,1
28,71,9,10,82.5,0.7136,1
28,72,9,10,73.0,0.7338,1
28,73,9,10,70.5,0.7384,1
28,74,9,10,85.5,0.75,1
28,75,8,11,73.5,0.8214,1
29,0,5,0,21.0,1.0,2
29,1,5,0,42.0,0.3,3
29,2,5,0,48.5,0.95,1
29,3,5,0,61.0,0.85,1
29,4,5,0,53.0,0.95,1
29,5,6,0,67.0,0.5667,2
29,6,6,0,59.0,0.8667,1
29,7,6,0,65.5,0.65,1
29,8,6,0,59.5,0.9,1
29,9,6,0,74.0,0.6778,1
29,10,7,0,68.0,0.6508,1
29,11,7,0,58.5,0.7698,1
29,12,7,0,56.0,0.746,1
29,13,7,0,69.0,0.8571,1
29,14,7,0,75.0,0.7857,1
29,15,8,0,17.5,0.5923,1
29,16,8,0,32.0,0.4821,3
29,17,8,0,42.0,0.5833,2
29,18,8,0,51.5,0.5548,1
29,19,8,0,53.0,0.619,1
29,20,9,0,68.5,0.4213,3
29,21,9,0,57.5,0.6806,2
29,22,9,0,66.5,0.7014,1
29,23,9,0,79.5,0.7546,1
29,24,9,0,78.0,0.7639,1
29,25,10,0,78.5,0.6704,1
29,26,10,0,78.5,0.6556,1
29,27,10,0,79.0,0.6963,1
29,28,10,0,77.0,0.7,1
29,29,10,0,77.0,0.6926,1
29,30,11,0,57.5,0.4091,3
29,31,11,0,61.0,0.5773,2
29,32,11,0,70.5,0.5939,2
29,33,11,0,75.5,0.6409,1
29,34,11,0,82.5,0.6879,1
29,35,12,0,84.5,0.673,1
29,36,11,1,91.0,0.703,1
29,37,11,1,87.0,0.7182,1
29,38,11,1,87.0,0.7182,1
29,39,11,1,81.0,0.7091,1
29,40,12,1,92.0,0.7197,1
29,41,12,1,82.0,0.6907,1
29,42,12,1,92.0,0.7197,1
29,43,12,1,95.0,0.7626,1
29,44,12,1,90.5,0.7475,1
29,45,13,1,22.0,0.5521,1
29,46,13,1,51.5,0.4594,2
29,47,13,1,75.0,0.5784,1
29,48,13,1,74.5,0.6912,1
29,49,13,1,84.0,0.6442,1
29,50,14,1,83.5,0.5476,2
29,51,14,1,93.5,0.663,1
29,52,14,1,87.0,0.7198,1
29,53,13,2,86.0,0.6996,1
29,54,11,4,94.0,0.7062,1
29,55,10,6,92.0,0.75,1
29,56,10,6,66.0,0.737,1
29,57,10,6,78.5,0.737,1
29,58,9,7,77.5,0.7407,1
29,59,9,7,71.0,0.7685,1
29,60,10,7,69.5,0.7222,1
29,61,10,7,67.5,0.7148,1
29,62,10,7,63.0,0.6741,1
29,63,9,8,74.0,0.6759,1
29,64,9,8,67.5,0.713,1
29,65,10,8,80.0,0.5741,2
29,66,10,8,86.0,0.6704,1
29,67,9,9,80.0,0.6667,1
29,68,9,9,72.5,0.6528,1
29,69,9,9,72.5,0.5833,2
29,70,10,9,68.0,0.7852,1
29,71,10,9,84.0,0.8,1
29,72,10,9,69.0,0.6519,2
29,73,10,9,83.0,0.7259,1
29,74,9,10,82.5,0.7593,1
29,75,9,10,71.5,0.669,1
30,0,5,0,7.5,1.0,1
30,1,5,0,47.5,0.5,2
30,2,5,0,42.0,0.6,2
30,3,5,0,53.0,0.5,2
30,4,5,0,50.5,0.7167,1
30,5,6,0,61.5,0.8333,1
30,6,6,0,56.5,0.7,1
30,7,6,0,58.5,0.7889,1
30,8,6,0,52.0,0.9667,1
30,9,6,0,63.5,0.9,1
30,10,7,0,63.5,0.2857,3
30,11,7,0,70.5,0.6825,1
30,12,7,0,70.5,0.7619,1
30,13,7,0,69.0,0.8095,1
30,14,7,0,67.0,0.8333,1
30,15,8,0,4.0,0.6095,1
30,16,8,0,6.5,0.4464,3
30,17,8,0,33.0,0.3929,2
30,18,8,0,42.5,0.581,1
30,19,8,0,52.5,0.5893,2
30,20,9,0,49.0,0.7014,1
30,21,9,0,62.5,0.6435,1
30,22,9,0,51.0,0.7685,1
30,23,9,0,68.5,0.7083,1
30,24,9,0,68.0,0.7361,1
30,25,10,0,79.5,0.6037,2
30,26,10,0,68.0,0.6481,2
30,27,10,0,70.5,0.6889,1
30,28,10,0,83.5,0.6556,1
30,29,10,0,78.5,0.7519,1
30,30,11,0,51.0,0.5755,1
30,31,11,0,56.0,0.6061,2
30,32,11,0,73.0,0.5273,2
30,33,11,0,78.0,0.4636,3
30,34,11,0,89.5,0.503,2
30,35,12,0,76.5,0.673,1
30,36,12,0,87.5,0.7475,1
30,37,12,0,86.5,0.6806,1
30,38,12,0,89.0,0.7626,1
30,39,12,0,79.5,0.6944,1
30,40,13,0,94.0,0.6923,1
30,41,13,0,93.0,0.7009,1
30,42,13,0,87.5,0.6795,1
30,43,13,0,83.0,0.7885,1
30,44,13,0,90.0,0.7094,1
30,45,14,0,52.0,0.5643,1
30,46,14,0,65.5,0.6005,1
30,47,14,0,90.0,0.5289,1
30,48,14,0,90.5,0.6007,1
30,49,14,0,79.5,0.6474,1
30,50,15,0,89.0,0.654,1
30,51,15,0,82.5,0.6563,1
30,52,14,1,89.0,0.6444,1
30,53,13,2,93.5,0.6511,1
30,54,13,2,93.0,0.719,1
30,55,13,3,93.5,0.6978,1
30,56,12,4,89.5,0.6346,1
30,57,12,4,87.0,0.6427,1
30,58,12,4,85.0,0.6818,1
30,59,11,5,88.5,0.6856,1
30,60,11,6,75.0,0.5662,1
30,61,11,6,61.5,0.6545,1
30,62,10,7,72.0,0.6515,1
30,63,10,7,75.5,0.6852,1
30,64,10,7,82.0,0.6815,1
30,65,11,7,80.0,0.7121,1
30,66,11,7,79.5,0.6879,1
30,67,11,7,75.0,0.7697,1
30,68,11,7,75.5,0.703,1
30,69,11,7,90.5,0.7015,1
30,70,11,8,85.5,0.7109,1
30,71,11,8,71.5,0.7015,1
30,72,11,8,73.5,0.7197,1
30,73,11,8,93.0,0.6355,1
30,74,11,8,83.5,0.6576,2
30,75,11,8,79.5,0.6394,1
31,0,5,0,42.0,1.0,1
31,1,5,0,54.0,0.4333,2
31,2,5,0,42.5,0.85,1
31,3,5,0,61.0,0.6417,1
31,4,5,0,55.5,0.85,1
31,5,6,0,63.0,0.8333,1
31,6,6,0,61.0,0.8333,1
31,7,6,0,61.0,0.8667,1
31,8,6,0,64.5,0.8333,1
31,9,6,0,74.0,0.8,1
31,10,7,0,64.5,0.8492,1
31,11,7,0,63.0,0.7698,1
31,12,7,0,64.5,0.881,1
31,13,7,0,65.5,0.881,1
31,14,7,0,67.5,0.8333,1
31,15,8,0,3.0,0.1607,4
31,16,8,0,32.0,0.2143,4
31,17,7,1,39.5,0.6071,1
31,18,7,1,37.5,0.3095,3
31,19,7,1,49.5,0.6087,1
31,20,8,1,49.5,0.4345,2
31,21,8,1,54.5,0.6845,1
31,22,8,1,67.5,0.625,1
31,23,8,1,63.5,0.8333,1
31,24,8,1,66.5,0.6012,2
31,25,9,1,69.0,0.7454,1
31,26,9,1,77.0,0.6991,1
31,27,9,1,77.0,0.7269,1
31,28,9,1,68.0,0.6574,1
31,29,9,1,66.0,0.6991,1
31,30,10,1,46.0,0.5311,1
31,31,10,1,74.5,0.6556,1
31,32,10,1,57.0,0.7667,1
31,33,10,1,74.5,0.5593,2
31,34,10,1,81.0,0.6222,2
31,35,11,1,80.0,0.5955,1
31,36,11,1,91.0,0.6439,1
31,37,11,1,83.5,0.7333,1
31,38,11,1,91.5,0.7121,1
31,39,11,1,86.5,0.6818,1
31,40,12,1,88.5,0.697,1
31,41,12,1,82.5,0.7677,1
31,42,12,1,86.5,0.7247,1
31,43,12,1,82.0,0.7247,1
31,44,12,1,78.5,0.649,1
31,45,13,1,50.5,0.3761,2
31,46,13,1,44.5,0.5126,2
31,47,13,1,56.5,0.606,1
31,48,13,1,64.0,0.5981,1
31,49,13,1,73.5,0.6122,1
31,50,14,1,87.5,0.5971,2
31,51,13,2,81.5,0.6529,1
31,52,13,2,94.5,0.6944,1
31,53,10,5,89.5,0.7585,1
31,54,10,5,79.5,0.7333,1
31,55,11,5,81.5,0.6788,1
31,56,11,5,72.0,0.7152,1
31,57,11,5,78.5,0.7939,1
31,58,10,6,73.5,0.7,1
31,59,10,6,71.5,0.663,1
31,60,11,6,72.5,0.5885,1
31,61,11,6,73.5,0.6727,1
31,62,11,6,67.5,0.7303,1
31,63,11,6,69.5,0.7303,1
31,64,11,6,66.5,0.7364,1
31,65,12,6,80.5,0.7235,1
31,66,12,6,80.5,0.6465,1
31,67,12,6,82.0,0.6616,1
31,68,10,8,78.5,0.7288,1
31,69,10,8,73.0,0.7519,1
31,70,11,8,81.5,0.5773,2
31,71,11,8,81.0,0.6758,1
31,72,11,8,85.0,0.6606,2
31,73,11,8,83.0,0.553,2
31,74,10,9,94.0,0.5909,2
31,75,10,9,75.5,0.6389,1
32,0,5,0,27.0,1.0,2
32,1,5,0,54.5,0.7333,1
32,2,5,0,58.5,0.55,2
32,3,5,0,55.0,0.7167,1
32,4,5,0,62.5,0.9,1
32,5,6,0,62.0,0.5667,2
32,6,6,0,58.5,0.8333,1
32,7,6,0,55.5,0.7444,1
32,8,6,0,57.5,0.9333,1
32,9,6,0,58.5,0.9333,1
32,10,7,0,77.5,0.8095,1
32,11,7,0,64.5,0.8333,1
32,12,7,0,69.5,0.8333,1
32,13,7,0,70.5,0.8095,1
32,14,7,0,71.0,0.8333,1
32,15,8,0,4.0,0.6845,1
32,16,8,0,13.5,0.3482,3
32,17,8,0,38.0,0.4286,3
32,18,8,0,34.0,0.5875,1
32,19,8,0,57.0,0.4643,2
32,20,9,0,61.0,0.6713,1
32,21,9,0,62.5,0.7083,1
32,22,9,0,69.5,0.6065,2
32,23,9,0,72.5,0.7269,1
32,24,9,0,61.0,0.588,2
32,25,10,0,77.0,0.7296,1
32,26,10,0,69.5,0.8037,1
32,27,10,0,66.5,0.6759,1
32,28,10,0,84.5,0.7519,1
32,29,10,0,88.0,0.7296,1
32,30,11,0,26.0,0.5818,2
32,31,11,0,59.0,0.3906,3
32,32,11,0,58.5,0.5455,2
32,33,11,0,73.0,0.5848,2
32,34,11,0,79.5,0.5939,2
32,35,12,0,77.0,0.7096,1
32,36,12,0,73.5,0.6894,1
32,37,12,0,89.0,0.6654,1
32,38,12,0,77.5,0.6667,1
32,39,12,0,85.5,0.7652,1
32,40,13,0,79.0,0.6795,1
32,41,13,0,90.0,0.64,1
32,42,13,0,81.0,0.6838,1
32,43,13,0,85.5,0.6859,1
32,44,13,0,95.5,0.6453,1
32,45,14,0,41.5,0.5645,1
32,46,14,0,64.5,0.543,2
32,47,13,1,82.0,0.4573,3
32,48,13,1,81.0,0.5235,3
32,49,13,1,82.5,0.547,2
32,50,14,1,91.5,0.652,1
32,51,14,1,85.5,0.609,1
32,52,13,2,87.5,0.7216,1
32,53,13,2,86.5,0.7415,1
32,54,12,3,91.5,0.7727,1
32,55,13,3,94.5,0.6816,1
32,56,13,3,86.0,0.6774,1
32,57,10,6,93.0,0.7158,1
32,58,10,6,82.0,0.6667,1
32,59,10,6,82.0,0.6963,1
32,60,11,6,69.0,0.6061,1
32,61,10,7,50.0,0.7045,1
32,62,10,7,63.5,0.6944,1
32,63,10,7,86.0,0.7519,1
32,64,10,7,80.5,0.7407,1
32,65,11,7,80.0,0.7333,1
32,66,11,7,84.0,0.6803,1
32,67,11,7,73.0,0.7,1
32,68,10,8,82.5,0.6121,2
32,69,10,8,73.0,0.7185,1
32,70,11,8,84.0,0.7394,1
32,71,11,8,85.5,0.7303,1
32,72,11,8,90.0,0.6939,1
32,73,11,8,89.0,0.7136,1
32,74,11,8,94.5,0.7727,1
32,75,10,9,76.5,0.7333,1
33,0,5,0,44.5,1.0,1
33,1,5,0,54.0,0.85,1
33,2,5,0,58.0,0.85,1
33,3,5,0,61.0,0.6417,1
33,4,5,0,40.5,0.85,1
33,5,6,0,53.0,0.6333,1
33,6,6,0,60.5,0.9,1
33,7,6,0,70.5,0.8,1
33,8,6,0,59.0,0.8667,1
33,9,6,0,58.5,0.7889,1
33,10,7,0,59.0,0.8571,1
33,11,7,0,76.5,0.8333,1
33,12,7,0,58.0,0.881,1
33,13,7,0,69.0,0.8095,1
33,14,7,0,76.5,0.8571,1
33,15,8,0,3.0,0.4345,2
33,16,8,0,33.0,0.2917,3
33,17,8,0,28.5,0.503,2
33,18,7,1,35.0,0.4762,2
33,19,7,1,55.0,0.619,2
33,20,8,1,57.5,0.3988,3
33,21,8,1,47.5,0.5476,2
33,22,8,1,67.5,0.5875,1
33,23,8,1,67.5,0.6012,2
33,24,8,1,68.0,0.8155,1
33,25,9,1,72.5,0.4074,2
33,26,9,1,73.0,0.588,2
33,27,9,1,71.5,0.4028,3
33,28,9,1,60.0,0.4208,2
33,29,9,1,65.5,0.3889,3
33,30,10,1,50.5,0.6044,1
33,31,10,1,63.0,0.5037,2
33,32,10,1,68.0,0.7148,1
33,33,10,1,73.5,0.7963,1
33,34,10,1,79.0,0.7741,1
33,35,11,1,83.5,0.6939,1
33,36,11,1,87.0,0.653,1
33,37,11,1,81.0,0.7394,1
33,38,11,1,79.0,0.6818,1
33,39,11,1,79.0,0.6124,1
33,40,12,1,94.5,0.6515,1
33,41,12,1,89.0,0.7096,1
33,42,12,1,88.5,0.6995,1
33,43,12,1,86.5,0.6313,2
33,44,12,1,82.0,0.6389,1
33,45,13,1,43.0,0.5566,1
33,46,13,1,39.5,0.4541,3
33,47,13,1,58.0,0.4893,2
33,48,13,1,82.5,0.4487,3
33,49,13,1,83.5,0.6026,1
33,50,14,1,81.5,0.6194,1
33,51,14,1,93.0,0.6731,1
33,52,14,1,88.5,0.7143,1
33,53,11,4,93.5,0.6777,1
33,54,11,4,83.5,0.7288,1
33,55,11,5,87.5,0.6806,1
33,56,11,5,88.5,0.7545,1
33,57,10,6,69.5,0.703,1
33,58,10,6,79.0,0.7111,1
33,59,10,6,85.0,0.7593,1
33,60,11,6,53.0,0.6485,1
33,61,10,7,71.5,0.5909,1
33,62,10,7,78.0,0.7148,1
33,63,10,7,83.5,0.6111,1
33,64,10,7,73.5,0.737,1
33,65,11,7,78.5,0.6773,1
33,66,11,7,78.5,0.6303,1
33,67,10,8,73.5,0.6182,2
33,68,10,8,70.5,0.5852,2
33,69,10,8,63.5,0.7204,1
33,70,11,8,82.5,0.7212,1
33,71,11,8,78.5,0.6758,1
33,72,11,8,82.0,0.7636,1
33,73,11,8,81.5,0.7242,1
33,74,11,8,83.0,0.7455,1
33,75,10,9,73.5,0.6848,1
34,0,5,0,17.0,1.0,2
34,1,5,0,27.0,0.25,3
34,2,5,0,32.0,0.5,2
34,3,5,0,49.0,0.7333,1
34,4,5,0,51.5,0.55,2
34,5,6,0,71.5,0.8,1
34,6,6,0,67.0,0.7667,1
34,7,6,0,69.0,0.6333,1
34,8,6,0,53.5,0.8333,1
34,9,6,0,70.5,0.7667,1
34,10,7,0,69.5,0.5952,2
34,11,7,0,62.0,0.5238,2
34,12,7,0,68.5,0.8333,1
34,13,7,0,71.0,0.8095,1
34,14,7,0,72.0,0.7063,1
34,15,8,0,3.5,0.75,1
34,16,8,0,36.0,0.6292,1
34,17,8,0,27.0,0.4464,3
34,18,8,0,43.0,0.3214,3
34,19,8,0,56.0,0.4464,3
34,20,9,0,62.5,0.4444,2
34,21,9,0,68.5,0.5347,2
34,22,9,0,74.0,0.6852,1
34,23,9,0,72.5,0.6736,1
34,24,9,0,71.0,0.75,1
34,25,10,0,85.5,0.7704,1
34,26,10,0,73.0,0.6333,2
34,27,10,0,75.0,0.7407,1
34,28,10,0,80.5,0.6185,1
34,29,10,0,73.5,0.6352,1
34,30,11,0,41.0,0.653,1
34,31,11,0,53.5,0.7197,1
34,32,11,0,62.0,0.5952,1
34,33,11,0,58.5,0.4876,2
34,34,11,0,81.5,0.4273,3
34,35,12,0,71.5,0.6717,2
34,36,12,0,94.0,0.7121,1
34,37,12,0,84.0,0.7576,1
34,38,12,0,87.5,0.7146,1
34,39,12,0,94.0,0.6944,1
34,40,13,0,95.5,0.6624,1
34,41,13,0,90.0,0.6987,1
34,42,13,0,96.5,0.6688,1
34,43,13,0,86.5,0.6966,1
34,44,13,0,88.0,0.6987,1
34,45,14,0,35.5,0.3562,2
34,46,14,0,52.0,0.5073,3
34,47,14,0,76.0,0.6392,1
34,48,14,0,89.0,0.6712,1
34,49,14,0,91.0,0.6868,1
34,50,15,0,83.0,0.6111,1
34,51,14,1,95.0,0.6254,1
34,52,14,1,92.0,0.674,1
34,53,13,2,95.0,0.6383,1
34,54,12,3,86.5,0.7265,1
34,55,11,5,80.0,0.7457,1
34,56,11,5,76.5,0.6758,1
34,57,11,5,80.0,0.7318,1
34,58,11,5,85.5,0.6879,1
34,59,11,5,77.5,0.6561,1
34,60,11,6,59.5,0.6528,1
34,61,11,6,64.5,0.6273,1
34,62,11,6,61.0,0.6727,1
34,63,11,6,79.5,0.6848,1
34,64,11,6,70.5,0.59,1
34,65,11,7,75.0,0.4722,2
34,66,11,7,68.5,0.4773,2
34,67,10,8,73.0,0.6061,1
34,68,10,8,68.0,0.6889,1
34,69,10,8,84.5,0.7704,1
34,70,11,8,66.0,0.8121,1
34,71,11,8,85.5,0.7394,1
34,72,11,8,91.0,0.697,1
34,73,11,8,90.0,0.7303,1
34,74,10,9,83.0,0.7273,1
34,75,10,9,80.5,0.6796,1
35,0,5,0,7.5,1.0,2
35,1,5,0,38.5,0.7833,1
35,2,5,0,49.0,0.85,1
35,3,5,0,56.0,0.95,1
35,4,5,0,55.5,0.95,1
35,5,6,0,67.5,0.8667,1
35,6,6,0,62.0,0.7222,1
35,7,6,0,55.5,0.7889,1
35,8,6,0,53.0,0.8222,1
35,9,6,0,58.0,0.9333,1
35,10,7,0,66.5,0.8095,1
35,11,7,0,70.0,0.754,1
35,12,7,0,58.0,0.8571,1
35,13,7,0,71.0,0.8016,1
35,14,7,0,65.5,0.8333,1
35,15,8,0,16.5,0.5357,2
35,16,8,0,27.0,0.2619,3
35,17,8,0,32.0,0.6726,1
35,18,8,0,51.5,0.6488,1
35,19,8,0,55.5,0.8214,1
35,20,9,0,68.0,0.6019,2
35,21,9,0,68.5,0.75,1
35,22,9,0,72.0,0.7639,1
35,23,9,0,68.5,0.8333,1
35,24,9,0,73.5,0.7731,1
35,25,10,0,72.0,0.5667,2
35,26,10,0,71.0,0.7148,1
35,27,10,0,77.0,0.7852,1
35,28,10,0,84.5,0.8333,1
35,29,10,0,77.0,0.7963,1
35,30,11,0,46.0,0.6303,1
35,31,11,0,64.0,0.6364,1
35,32,11,0,70.5,0.6773,1
35,33,11,0,88.0,0.7333,1
35,34,11,0,81.5,0.7,1
35,35,12,0,89.0,0.7197,1
35,36,12,0,90.0,0.7323,1
35,37,12,0,85.5,0.7045,1
35,38,12,0,90.5,0.7273,1
35,39,12,0,93.0,0.7222,1
35,40,13,0,87.0,0.7222,1
35,41,13,0,89.0,0.7083,1
35,42,13,0,85.5,0.7265,1
35,43,13,0,82.5,0.7393,1
35,44,13,0,89.0,0.7094,1
35,45,14,0,46.0,0.4364,2
35,46,14,0,57.5,0.4344,3
35,47,14,0,69.0,0.5879,1
35,48,14,0,77.5,0.6484,1
35,49,14,0,88.5,0.6941,1
35,50,15,0,92.0,0.6405,1
35,51,13,2,93.0,0.6619,1
35,52,13,2,85.0,0.7265,1
35,53,12,3,80.5,0.6774,1
35,54,11,4,76.0,0.7121,1
35,55,12,4,79.5,0.5707,2
35,56,11,5,80.5,0.5245,2
35,57,11,5,80.0,0.6318,1
35,58,10,6,74.0,0.6279,1
35,59,10,6,73.0,0.5207,1
35,60,11,6,74.5,0.6455,1
35,61,11,6,63.5,0.7212,1
35,62,10,7,79.0,0.6712,1
35,63,10,7,79.0,0.7111,1
35,64,10,7,68.0,0.7056,1
35,65,11,7,84.5,0.6727,1
35,66,11,7,81.5,0.703,1
35,67,11,7,78.0,0.7167,1
35,68,11,7,85.5,0.6515,2
35,69,11,7,78.5,0.5788,2
35,70,11,8,86.0,0.6793,1
35,71,11,8,90.5,0.6561,1
35,72,11,8,79.5,0.6318,1
35,73,11,8,76.5,0.7182,1
35,74,11,8,86.5,0.6621,1
35,75,11,8,71.0,0.5724,1
36,0,5,0,0.5,1.0,1
36,1,5,0,32.0,0.5,2
36,2,5,0,48.0,0.4,2
36,3,5,0,57.0,0.6,2
36,4,5,0,51.5,0.5,2
36,5,6,0,60.5,0.5667,2
36,6,6,0,65.0,0.7556,1
36,7,6,0,71.5,0.7889,1
36,8,6,0,63.5,0.6,2
36,9,6,0,70.0,0.7667,1
36,10,7,0,67.5,0.7778,1
36,11,7,0,67.5,0.7619,1
36,12,7,0,72.0,0.7381,1
36,13,7,0,58.5,0.881,1
36,14,7,0,71.5,0.8095,1
36,15,8,0,3.5,0.6548,1
36,16,8,0,7.5,0.2321,3
36,17,8,0,28.5,0.4167,2
36,18,8,0,25.5,0.6042,1
36,19,8,0,45.5,0.6577,1
36,20,9,0,47.0,0.6944,1
36,21,9,0,53.0,0.4884,2
36,22,9,0,64.5,0.5875,1
36,23,9,0,59.5,0.5458,1
36,24,9,0,71.0,0.7199,1
36,25,10,0,79.0,0.6704,1
36,26,10,0,74.5,0.61,1
36,27,10,0,84.5,0.6796,1
36,28,10,0,75.5,0.7333,1
36,29,10,0,73.0,0.7148,1
36,30,11,0,29.5,0.5121,2
36,31,11,0,56.0,0.5348,2
36,32,11,0,66.0,0.5864,2
36,33,11,0,64.5,0.6536,1
36,34,11,0,78.0,0.7182,1
36,35,12,0,79.5,0.7109,1
36,36,12,0,86.0,0.7525,1
36,37,12,0,83.5,0.7677,1
36,38,12,0,92.5,0.7096,1
36,39,12,0,85.5,0.697,1
36,40,13,0,93.5,0.735,1
36,41,13,0,94.0,0.6902,1
36,42,13,0,92.5,0.7179,1
36,43,13,0,88.5,0.6752,1
36,44,13,0,92.0,0.7051,1
36,45,14,0,35.5,0.3864,2
36,46,14,0,65.0,0.5005,2
36,47,14,0,72.0,0.5527,1
36,48,14,0,91.0,0.5824,2
36,49,14,0,87.5,0.5778,2
36,50,15,0,77.5,0.623,1
36,51,14,1,86.5,0.6905,1
36,52,14,1,84.5,0.7198,1
36,53,13,2,99.5,0.7088,1
36,54,13,2,93.0,0.7158,1
36,55,11,5,95.5,0.5888,2
36,56,11,5,78.5,0.7424,1
36,57,11,5,88.5,0.7788,1
36,58,11,5,82.5,0.6803,1
36,59,10,6,86.5,0.7242,1
36,60,11,6,64.0,0.6058,1
36,61,11,6,81.0,0.6848,1
36,62,10,7,80.5,0.703,1
36,63,10,7,79.0,0.663,2
36,64,10,7,71.5,0.7556,1
36,65,11,7,89.0,0.6121,2
36,66,11,7,75.5,0.6485,1
36,67,11,7,85.0,0.7424,1
36,68,11,7,78.5,0.7303,1
36,69,11,7,81.0,0.7061,1
36,70,12,7,81.0,0.7626,1
36,71,12,7,83.5,0.654,1
36,72,11,8,89.5,0.7273,1
36,73,11,8,84.0,0.6788,1
36,74,11,8,77.5,0.7455,1
36,75,11,8,81.0,0.7273,1
37,0,5,0,0.0,1.0,2
37,1,5,0,29.5,0.5,2
37,2,5,0,52.0,0.55,2
37,3,5,0,52.0,0.4333,2
37,4,5,0,59.0,0.7333,1
37,5,6,0,59.5,0.8,1
37,6,6,0,57.0,0.8667,1
37,7,6,0,65.0,0.8667,1
37,8,6,0,64.5,0.8667,1
37,9,6,0,63.5,0.8667,1
37,10,7,0,69.0,0.496,2
37,11,7,0,70.0,0.7857,1
37,12,7,0,74.0,0.754,1
37,13,7,0,73.5,0.8095,1
37,14,7,0,62.5,0.8095,1
37,15,8,0,6.0,0.3036,3
37,16,8,0,36.5,0.2143,4
37,17,8,0,35.0,0.6548,1
37,18,8,0,47.0,0.5685,1
37,19,8,0,67.0,0.6488,1
37,20,9,0,75.5,0.7269,1
37,21,9,0,65.0,0.6991,1
37,22,9,0,77.5,0.7639,1
37,23,9,0,72.0,0.8287,1
37,24,9,0,73.0,0.8194,1
37,25,10,0,88.0,0.7148,1
37,26,10,0,87.5,0.7185,1
37,27,10,0,83.0,0.7593,1
37,28,10,0,74.5,0.7444,1
37,29,10,0,83.0,0.7481,1
37,30,11,0,37.0,0.5985,1
37,31,11,0,62.0,0.7515,1
37,32,11,0,71.0,0.753,1
37,33,11,0,78.0,0.6485,1
37,34,11,0,77.5,0.7545,1
37,35,12,0,90.5,0.7222,1
37,36,12,0,79.5,0.6591,1
37,37,12,0,89.5,0.673,1
37,38,12,0,85.5,0.6944,1
37,39,12,0,84.0,0.7146,1
37,40,13,0,92.0,0.7158,1
37,41,13,0,91.5,0.7233,1
37,42,13,0,90.5,0.7265,1
37,43,13,0,90.5,0.7244,1
37,44,13,0,92.5,0.7137,1
37,45,14,0,58.0,0.381,2
37,46,14,0,66.5,0.4432,3
37,47,14,0,76.0,0.6905,1
37,48,14,0,81.5,0.5788,2
37,49,14,0,82.5,0.6474,1
37,50,15,0,85.5,0.6508,1
37,51,15,0,81.0,0.6278,1
37,52,14,1,79.5,0.6627,1
37,53,14,1,88.0,0.6584,1
37,54,12,3,88.0,0.6896,1
37,55,13,3,87.5,0.5833,2
37,56,12,4,86.5,0.5577,2
37,57,12,4,82.5,0.7551,1
37,58,12,4,85.0,0.6869,1
37,59,11,5,91.0,0.6843,1
37,60,12,5,72.0,0.6364,1
37,61,10,7,64.0,0.5197,2
37,62,10,7,68.5,0.5389,2
37,63,10,7,76.0,0.7,1
37,64,10,7,79.5,0.6741,1
37,65,11,7,82.5,0.7424,1
37,66,10,8,86.5,0.7061,1
37,67,10,8,82.5,0.7741,1
37,68,10,8,69.0,0.6907,1
37,69,10,8,71.5,0.7167,1
37,70,11,8,88.0,0.7485,1
37,71,11,8,78.0,0.6682,1
37,72,10,9,79.0,0.6652,1
37,73,10,9,81.5,0.7333,1
37,74,10,9,85.0,0.7519,1
37,75,10,9,64.0,0.3963,2
38,0,5,0,0.0,1.0,2
38,1,5,0,20.5,0.3,3
38,2,5,0,44.0,0.55,2
38,3,5,0,59.0,0.6,2
38,4,5,0,51.5,0.7167,1
38,5,6,0,62.5,0.8333,1
38,6,6,0,60.5,0.8222,1
38,7,6,0,62.0,0.8222,1
38,8,6,0,72.5,0.8,1
38,9,6,0,72.0,0.7667,1
38,10,7,0,72.0,0.881,1
38,11,7,0,59.0,0.4921,2
38,12,7,0,49.5,0.7698,1
38,13,7,0,67.5,0.8333,1
38,14,7,0,58.0,0.8254,1
38,15,8,0,11.0,0.5095,1
38,16,8,0,26.0,0.5119,2
38,17,8,0,43.0,0.5357,2
38,18,8,0,34.5,0.7976,1
38,19,8,0,66.0,0.6905,1
38,20,9,0,62.0,0.7315,1
38,21,9,0,54.0,0.6991,1
38,22,9,0,73.5,0.8194,1
38,23,9,0,64.5,0.8194,1
38,24,9,0,66.5,0.8241,1
38,25,9,1,81.5,0.7917,1
38,26,9,1,71.0,0.7454,1
38,27,9,1,57.0,0.8194,1
38,28,9,1,72.0,0.75,1
38,29,9,1,69.0,0.713,1
38,30,10,1,55.0,0.3704,3
38,31,10,1,61.0,0.6407,2
38,32,10,1,64.0,0.7148,1
38,33,10,1,85.0,0.7407,1
38,34,10,1,83.5,0.7704,1
38,35,11,1,92.5,0.7485,1
38,36,11,1,89.0,0.6818,1
38,37,11,1,79.0,0.7818,1
38,38,11,1,90.5,0.7576,1
38,39,11,1,74.5,0.7273,1
38,40,12,1,91.5,0.6995,1
38,41,12,1,92.0,0.697,1
38,42,12,1,83.5,0.7348,1
38,43,12,1,78.5,0.7348,1
38,44,12,1,84.0,0.7399,1
38,45,13,1,48.5,0.3034,3
38,46,13,1,64.0,0.5406,2
38,47,13,1,83.0,0.5256,3
38,48,13,1,87.5,0.6571,1
38,49,13,1,82.5,0.75,1
38,50,14,1,89.5,0.6813,1
38,51,14,1,89.5,0.7051,1
38,52,14,1,93.5,0.6648,1
38,53,14,1,93.0,0.7179,1
38,54,13,2,93.0,0.6813,1
38,55,13,3,82.0,0.6389,2
38,56,13,3,89.0,0.6197,2
38,57,12,4,88.0,0.6474,2
38,58,11,5,76.0,0.6061,2
38,59,10,6,82.5,0.6939,1
38,60,11,6,91.0,0.6303,1
38,61,10,7,76.0,0.6333,2
38,62,10,7,74.5,0.737,1
38,63,10,7,79.5,0.7667,1
38,64,10,7,83.0,0.7259,1
38,65,11,7,90.0,0.7333,1
38,66,10,8,74.0,0.7727,1
38,67,10,8,77.0,0.7074,1
38,68,10,8,78.0,0.5852,2
38,69,10,8,78.0,0.6815,1
38,70,11,8,85.5,0.6515,1
38,71,10,9,86.5,0.7091,1
38,72,10,9,79.5,0.7037,1
38,73,10,9,77.0,0.6648,1
38,74,10,9,86.5,0.6852,1
38,75,10,9,79.0,0.7741,1
39,0,5,0,27.5,1.0,2
39,1,5,0,37.5,0.25,3
39,2,5,0,43.0,0.6,2
39,3,5,0,58.5,0.55,2
39,4,5,0,49.0,0.55,2
39,5,6,0,41.5,0.4,3
39,6,6,0,58.5,0.6667,1
39,7,6,0,53.0,0.5222,2
39,8,6,0,52.0,0.4889,2
39,9,6,0,51.5,0.8333,1
39,10,7,0,68.0,0.7143,1
39,11,7,0,69.0,0.627,1
39,12,7,0,67.0,0.6706,1
39,13,7,0,78.5,0.746,1
39,14,7,0,59.5,0.7698,1
39,15,8,0,14.5,0.5357,2
39,16,8,0,22.5,0.2321,3
39,17,8,0,34.0,0.6548,1
39,18,8,0,36.5,0.4881,2
39,19,8,0,49.5,0.5179,2
39,20,9,0,45.5,0.4167,2
39,21,9,0,59.5,0.3981,3
39,22,9,0,69.0,0.5,3
39,23,9,0,69.0,0.6019,2
39,24,9,0,68.5,0.5694,2
39,25,10,0,76.0,0.6222,2
39,26,10,0,75.5,0.7407,1
39,27,10,0,72.5,0.5926,2
39,28,10,0,76.5,0.7852,1
39,29,10,0,87.0,0.7481,1
39,30,11,0,48.0,0.5864,1
39,31,11,0,58.0,0.6939,1
39,32,11,0,70.5,0.6348,1
39,33,11,0,76.5,0.6203,1
39,34,11,0,89.5,0.6712,1
39,35,12,0,82.5,0.7121,1
39,36,12,0,81.0,0.7045,1
39,37,12,0,78.5,0.7626,1
39,38,12,0,82.5,0.7121,1
39,39,12,0,90.0,0.6768,1
39,40,13,0,90.0,0.6677,1
39,41,13,0,92.5,0.6368,1
39,42,13,0,93.5,0.7073,1
39,43,13,0,91.0,0.7019,1
39,44,13,0,84.0,0.7009,1
39,45,14,0,45.5,0.4505,2
39,46,14,0,53.0,0.5526,1
39,47,14,0,81.0,0.4952,2
39,48,14,0,81.5,0.5824,1
39,49,14,0,87.0,0.6996,1
39,50,15,0,87.0,0.6262,1
39,51,14,1,88.0,0.619,1
39,52,12,3,84.5,0.6218,1
39,53,11,4,85.0,0.6111,2
39,54,10,5,85.0,0.6394,2
39,55,11,5,75.0,0.7152,1
39,56,10,6,84.0,0.6606,1
39,57,10,6,81.5,0.6093,1
39,58,10,6,72.5,0.6815,1
39,59,10,6,75.5,0.6481,1
39,60,11,6,82.0,0.5955,1
39,61,11,6,74.0,0.6394,1
39,62,10,7,63.0,0.697,1
39,63,10,7,60.0,0.6926,1
39,64,10,7,68.0,0.6926,1
39,65,11,7,72.5,0.4818,2
39,66,11,7,85.5,0.5924,1
39,67,11,7,90.0,0.7136,1
39,68,11,7,73.5,0.4197,3
39,69,11,7,84.5,0.6606,1
39,70,12,7,76.0,0.5631,2
39,71,11,8,83.0,0.5833,2
39,72,11,8,75.5,0.6652,1
39,73,10,9,88.0,0.7182,1
39,74,10,9,84.5,0.7667,1
39,75,10,9,85.5,0.6741,1
40,0,5,0,39.5,1.0,2
40,1,5,0,34.5,0.85,1
40,2,5,0,55.0,0.85,1
40,3,5,0,50.5,0.7333,1
40,4,5,0,48.5,1.0,1
40,5,6,0,59.5,0.7,1
40,6,6,0,59.5,0.8667,1
40,7,6,0,56.0,0.8667,1
40,8,6,0,46.0,0.6,2
40,9,6,0,65.5,0.8667,1
40,10,7,0,73.0,0.9286,1
40,11,7,0,71.5,0.7381,1
40,12,7,0,67.5,0.7857,1
40,13,7,0,73.5,0.7302,1
40,14,7,0,71.5,0.8016,1
40,15,8,0,4.0,0.5619,1
40,16,8,0,22.5,0.4226,3
40,17,8,0,24.5,0.503,2
40,18,8,0,39.5,0.75,1
40,19,8,0,42.0,0.6845,1
40,20,9,0,54.5,0.7639,1
40,21,9,0,66.0,0.7639,1
40,22,9,0,66.5,0.8333,1
40,23,9,0,71.0,0.8611,1
40,24,9,0,74.0,0.6759,1
40,25,10,0,76.5,0.7148,1
40,26,10,0,68.5,0.7407,1
40,27,10,0,75.5,0.7111,1
40,28,10,0,71.0,0.6963,1
40,29,10,0,76.0,0.7037,1
40,30,11,0,46.5,0.5561,2
40,31,11,0,62.5,0.7121,1
40,32,11,0,84.5,0.597,2
40,33,11,0,82.0,0.597,2
40,34,11,0,86.5,0.7333,1
40,35,12,0,91.5,0.7045,1
40,36,12,0,92.0,0.7424,1
40,37,12,0,86.0,0.7121,1
40,38,12,0,85.0,0.7551,1
40,39,12,0,90.5,0.6566,1
40,40,13,0,82.5,0.6688,1
40,41,13,0,92.0,0.7372,1
40,42,13,0,85.0,0.7137,1
40,43,13,0,91.5,0.7265,1
40,44,13,0,94.5,0.7885,1
40,45,14,0,35.5,0.5749,1
40,46,14,0,79.0,0.585,1
40,47,14,0,87.0,0.7015,1
40,48,14,0,89.5,0.6227,1
40,49,14,0,84.5,0.6722,1
40,50,15,0,92.5,0.6444,1
40,51,15,0,90.5,0.604,2
40,52,15,0,94.0,0.6178,1
40,53,12,3,89.5,0.696,1
40,54,12,3,84.5,0.7652,1
40,55,12,4,86.0,0.7372,1
40,56,12,4,87.5,0.6654,1
40,57,12,4,81.0,0.7247,1
40,58,11,5,74.5,0.7525,1
40,59,11,5,71.5,0.647,1
40,60,11,6,74.0,0.577,2
40,61,11,6,78.5,0.7242,1
40,62,11,6,86.5,0.7212,1
40,63,10,7,84.5,0.7242,1
40,64,10,7,79.0,0.7444,1
40,65,11,7,75.0,0.8,1
40,66,11,7,72.5,0.8364,1
40,67,11,7,66.0,0.7697,1
40,68,10,8,81.0,0.8091,1
40,69,10,8,78.5,0.6907,1
40,70,11,8,80.5,0.6894,1
40,71,11,8,86.0,0.6818,1
40,72,11,8,82.5,0.6667,1
40,73,11,8,81.5,0.6758,1
40,74,11,8,85.5,0.7152,1
40,75,10,9,85.5,0.7333,1
41,0,5,0,10.5,1.0,1
41,1,5,0,31.0,0.5,2
41,2,5,0,49.5,0.45,2
41,3,5,0,59.0,0.5,2
41,4,5,0,62.5,0.7333,1
41,5,6,0,60.5,0.65,1
41,6,6,0,59.5,0.8333,1
41,7,6,0,69.5,0.7667,1
41,8,6,0,56.0,0.7222,1
41,9,6,0,63.5,0.9,1
41,10,7,0,63.0,0.7262,1
41,11,7,0,59.0,0.5397,2
41,12,7,0,56.0,0.6429,2
41,13,7,0,69.0,0.8095,1
41,14,7,0,74.5,0.8016,1
41,15,8,0,19.0,0.375,2
41,16,8,0,29.5,0.1786,4
41,17,8,0,29.0,0.4881,2
41,18,8,0,55.5,0.7619,1
41,19,8,0,54.5,0.8155,1
41,20,9,0,68.5,0.7685,1
41,21,9,0,69.5,0.7361,1
41,22,9,0,75.5,0.7824,1
41,23,9,0,78.0,0.7546,1
41,24,9,0,72.0,0.8333,1
41,25,10,0,82.0,0.7111,1
41,26,10,0,71.0,0.6889,1
41,27,10,0,65.0,0.6963,1
41,28,10,0,74.0,0.7815,1
41,29,10,0,83.5,0.7296,1
41,30,11,0,51.0,0.6515,1
41,31,11,0,70.0,0.6,2
41,32,11,0,85.5,0.6364,1
41,33,11,0,84.0,0.6424,1
41,34,11,0,86.0,0.6939,1
41,35,12,0,79.0,0.5624,1
41,36,12,0,82.0,0.673,1
41,37,12,0,82.0,0.6919,1
41,38,12,0,86.5,0.5821,2
41,39,12,0,81.0,0.678,1
41,40,13,0,87.5,0.6966,1
41,41,13,0,92.0,0.7115,1
41,42,13,0,91.0,0.7265,1
41,43,13,0,87.5,0.688,1
41,44,13,0,79.0,0.7457,1
41,45,14,0,45.0,0.4201,3
41,46,14,0,61.5,0.3441,3
41,47,14,0,63.5,0.5238,2
41,48,14,0,85.0,0.5458,2
41,49,14,0,82.5,0.526,2
41,50,15,0,94.5,0.6667,1
41,51,15,0,83.5,0.6817,1
41,52,14,1,86.5,0.6929,1
41,53,14,1,88.0,0.6978,1
41,54,13,2,88.5,0.6941,1
41,55,12,4,85.5,0.6648,1
41,56,12,4,83.5,0.6641,1
41,57,11,5,89.5,0.6288,1
41,58,11,5,82.5,0.6515,1
41,59,10,6,73.5,0.6667,1
41,60,11,6,74.0,0.647,1
41,61,11,6,61.5,0.5364,2
41,62,11,6,74.0,0.7788,1
41,63,10,7,88.0,0.6879,1
41,64,10,7,84.0,0.7444,1
41,65,11,7,74.0,0.7606,1
41,66,11,7,88.0,0.7333,1
41,67,11,7,79.0,0.7879,1
41,68,11,7,82.0,0.7152,1
41,69,11,7,83.5,0.6652,1
41,70,12,7,79.0,0.6351,1
41,71,12,7,69.5,0.6591,1
41,72,10,9,81.5,0.7455,1
41,73,10,9,78.5,0.6556,1
41,74,9,10,78.5,0.7185,1
41,75,9,10,59.0,0.662,1
42,0,5,0,21.5,1.0,2
42,1,5,0,25.5,0.1,4
42,2,5,0,40.0,0.1,4
42,3,5,0,48.5,0.9,1
42,4,5,0,49.0,0.9,1
42,5,6,0,53.0,0.5667,2
42,6,6,0,60.0,0.8,1
42,7,6,0,55.5,0.7556,1
42,8,6,0,66.5,0.8333,1
42,9,6,0,56.0,0.7,1
42,10,7,0,75.0,0.8571,1
42,11,7,0,70.5,0.6706,1
42,12,7,0,63.5,0.7857,1
42,13,7,0,64.5,0.881,1
42,14,7,0,71.5,0.7024,1
42,15,8,0,0.0,0.6607,2
42,16,8,0,5.0,0.3107,3
42,17,8,0,33.0,0.3988,3
42,18,8,0,37.5,0.6607,2
42,19,8,0,57.5,0.8214,1
42,20,9,0,61.5,0.6111,2
42,21,9,0,64.0,0.6005,1
42,22,9,0,64.5,0.5648,2
42,23,9,0,59.5,0.5139,2
42,24,9,0,67.5,0.662,1
42,25,10,0,67.5,0.5222,2
42,26,10,0,73.5,0.7704,1
42,27,10,0,78.0,0.7056,1
42,28,10,0,76.5,0.7852,1
42,29,10,0,89.5,0.7222,1
42,30,11,0,62.5,0.303,3
42,31,11,0,65.0,0.5515,2
42,32,11,0,72.0,0.6394,2
42,33,11,0,82.5,0.6061,2
42,34,11,0,79.5,0.6727,1
42,35,12,0,80.0,0.5429,2
42,36,12,0,85.5,0.6389,2
42,37,12,0,94.0,0.6869,1
42,38,12,0,83.5,0.7247,1
42,39,12,0,79.5,0.7374,1
42,40,13,0,91.5,0.7436,1
42,41,13,0,89.0,0.6068,1
42,42,13,0,95.5,0.7543,1
42,43,13,0,89.5,0.6966,1
42,44,13,0,91.0,0.6538,1
42,45,14,0,50.5,0.3443,2
42,46,14,0,57.0,0.4707,2
42,47,14,0,73.5,0.5132,2
42,48,14,0,60.0,0.6154,1
42,49,14,0,67.5,0.6575,1
42,50,15,0,86.0,0.6183,1
42,51,15,0,80.5,0.6429,2
42,52,15,0,82.0,0.7063,1
42,53,13,2,94.5,0.6683,1
42,54,12,3,83.5,0.6774,1
42,55,11,5,90.0,0.7244,1
42,56,11,5,80.0,0.6788,1
42,57,11,5,79.0,0.6788,1
42,58,10,6,78.0,0.7273,1
42,59,10,6,83.5,0.7889,1
42,60,11,6,59.0,0.4818,2
42,61,11,6,83.0,0.6385,1
42,62,11,6,78.0,0.7424,1
42,63,10,7,94.5,0.6212,2
42,64,10,7,85.5,0.6037,2
42,65,11,7,87.5,0.6818,1
42,66,11,7,83.5,0.6545,2
42,67,11,7,86.5,0.6333,2
42,68,11,7,92.5,0.6,2
42,69,9,9,90.5,0.7045,1
42,70,10,9,66.5,0.6704,1
42,71,10,9,72.5,0.7315,1
42,72,10,9,75.5,0.8074,1
42,73,10,9,82.0,0.6759,1
42,74,10,9,77.5,0.7037,1
42,75,10,9,87.5,0.7222,1
43,0,5,0,16.5,1.0,1
43,1,5,0,34.5,0.55,2
43,2,5,0,32.5,0.55,2
43,3,5,0,35.5,0.7833,1
43,4,5,0,46.0,0.85,1
43,5,6,0,49.0,0.7333,1
43,6,6,0,61.5,0.6556,1
43,7,6,0,69.5,0.7333,1
43,8,6,0,65.5,0.7111,1
43,9,6,0,73.5,0.8667,1
43,10,7,0,64.0,0.7143,1
43,11,7,0,66.5,0.8333,1
43,12,7,0,60.5,0.8333,1
43,13,7,0,67.5,0.8333,1
43,14,7,0,72.0,0.7222,1
43,15,8,0,5.0,0.2857,3
43,16,8,0,16.5,0.2143,4
43,17,8,0,28.0,0.2857,3
43,18,8,0,30.0,0.5119,2
43,19,8,0,36.5,0.5417,2
43,20,9,0,50.5,0.2917,3
43,21,9,0,58.5,0.5833,1
43,22,9,0,54.5,0.75,1
43,23,9,0,59.5,0.6181,1
43,24,9,0,65.5,0.6921,1
43,25,10,0,71.0,0.5315,2
43,26,10,0,84.5,0.6333,2
43,27,10,0,75.0,0.6444,1
43,28,10,0,85.5,0.7111,1
43,29,10,0,92.5,0.7593,1
43,30,11,0,36.5,0.52,1
43,31,11,0,61.5,0.6242,1
43,32,11,0,71.0,0.6067,1
43,33,11,0,72.0,0.4697,2
43,34,11,0,92.5,0.7515,1
43,35,12,0,77.5,0.6818,1
43,36,12,0,75.5,0.6162,2
43,37,12,0,81.0,0.7197,1
43,38,12,0,90.5,0.6869,1
43,39,12,0,87.5,0.7525,1
43,40,13,0,96.5,0.6987,1
43,41,13,0,89.5,0.6976,1
43,42,13,0,91.5,0.6378,1
43,43,13,0,97.0,0.7201,1
43,44,13,0,89.5,0.6774,1
43,45,14,0,40.5,0.5778,1
43,46,14,0,71.5,0.543,2
43,47,14,0,84.5,0.5672,2
43,48,14,0,94.0,0.6026,2
43,49,14,0,83.5,0.6905,1
43,50,15,0,92.0,0.6873,1
43,51,15,0,87.0,0.6952,1
43,52,13,2,85.5,0.6937,1
43,53,12,3,88.5,0.7073,1
43,54,12,3,77.0,0.702,1
43,55,13,3,85.0,0.6667,1
43,56,12,4,89.5,0.6453,1
43,57,11,5,83.5,0.6818,1
43,58,11,5,85.5,0.6697,1
43,59,11,5,84.0,0.7212,1
43,60,12,5,64.5,0.475,2
43,61,11,6,70.5,0.6717,1
43,62,11,6,68.0,0.703,1
43,63,11,6,79.5,0.7364,1
43,64,11,6,78.5,0.6455,1
43,65,12,6,80.5,0.6338,1
43,66,12,6,82.0,0.6793,1
43,67,11,7,86.5,0.6667,1
43,68,11,7,79.0,0.647,1
43,69,11,7,69.5,0.6788,1
43,70,12,7,81.0,0.6742,1
43,71,11,8,91.5,0.6515,1
43,72,11,8,68.0,0.5955,1
43,73,11,8,73.0,0.5658,1
43,74,10,9,72.0,0.6848,1
43,75,10,9,67.5,0.6667,1
44,0,5,0,3.0,1.0,2
44,1,5,0,48.5,0.7167,1
44,2,5,0,50.5,0.35,2
44,3,5,0,62.0,0.7833,1
44,4,5,0,50.0,0.85,1
44,5,6,0,60.5,0.8333,1
44,6,6,0,69.0,0.8,1
44,7,6,0,62.5,0.7444,1
44,8,6,0,52.0,0.6333,1
44,9,6,0,68.5,0.7111,1
44,10,7,0,65.5,0.6825,1
44,11,7,0,76.5,0.6349,1
44,12,7,0,60.0,0.619,2
44,13,7,0,67.0,0.8571,1
44,14,7,0,73.0,0.8333,1
44,15,8,0,3.0,0.6458,1
44,16,8,0,8.5,0.5774,2
44,17,8,0,17.5,0.7262,1
44,18,8,0,20.5,0.5,2
44,19,8,0,54.5,0.6113,1
44,20,8,1,48.5,0.4464,3
44,21,8,1,62.5,0.7202,1
44,22,8,1,71.0,0.5548,1
44,23,8,1,75.5,0.6071,2
44,24,8,1,70.0,0.9107,1
44,25,9,1,84.5,0.6806,1
44,26,9,1,77.0,0.6551,1
44,27,9,1,70.0,0.7685,1
44,28,9,1,82.5,0.8056,1
44,29,9,1,81.5,0.7824,1
44,30,10,1,37.5,0.5407,2
44,31,10,1,66.0,0.5467,1
44,32,10,1,72.5,0.7444,1
44,33,10,1,82.5,0.6722,1
44,34,10,1,77.0,0.7444,1
44,35,11,1,85.5,0.6273,2
44,36,11,1,85.5,0.6652,1
44,37,11,1,86.0,0.5727,2
44,38,11,1,79.5,0.6485,1
44,39,11,1,76.0,0.7045,1
44,40,12,1,82.0,0.6742,1
44,41,12,1,77.0,0.5927,1
44,42,12,1,78.5,0.6503,1
44,43,12,1,83.5,0.6907,1
44,44,12,1,86.5,0.6591,1
44,45,13,1,42.5,0.481,2
44,46,13,1,56.5,0.5194,2
44,47,13,1,70.0,0.703,1
44,48,13,1,75.5,0.61,1
44,49,13,1,73.0,0.6902,1
44,50,14,1,92.0,0.6694,1
44,51,14,1,93.5,0.7198,1
44,52,14,1,94.0,0.6566,1
44,53,13,2,98.0,0.6786,1
44,54,12,3,92.0,0.6838,1
44,55,12,4,98.5,0.6731,1
44,56,12,4,85.5,0.7197,1
44,57,12,4,93.5,0.6793,1
44,58,11,5,90.0,0.7601,1
44,59,11,5,79.0,0.7515,1
44,60,12,5,65.0,0.5896,2
44,61,11,6,68.5,0.5889,1
44,62,11,6,83.0,0.6061,2
44,63,11,6,84.0,0.6303,2
44,64,11,6,81.5,0.6394,1
44,65,12,6,83.5,0.7424,1
44,66,11,7,76.0,0.6338,2
44,67,11,7,70.5,0.6567,1
44,68,11,7,81.0,0.6879,1
44,69,10,8,77.5,0.6864,1
44,70,11,8,85.0,0.6939,1
44,71,11,8,89.0,0.7091,1
44,72,11,8,84.5,0.7818,1
44,73,11,8,79.5,0.7455,1
44,74,10,9,96.0,0.7,1
44,75,10,9,65.5,0.7019,1
45,0,5,0,31.0,1.0,2
45,1,5,0,53.5,0.4333,2
45,2,5,0,51.0,0.45,2
45,3,5,0,60.5,0.6,2
45,4,5,0,54.0,0.95,1
45,5,6,0,63.5,0.8333,1
45,6,6,0,63.5,0.9,1
45,7,6,0,69.0,0.7111,1
45,8,6,0,61.0,0.9333,1
45,9,6,0,71.5,0.7111,1
45,10,7,0,71.0,0.8333,1
45,11,7,0,57.5,0.881,1
45,12,7,0,64.5,0.8571,1
45,13,7,0,57.0,1.0,1
45,14,7,0,69.0,0.8333,1
45,15,8,0,5.5,0.5917,1
45,16,8,0,28.0,0.3452,2
45,17,8,0,28.0,0.3571,3
45,18,8,0,38.0,0.4107,3
45,19,8,0,49.5,0.4464,3
45,20,9,0,49.0,0.6551,1
45,21,9,0,52.0,0.6852,1
45,22,9,0,59.0,0.7593,1
45,23,9,0,61.5,0.8611,1
45,24,9,0,58.0,0.7685,1
45,25,10,0,68.5,0.7222,1
45,26,10,0,79.0,0.7704,1
45,27,10,0,70.0,0.5556,2
45,28,10,0,82.5,0.7074,1
45,29,10,0,85.0,0.8074,1
45,30,11,0,43.5,0.6727,1
45,31,11,0,59.0,0.6848,1
45,32,11,0,70.0,0.5939,2
45,33,11,0,73.5,0.7091,1
45,34,11,0,83.5,0.5879,2
45,35,12,0,86.5,0.5808,2
45,36,12,0,80.5,0.601,2
45,37,12,0,85.0,0.5821,2
45,38,11,1,82.5,0.6424,2
45,39,11,1,82.5,0.6758,1
45,40,12,1,87.0,0.7374,1
45,41,12,1,83.5,0.7904,1
45,42,12,1,84.5,0.7008,1
45,43,12,1,88.5,0.7828,1
45,44,12,1,82.5,0.6376,1
45,45,13,1,27.5,0.5041,2
45,46,13,1,54.5,0.4165,2
45,47,13,1,76.5,0.4017,2
45,48,13,1,78.5,0.5237,2
45,49,13,1,79.5,0.6709,1
45,50,14,1,89.5,0.6081,2
45,51,13,2,80.0,0.6236,2
45,52,13,2,83.0,0.6325,2
45,53,12,3,92.0,0.688,1
45,54,12,3,89.0,0.7045,1
45,55,10,6,91.5,0.7201,1
45,56,10,6,84.5,0.7593,1
45,57,10,6,83.5,0.6778,1
45,58,10,6,78.5,0.7037,1
45,59,10,6,87.5,0.6889,1
45,60,11,6,68.0,0.5921,1
45,61,11,6,75.5,0.5861,1
45,62,11,6,73.5,0.6179,1
45,63,11,6,74.5,0.5906,1
45,64,11,6,80.5,0.7152,1
45,65,12,6,77.0,0.6982,1
45,66,12,6,82.0,0.6515,1
45,67,11,7,89.5,0.6528,1
45,68,11,7,78.5,0.6788,1
45,69,10,8,79.5,0.6012,1
45,70,11,8,74.0,0.5561,2
45,71,11,8,88.5,0.6424,1
45,72,11,8,77.5,0.6424,1
45,73,10,9,82.0,0.6467,1
45,74,10,9,79.0,0.6333,2
45,75,10,9,87.5,0.7259,1
46,0,5,0,47.0,1.0,1
46,1,5,0,62.5,0.9,1
46,2,5,0,57.0,0.9,1
46,3,5,0,56.5,0.85,1
46,4,5,0,54.5,0.9,1
46,5,6,0,61.5,0.9,1
46,6,6,0,62.0,0.8333,1
46,7,6,0,59.5,0.4333,2
46,8,6,0,60.5,0.6,2
46,9,6,0,68.0,0.8,1
46,10,7,0,58.5,0.4048,3
46,11,7,0,68.0,0.619,2
46,12,7,0,63.0,0.6667,1
46,13,7,0,72.5,0.8095,1
46,14,7,0,76.5,0.7024,1
46,15,8,0,15.5,0.5119,2
46,16,8,0,40.5,0.5536,2
46,17,8,0,32.5,0.3988,3
46,18,8,0,47.5,0.5417,2
46,19,8,0,50.5,0.4643,3
46,20,9,0,53.5,0.4815,2
46,21,9,0,43.5,0.4167,3
46,22,9,0,54.0,0.375,4
46,23,9,0,61.0,0.4755,2
46,24,9,0,59.0,0.6852,1
46,25,10,0,61.5,0.5759,2
46,26,10,0,69.0,0.6537,1
46,27,10,0,79.0,0.55,2
46,28,10,0,79.5,0.623,1
46,29,10,0,75.5,0.6,2
46,30,11,0,35.0,0.4915,2
46,31,11,0,66.5,0.4818,3
46,32,11,0,64.5,0.7091,1
46,33,11,0,85.5,0.6515,1
46,34,11,0,80.0,0.5991,1
46,35,12,0,80.5,0.5859,2
46,36,12,0,88.5,0.6919,1
46,37,12,0,92.5,0.7374,1
46,38,12,0,86.0,0.7247,1
46,39,12,0,77.5,0.7298,1
46,40,13,0,81.0,0.6464,1
46,41,13,0,82.5,0.6709,1
46,42,12,1,87.0,0.6717,1
46,43,12,1,77.0,0.626,1
46,44,12,1,85.5,0.654,1
46,45,13,1,33.0,0.5524,2
46,46,13,1,55.5,0.515,2
46,47,13,1,80.5,0.4893,2
46,48,13,1,82.5,0.6528,1
46,49,13,1,84.0,0.6432,1
46,50,14,1,94.0,0.6236,1
46,51,14,1,89.0,0.6603,1
46,52,12,3,89.5,0.6355,1
46,53,11,4,85.5,0.6667,1
46,54,11,4,82.0,0.6636,1
46,55,10,6,79.5,0.7626,1
46,56,9,7,69.0,0.7519,1
46,57,9,7,79.0,0.7917,1
46,58,9,7,80.0,0.7037,1
46,59,9,7,80.0,0.7315,1
46,60,9,8,55.0,0.7245,1
46,61,9,8,69.0,0.8194,1
46,62,8,9,75.0,0.8333,1
46,63,8,9,86.5,0.8036,1
46,64,8,9,77.0,0.7917,1
46,65,9,9,94.0,0.7917,1
46,66,9,9,73.0,0.7315,1
46,67,9,9,81.5,0.7685,1
46,68,9,9,84.0,0.7361,1
46,69,9,9,86.0,0.6111,2
46,70,10,9,78.0,0.6556,2
46,71,10,9,88.0,0.6185,2
46,72,10,9,90.5,0.7167,1
46,73,10,9,86.5,0.7407,1
46,74,9,10,89.0,0.6333,2
46,75,9,10,67.0,0.713,1
47,0,5,0,0.0,1.0,2
47,1,5,0,28.5,0.4333,2
47,2,5,0,40.0,0.55,2
47,3,5,0,48.5,0.5,2
47,4,5,0,53.5,0.7333,1
47,5,6,0,57.5,0.8333,1
47,6,6,0,55.5,0.9667,1
47,7,6,0,69.0,0.6833,1
47,8,6,0,62.5,0.7333,1
47,9,6,0,56.0,0.9,1
47,10,7,0,64.0,0.746,1
47,11,7,0,66.0,0.9524,1
47,12,7,0,72.5,0.8016,1
47,13,7,0,75.0,0.7857,1
47,14,7,0,76.0,0.746,1
47,15,8,0,17.5,0.7321,1
47,16,8,0,33.0,0.6845,1
47,17,8,0,37.0,0.6667,1
47,18,8,0,47.5,0.2798,4
47,19,8,0,54.0,0.5333,1
47,20,9,0,52.5,0.669,1
47,21,9,0,66.5,0.8194,1
47,22,9,0,79.5,0.787,1
47,23,9,0,74.0,0.7824,1
47,24,9,0,84.0,0.7361,1
47,25,10,0,88.5,0.6815,1
47,26,10,0,68.0,0.6926,1
47,27,10,0,70.5,0.7519,1
47,28,10,0,78.0,0.6778,1
47,29,10,0,77.5,0.8333,1
47,30,11,0,39.0,0.6303,1
47,31,11,0,67.0,0.5667,2
47,32,11,0,69.5,0.5727,2
47,33,11,0,85.0,0.6727,1
47,34,11,0,81.0,0.5576,2
47,35,12,0,85.5,0.7273,1
47,36,12,0,87.0,0.6591,1
47,37,12,0,83.0,0.6881,1
47,38,11,1,89.5,0.6985,1
47,39,11,1,79.5,0.6682,1
47,40,12,1,87.0,0.6843,1
47,41,12,1,91.5,0.6654,1
47,42,12,1,85.0,0.7525,1
47,43,12,1,91.5,0.7045,1
47,44,12,1,94.0,0.6742,1
47,45,13,1,35.5,0.3761,2
47,46,13,1,48.5,0.5662,1
47,47,13,1,74.0,0.4449,3
47,48,13,1,72.5,0.5759,2
47,49,13,1,76.0,0.5288,2
47,50,14,1,90.0,0.4835,2
47,51,14,1,89.5,0.6786,1
47,52,14,1,94.0,0.6923,2
47,53,14,1,94.5,0.6566,1
47,54,12,3,85.0,0.6648,1
47,55,13,3,85.5,0.6115,1
47,56,11,5,87.5,0.6421,1
47,57,11,5,73.5,0.6242,1
47,58,10,6,74.0,0.7545,1
47,59,10,6,75.0,0.7222,1
47,60,11,6,66.5,0.4052,2
47,61,11,6,77.0,0.5348,2
47,62,10,7,79.5,0.5576,2
47,63,10,7,64.0,0.6593,1
47,64,10,7,76.0,0.7,1
47,65,11,7,71.5,0.7545,1
47,66,11,7,77.5,0.7182,1
47,67,10,8,76.5,0.7045,1
47,68,10,8,82.5,0.7185,1
47,69,10,8,86.0,0.7556,1
47,70,11,8,72.0,0.7182,1
47,71,11,8,76.5,0.6606,1
47,72,11,8,78.0,0.6152,2
47,73,11,8,82.5,0.697,1
47,74,11,8,73.5,0.5894,2
47,75,11,8,69.5,0.7091,1
48,0,5,0,14.5,1.0,2
48,1,5,0,37.5,0.85,1
48,2,5,0,49.0,0.85,1
48,3,5,0,59.0,0.7333,1
48,4,5,0,49.5,0.4,2
48,5,6,0,63.0,0.4889,2
48,6,6,0,59.0,0.7111,1
48,7,6,0,57.0,0.7556,1
48,8,6,0,65.5,0.7889,1
48,9,6,0,59.5,0.7444,1
48,10,7,0,67.0,0.6905,1
48,11,7,0,61.0,0.4524,2
48,12,7,0,58.5,0.6429,2
48,13,7,0,64.5,0.7698,1
48,14,7,0,79.5,0.8095,1
48,15,8,0,6.5,0.503,2
48,16,8,0,20.5,0.1071,5
48,17,8,0,38.0,0.375,2
48,18,8,0,46.5,0.6429,1
48,19,8,0,39.5,0.7173,1
48,20,9,0,51.0,0.6019,2
48,21,9,0,59.0,0.7917,1
48,22,9,0,55.5,0.8194,1
48,23,9,0,55.0,0.7361,1
48,24,9,0,54.0,0.8194,1
48,25,10,0,79.0,0.7074,1
48,26,9,1,67.5,0.6852,1
48,27,9,1,69.0,0.5787,2
48,28,9,1,71.5,0.7083,1
48,29,9,1,69.0,0.713,1
48,30,10,1,65.0,0.6,2
48,31,10,1,71.0,0.7556,1
48,32,10,1,69.0,0.6704,1
48,33,10,1,81.5,0.7481,1
48,34,10,1,79.0,0.7667,1
48,35,11,1,88.5,0.6879,1
48,36,11,1,87.5,0.6773,1
48,37,11,1,86.5,0.7106,1
48,38,11,1,86.0,0.6939,1
48,39,11,1,73.0,0.6255,1
48,40,12,1,87.0,0.5366,2
48,41,12,1,93.0,0.5808,2
48,42,12,1,83.0,0.5934,2
48,43,12,1,80.5,0.6793,1
48,44,12,1,77.5,0.6907,1
48,45,13,1,57.0,0.3162,2
48,46,13,1,62.5,0.5573,1
48,47,13,1,71.5,0.5368,2
48,48,13,1,86.5,0.5265,2
48,49,13,1,77.0,0.572,2
48,50,13,2,90.5,0.6126,1
48,51,12,3,86.0,0.7137,1
48,52,12,3,87.5,0.7374,1
48,53,11,4,87.5,0.7323,1
48,54,10,5,83.0,0.6909,1
48,55,11,5,80.0,0.6939,1
48,56,10,6,84.5,0.7259,1
48,57,10,6,84.5,0.7,1
48,58,10,6,85.0,0.7704,1
48,59,9,7,83.5,0.7296,1
48,60,10,7,66.0,0.587,2
48,61,10,7,80.5,0.6833,1
48,62,9,8,77.0,0.7333,1
48,63,9,8,80.5,0.6782,1
48,64,9,8,79.0,0.7454,1
48,65,10,8,92.5,0.7333,1
48,66,10,8,68.0,0.7407,1
48,67,10,8,78.0,0.7407,1
48,68,10,8,80.5,0.5444,2
48,69,9,9,80.0,0.713,1
48,70,10,9,71.0,0.6741,1
48,71,10,9,61.0,0.6563,1
48,72,10,9,71.0,0.5963,1
48,73,10,9,69.0,0.6704,1
48,74,10,9,71.0,0.6352,1
48,75,10,9,73.5,0.6759,1
49,0,5,0,21.0,1.0,2
49,1,5,0,41.5,0.1,4
49,2,5,0,62.5,0.6417,1
49,3,5,0,43.0,0.7833,1
49,4,5,0,48.0,0.85,1
49,5,6,0,52.5,0.9,1
49,6,6,0,62.5,0.9333,1
49,7,6,0,67.5,0.9,1
49,8,6,0,52.0,0.9,1
49,9,6,0,69.5,0.7667,1
49,10,7,0,71.5,0.881,1
49,11,7,0,66.5,0.6389,1
49,12,7,0,67.5,0.5635,2
49,13,7,0,63.5,0.8095,1
49,14,7,0,70.0,0.754,1
49,15,8,0,0.0,0.4167,3
49,16,8,0,12.0,0.5893,1
49,17,8,0,17.5,0.2857,3
49,18,8,0,25.5,0.2649,3
49,19,8,0,44.0,0.4345,2
49,20,9,0,47.5,0.463,3
49,21,9,0,52.0,0.625,2
49,22,9,0,60.0,0.7222,1
49,23,9,0,62.5,0.7199,1
49,24,9,0,68.0,0.6782,1
49,25,10,0,66.5,0.6,2
49,26,10,0,72.5,0.7778,1
49,27,10,0,76.0,0.7185,1
49,28,10,0,78.5,0.7741,1
49,29,10,0,76.0,0.7481,1
49,30,11,0,43.0,0.5727,2
49,31,11,0,58.0,0.7364,1
49,32,11,0,57.5,0.697,1
49,33,11,0,62.0,0.697,1
49,34,11,0,77.5,0.7061,1
49,35,12,0,89.5,0.6843,1
49,36,12,0,64.5,0.75,1
49,37,12,0,77.0,0.6944,1
49,38,12,0,93.0,0.6452,1
49,39,12,0,71.0,0.452,2
49,40,12,1,86.5,0.7348,1
49,41,12,1,89.5,0.7399,1
49,42,12,1,95.0,0.7197,1
49,43,12,1,78.0,0.7323,1
49,44,12,1,90.0,0.7247,1
49,45,13,1,45.0,0.4028,3
49,46,13,1,47.5,0.6603,1
49,47,13,1,75.0,0.6207,1
49,48,13,1,77.5,0.6271,1
49,49,13,1,77.0,0.6432,1
49,50,14,1,90.0,0.6282,1
49,51,10,5,87.0,0.6502,1
49,52,10,5,77.0,0.65,1
49,53,10,5,76.0,0.6926,1
49,54,9,6,79.0,0.687,1
49,55,10,6,72.0,0.6944,1
49,56,10,6,78.5,0.6963,1
49,57,10,6,86.0,0.7593,1
49,58,9,7,73.0,0.7111,1
49,59,9,7,72.5,0.6736,1
49,60,10,7,74.0,0.4889,2
49,61,10,7,68.0,0.6444,1
49,62,9,8,76.5,0.5963,2
49,63,9,8,77.0,0.6667,1
49,64,9,8,71.5,0.5417,2
49,65,10,8,82.0,0.6148,2
49,66,10,8,70.5,0.6796,1
49,67,9,9,77.0,0.6926,1
49,68,9,9,70.5,0.6505,1
49,69,9,9,69.0,0.706,1
49,70,10,9,63.5,0.7222,1
49,71,10,9,77.0,0.6481,1
49,72,9,10,73.5,0.6333,1
49,73,9,10,77.5,0.6481,1
49,74,9,10,74.0,0.7083,1
49,75,9,10,75.5,0.7083,1

